extract_timestamp|origin|destination|depart_date|best_price
2023-01-01 18:09:33.123456|JKTC|YIA|2023-01-01|535900.0
2023-01-01 18:19:28.123456|JKTC|YIA|2023-01-01|525900.0
2023-01-01 11:34:43.123456|JKTC|YIA|2023-01-01|525900.0
2023-01-02 20:19:50.123456|JKTC|YIA|2023-01-02|504100.0
2023-01-02 18:01:37.123456|JKTC|YIA|2023-01-02|514100.0
2023-01-03 17:00:33.123456|JKTC|YIA|2023-01-03|497500.0
2023-01-03 19:46:48.123456|JKTC|YIA|2023-01-03|497500.0
2023-01-04 13:35:08.123456|JKTC|YIA|2023-01-04|485000.0
2023-01-04 13:07:58.123456|JKTC|YIA|2023-01-04|485000.0
2023-01-04 09:06:44.123456|JKTC|YIA|2023-01-04|470000.0
2023-01-05 16:30:17.123456|JKTC|YIA|2023-01-05|528100.0
2023-01-05 14:30:55.123456|JKTC|YIA|2023-01-05|523100.0
2023-01-05 13:38:21.123456|JKTC|YIA|2023-01-05|533100.0
2023-01-05 10:19:50.123456|JKTC|YIA|2023-01-05|528100.0
2023-01-06 21:01:14.123456|JKTC|YIA|2023-01-06|557700.0
2023-01-06 10:02:03.123456|JKTC|YIA|2023-01-06|547700.0
2023-01-06 10:48:17.123456|JKTC|YIA|2023-01-06|547700.0
2023-01-07 20:45:06.123456|JKTC|YIA|2023-01-07|542400.0
2023-01-07 21:24:47.123456|JKTC|YIA|2023-01-07|537400.0
2023-01-07 16:12:31.123456|JKTC|YIA|2023-01-07|542400.0
2023-01-08 19:17:35.123456|JKTC|YIA|2023-01-08|568100.0
2023-01-08 21:03:41.123456|JKTC|YIA|2023-01-08|583100.0
2023-01-08 19:10:10.123456|JKTC|YIA|2023-01-08|568100.0
2023-01-09 20:38:08.123456|JKTC|YIA|2023-01-09|467700.0
2023-01-09 20:02:31.123456|JKTC|YIA|2023-01-09|457700.0
2023-01-10 10:24:21.123456|JKTC|YIA|2023-01-10|453200.0
2023-01-10 10:06:57.123456|JKTC|YIA|2023-01-10|458200.0
2023-01-10 17:11:48.123456|JKTC|YIA|2023-01-10|468200.0
2023-01-11 15:58:29.123456|JKTC|YIA|2023-01-11|477800.0
2023-01-11 20:31:08.123456|JKTC|YIA|2023-01-11|477800.0
2023-01-11 13:50:34.123456|JKTC|YIA|2023-01-11|482800.0
2023-01-11 10:16:11.123456|JKTC|YIA|2023-01-11|477800.0
2023-01-12 09:46:48.123456|JKTC|YIA|2023-01-12|499000.0
2023-01-12 09:49:58.123456|JKTC|YIA|2023-01-12|494000.0
2023-01-13 15:06:11.123456|JKTC|YIA|2023-01-13|542400.0
2023-01-13 13:53:52.123456|JKTC|YIA|2023-01-13|552400.0
2023-01-13 21:28:17.123456|JKTC|YIA|2023-01-13|552400.0
2023-01-14 14:36:05.123456|JKTC|YIA|2023-01-14|533700.0
2023-01-14 14:19:24.123456|JKTC|YIA|2023-01-14|533700.0
2023-01-14 16:55:31.123456|JKTC|YIA|2023-01-14|518700.0
2023-01-15 17:09:45.123456|JKTC|YIA|2023-01-15|509100.0
2023-01-15 18:13:20.123456|JKTC|YIA|2023-01-15|504100.0
2023-01-15 20:21:37.123456|JKTC|YIA|2023-01-15|509100.0
2023-01-16 12:26:53.123456|JKTC|YIA|2023-01-16|500100.0
2023-01-16 11:52:07.123456|JKTC|YIA|2023-01-16|510100.0
2023-01-16 16:06:25.123456|JKTC|YIA|2023-01-16|505100.0
2023-01-16 11:39:04.123456|JKTC|YIA|2023-01-16|510100.0
2023-01-17 14:13:33.123456|JKTC|YIA|2023-01-17|549700.0
2023-01-17 21:11:34.123456|JKTC|YIA|2023-01-17|549700.0
2023-01-18 20:00:41.123456|JKTC|YIA|2023-01-18|497800.0
2023-01-18 20:22:45.123456|JKTC|YIA|2023-01-18|492800.0
2023-01-18 10:38:42.123456|JKTC|YIA|2023-01-18|497800.0
2023-01-19 18:31:03.123456|JKTC|YIA|2023-01-19|494900.0
2023-01-19 10:28:03.123456|JKTC|YIA|2023-01-19|479900.0
2023-01-19 21:39:28.123456|JKTC|YIA|2023-01-19|489900.0
2023-01-20 15:05:48.123456|JKTC|YIA|2023-01-20|556500.0
2023-01-20 21:58:33.123456|JKTC|YIA|2023-01-20|566500.0
2023-01-20 12:32:45.123456|JKTC|YIA|2023-01-20|566500.0
2023-01-20 21:38:00.123456|JKTC|YIA|2023-01-20|561500.0
2023-01-21 15:57:53.123456|JKTC|YIA|2023-01-21|552900.0
2023-01-21 12:51:52.123456|JKTC|YIA|2023-01-21|547900.0
2023-01-21 20:50:24.123456|JKTC|YIA|2023-01-21|537900.0
2023-01-21 12:50:31.123456|JKTC|YIA|2023-01-21|542900.0
2023-01-22 18:18:57.123456|JKTC|YIA|2023-01-22|561000.0
2023-01-22 14:31:41.123456|JKTC|YIA|2023-01-22|566000.0
2023-01-22 18:23:12.123456|JKTC|YIA|2023-01-22|561000.0
2023-01-22 12:46:01.123456|JKTC|YIA|2023-01-22|561000.0
2023-01-23 20:32:45.123456|JKTC|YIA|2023-01-23|501200.0
2023-01-23 11:40:10.123456|JKTC|YIA|2023-01-23|506200.0
2023-01-24 16:01:38.123456|JKTC|YIA|2023-01-24|507200.0
2023-01-24 08:34:36.123456|JKTC|YIA|2023-01-24|502200.0
2023-01-25 10:51:19.123456|JKTC|YIA|2023-01-25|519000.0
2023-01-25 18:34:28.123456|JKTC|YIA|2023-01-25|519000.0
2023-01-25 13:00:11.123456|JKTC|YIA|2023-01-25|524000.0
2023-01-26 18:20:14.123456|JKTC|YIA|2023-01-26|532500.0
2023-01-26 14:36:54.123456|JKTC|YIA|2023-01-26|532500.0
2023-01-26 12:49:56.123456|JKTC|YIA|2023-01-26|537500.0
2023-01-27 19:27:11.123456|JKTC|YIA|2023-01-27|584400.0
2023-01-27 16:16:21.123456|JKTC|YIA|2023-01-27|584400.0
2023-01-27 16:23:20.123456|JKTC|YIA|2023-01-27|589400.0
2023-01-28 19:49:35.123456|JKTC|YIA|2023-01-28|642300.0
2023-01-28 21:57:16.123456|JKTC|YIA|2023-01-28|642300.0
2023-01-28 09:34:53.123456|JKTC|YIA|2023-01-28|642300.0
2023-01-28 15:08:14.123456|JKTC|YIA|2023-01-28|627300.0
2023-01-29 18:37:09.123456|JKTC|YIA|2023-01-29|596300.0
2023-01-29 15:36:00.123456|JKTC|YIA|2023-01-29|591300.0
2023-01-29 10:12:50.123456|JKTC|YIA|2023-01-29|591300.0
2023-01-30 14:11:49.123456|JKTC|YIA|2023-01-30|546200.0
2023-01-30 16:24:34.123456|JKTC|YIA|2023-01-30|556200.0
2023-01-30 12:54:27.123456|JKTC|YIA|2023-01-30|556200.0
2023-01-30 09:31:48.123456|JKTC|YIA|2023-01-30|546200.0
2023-01-31 14:44:05.123456|JKTC|YIA|2023-01-31|570600.0
2023-01-31 12:01:40.123456|JKTC|YIA|2023-01-31|570600.0
2023-02-01 16:10:50.123456|JKTC|YIA|2023-02-01|570800.0
2023-02-01 15:16:00.123456|JKTC|YIA|2023-02-01|575800.0
2023-02-01 20:32:42.123456|JKTC|YIA|2023-02-01|560800.0
2023-02-02 14:54:54.123456|JKTC|YIA|2023-02-02|513300.0
2023-02-02 09:04:39.123456|JKTC|YIA|2023-02-02|518300.0
2023-02-03 17:07:19.123456|JKTC|YIA|2023-02-03|623200.0
2023-02-03 11:08:15.123456|JKTC|YIA|2023-02-03|613200.0
2023-02-04 13:44:14.123456|JKTC|YIA|2023-02-04|626300.0
2023-02-04 20:05:53.123456|JKTC|YIA|2023-02-04|626300.0
2023-02-05 15:01:18.123456|JKTC|YIA|2023-02-05|604500.0
2023-02-05 20:12:40.123456|JKTC|YIA|2023-02-05|609500.0
2023-02-06 15:07:46.123456|JKTC|YIA|2023-02-06|518200.0
2023-02-06 16:11:55.123456|JKTC|YIA|2023-02-06|523200.0
2023-02-06 16:25:14.123456|JKTC|YIA|2023-02-06|528200.0
2023-02-07 12:31:33.123456|JKTC|YIA|2023-02-07|561700.0
2023-02-07 21:15:42.123456|JKTC|YIA|2023-02-07|556700.0
2023-02-07 19:11:27.123456|JKTC|YIA|2023-02-07|561700.0
2023-02-07 10:40:25.123456|JKTC|YIA|2023-02-07|546700.0
2023-02-08 17:14:02.123456|JKTC|YIA|2023-02-08|514300.0
2023-02-08 14:40:31.123456|JKTC|YIA|2023-02-08|519300.0
2023-02-08 14:43:25.123456|JKTC|YIA|2023-02-08|519300.0
2023-02-08 12:47:37.123456|JKTC|YIA|2023-02-08|504300.0
2023-02-09 09:37:12.123456|JKTC|YIA|2023-02-09|519600.0
2023-02-09 08:32:43.123456|JKTC|YIA|2023-02-09|524600.0
2023-02-09 19:09:17.123456|JKTC|YIA|2023-02-09|524600.0
2023-02-10 16:38:02.123456|JKTC|YIA|2023-02-10|581100.0
2023-02-10 13:52:50.123456|JKTC|YIA|2023-02-10|571100.0
2023-02-10 20:49:50.123456|JKTC|YIA|2023-02-10|581100.0
2023-02-10 14:38:32.123456|JKTC|YIA|2023-02-10|566100.0
2023-02-11 08:17:37.123456|JKTC|YIA|2023-02-11|597900.0
2023-02-11 09:31:54.123456|JKTC|YIA|2023-02-11|582900.0
2023-02-11 08:05:54.123456|JKTC|YIA|2023-02-11|587900.0
2023-02-11 10:40:25.123456|JKTC|YIA|2023-02-11|597900.0
2023-02-12 11:27:58.123456|JKTC|YIA|2023-02-12|597600.0
2023-02-12 19:18:07.123456|JKTC|YIA|2023-02-12|587600.0
2023-02-13 20:30:10.123456|JKTC|YIA|2023-02-13|472700.0
2023-02-13 15:05:25.123456|JKTC|YIA|2023-02-13|487700.0
2023-02-13 16:44:49.123456|JKTC|YIA|2023-02-13|482700.0
2023-02-13 13:52:12.123456|JKTC|YIA|2023-02-13|487700.0
2023-02-14 16:42:31.123456|JKTC|YIA|2023-02-14|479000.0
2023-02-14 11:05:26.123456|JKTC|YIA|2023-02-14|479000.0
2023-02-14 16:38:14.123456|JKTC|YIA|2023-02-14|474000.0
2023-02-14 12:44:55.123456|JKTC|YIA|2023-02-14|474000.0
2023-02-15 08:56:27.123456|JKTC|YIA|2023-02-15|507100.0
2023-02-15 17:12:40.123456|JKTC|YIA|2023-02-15|497100.0
2023-02-15 18:33:32.123456|JKTC|YIA|2023-02-15|502100.0
2023-02-16 20:40:30.123456|JKTC|YIA|2023-02-16|500800.0
2023-02-16 17:57:44.123456|JKTC|YIA|2023-02-16|495800.0
2023-02-16 16:33:39.123456|JKTC|YIA|2023-02-16|500800.0
2023-02-17 09:39:35.123456|JKTC|YIA|2023-02-17|589500.0
2023-02-17 12:42:40.123456|JKTC|YIA|2023-02-17|579500.0
2023-02-17 13:10:04.123456|JKTC|YIA|2023-02-17|584500.0
2023-02-17 20:46:44.123456|JKTC|YIA|2023-02-17|579500.0
2023-02-18 08:27:02.123456|JKTC|YIA|2023-02-18|599800.0
2023-02-18 21:35:51.123456|JKTC|YIA|2023-02-18|594800.0
2023-02-18 15:48:47.123456|JKTC|YIA|2023-02-18|594800.0
2023-02-18 17:33:21.123456|JKTC|YIA|2023-02-18|599800.0
2023-02-19 16:22:00.123456|JKTC|YIA|2023-02-19|549700.0
2023-02-19 12:10:37.123456|JKTC|YIA|2023-02-19|559700.0
2023-02-19 20:39:09.123456|JKTC|YIA|2023-02-19|564700.0
2023-02-19 19:13:49.123456|JKTC|YIA|2023-02-19|554700.0
2023-02-20 13:13:02.123456|JKTC|YIA|2023-02-20|507300.0
2023-02-20 14:08:31.123456|JKTC|YIA|2023-02-20|502300.0
2023-02-20 21:00:14.123456|JKTC|YIA|2023-02-20|502300.0
2023-02-21 16:56:33.123456|JKTC|YIA|2023-02-21|532200.0
2023-02-21 12:46:56.123456|JKTC|YIA|2023-02-21|537200.0
2023-02-22 11:56:55.123456|JKTC|YIA|2023-02-22|585600.0
2023-02-22 19:01:29.123456|JKTC|YIA|2023-02-22|585600.0
2023-02-23 15:01:23.123456|JKTC|YIA|2023-02-23|505800.0
2023-02-23 09:13:39.123456|JKTC|YIA|2023-02-23|515800.0
2023-02-23 20:57:19.123456|JKTC|YIA|2023-02-23|515800.0
2023-02-24 10:08:57.123456|JKTC|YIA|2023-02-24|617600.0
2023-02-24 10:34:19.123456|JKTC|YIA|2023-02-24|622600.0
2023-02-25 18:09:18.123456|JKTC|YIA|2023-02-25|637700.0
2023-02-25 12:43:25.123456|JKTC|YIA|2023-02-25|627700.0
2023-02-25 20:57:30.123456|JKTC|YIA|2023-02-25|637700.0
2023-02-25 16:54:41.123456|JKTC|YIA|2023-02-25|637700.0
2023-02-26 19:28:54.123456|JKTC|YIA|2023-02-26|644300.0
2023-02-26 18:32:35.123456|JKTC|YIA|2023-02-26|649300.0
2023-02-26 20:04:54.123456|JKTC|YIA|2023-02-26|644300.0
2023-02-26 13:41:01.123456|JKTC|YIA|2023-02-26|644300.0
2023-02-27 11:46:35.123456|JKTC|YIA|2023-02-27|560200.0
2023-02-27 10:35:43.123456|JKTC|YIA|2023-02-27|565200.0
2023-02-27 21:15:36.123456|JKTC|YIA|2023-02-27|570200.0
2023-02-28 16:34:53.123456|JKTC|YIA|2023-02-28|554300.0
2023-02-28 08:19:20.123456|JKTC|YIA|2023-02-28|559300.0
2023-02-28 21:56:16.123456|JKTC|YIA|2023-02-28|569300.0
2023-02-28 09:14:37.123456|JKTC|YIA|2023-02-28|569300.0
2023-03-01 11:20:30.123456|JKTC|YIA|2023-03-01|565000.0
2023-03-01 17:31:34.123456|JKTC|YIA|2023-03-01|575000.0
2023-03-02 10:57:46.123456|JKTC|YIA|2023-03-02|567500.0
2023-03-02 14:05:09.123456|JKTC|YIA|2023-03-02|567500.0
2023-03-02 20:06:53.123456|JKTC|YIA|2023-03-02|572500.0
2023-03-03 12:31:27.123456|JKTC|YIA|2023-03-03|639600.0
2023-03-03 15:26:38.123456|JKTC|YIA|2023-03-03|644600.0
2023-03-03 08:09:49.123456|JKTC|YIA|2023-03-03|639600.0
2023-03-04 15:05:05.123456|JKTC|YIA|2023-03-04|643800.0
2023-03-04 13:24:31.123456|JKTC|YIA|2023-03-04|658800.0
2023-03-04 11:07:57.123456|JKTC|YIA|2023-03-04|643800.0
2023-03-05 17:05:24.123456|JKTC|YIA|2023-03-05|605300.0
2023-03-05 18:27:48.123456|JKTC|YIA|2023-03-05|615300.0
2023-03-05 11:05:29.123456|JKTC|YIA|2023-03-05|605300.0
2023-03-06 11:19:25.123456|JKTC|YIA|2023-03-06|555500.0
2023-03-06 11:35:09.123456|JKTC|YIA|2023-03-06|550500.0
2023-03-07 17:32:40.123456|JKTC|YIA|2023-03-07|578000.0
2023-03-07 11:20:55.123456|JKTC|YIA|2023-03-07|588000.0
2023-03-08 18:20:41.123456|JKTC|YIA|2023-03-08|548400.0
2023-03-08 15:17:50.123456|JKTC|YIA|2023-03-08|563400.0
2023-03-08 09:42:22.123456|JKTC|YIA|2023-03-08|548400.0
2023-03-09 12:14:11.123456|JKTC|YIA|2023-03-09|554200.0
2023-03-09 08:41:38.123456|JKTC|YIA|2023-03-09|549200.0
2023-03-09 11:13:50.123456|JKTC|YIA|2023-03-09|554200.0
2023-03-09 16:44:05.123456|JKTC|YIA|2023-03-09|549200.0
2023-03-10 12:21:32.123456|JKTC|YIA|2023-03-10|599900.0
2023-03-10 20:57:50.123456|JKTC|YIA|2023-03-10|589900.0
2023-03-11 12:01:25.123456|JKTC|YIA|2023-03-11|608200.0
2023-03-11 17:17:09.123456|JKTC|YIA|2023-03-11|593200.0
2023-03-11 09:35:07.123456|JKTC|YIA|2023-03-11|603200.0
2023-03-12 20:38:13.123456|JKTC|YIA|2023-03-12|614200.0
2023-03-12 11:47:36.123456|JKTC|YIA|2023-03-12|604200.0
2023-03-13 11:12:01.123456|JKTC|YIA|2023-03-13|531400.0
2023-03-13 12:01:49.123456|JKTC|YIA|2023-03-13|536400.0
2023-03-13 14:45:33.123456|JKTC|YIA|2023-03-13|536400.0
2023-03-14 11:07:34.123456|JKTC|YIA|2023-03-14|537200.0
2023-03-14 13:43:51.123456|JKTC|YIA|2023-03-14|547200.0
2023-03-14 18:44:34.123456|JKTC|YIA|2023-03-14|547200.0
2023-03-14 12:46:53.123456|JKTC|YIA|2023-03-14|547200.0
2023-03-15 08:46:57.123456|JKTC|YIA|2023-03-15|541000.0
2023-03-15 11:25:51.123456|JKTC|YIA|2023-03-15|536000.0
2023-03-16 17:54:01.123456|JKTC|YIA|2023-03-16|558600.0
2023-03-16 13:10:42.123456|JKTC|YIA|2023-03-16|553600.0
2023-03-17 16:43:57.123456|JKTC|YIA|2023-03-17|585700.0
2023-03-17 11:52:44.123456|JKTC|YIA|2023-03-17|580700.0
2023-03-17 09:20:03.123456|JKTC|YIA|2023-03-17|575700.0
2023-03-17 10:07:52.123456|JKTC|YIA|2023-03-17|570700.0
2023-03-18 17:38:43.123456|JKTC|YIA|2023-03-18|628600.0
2023-03-18 16:18:09.123456|JKTC|YIA|2023-03-18|633600.0
2023-03-19 19:57:05.123456|JKTC|YIA|2023-03-19|619600.0
2023-03-19 12:06:56.123456|JKTC|YIA|2023-03-19|619600.0
2023-03-19 16:13:35.123456|JKTC|YIA|2023-03-19|624600.0
2023-03-19 08:04:17.123456|JKTC|YIA|2023-03-19|619600.0
2023-03-20 19:09:09.123456|JKTC|YIA|2023-03-20|546200.0
2023-03-20 17:13:21.123456|JKTC|YIA|2023-03-20|556200.0
2023-03-21 19:38:03.123456|JKTC|YIA|2023-03-21|508900.0
2023-03-21 10:18:31.123456|JKTC|YIA|2023-03-21|498900.0
2023-03-22 20:11:10.123456|JKTC|YIA|2023-03-22|557300.0
2023-03-22 08:39:03.123456|JKTC|YIA|2023-03-22|562300.0
2023-03-22 15:20:58.123456|JKTC|YIA|2023-03-22|557300.0
2023-03-23 16:20:35.123456|JKTC|YIA|2023-03-23|497900.0
2023-03-23 21:20:30.123456|JKTC|YIA|2023-03-23|507900.0
2023-03-24 15:52:29.123456|JKTC|YIA|2023-03-24|623800.0
2023-03-24 09:20:05.123456|JKTC|YIA|2023-03-24|618800.0
2023-03-25 09:13:34.123456|JKTC|YIA|2023-03-25|543500.0
2023-03-25 14:24:07.123456|JKTC|YIA|2023-03-25|533500.0
2023-03-25 14:49:25.123456|JKTC|YIA|2023-03-25|533500.0
2023-03-25 10:48:05.123456|JKTC|YIA|2023-03-25|538500.0
2023-03-26 13:10:36.123456|JKTC|YIA|2023-03-26|631900.0
2023-03-26 20:31:31.123456|JKTC|YIA|2023-03-26|631900.0
2023-03-26 13:14:32.123456|JKTC|YIA|2023-03-26|621900.0
2023-03-27 11:15:09.123456|JKTC|YIA|2023-03-27|575700.0
2023-03-27 20:53:46.123456|JKTC|YIA|2023-03-27|580700.0
2023-03-27 10:57:39.123456|JKTC|YIA|2023-03-27|575700.0
2023-03-27 15:44:52.123456|JKTC|YIA|2023-03-27|575700.0
2023-03-28 11:54:02.123456|JKTC|YIA|2023-03-28|562400.0
2023-03-28 11:35:24.123456|JKTC|YIA|2023-03-28|567400.0
2023-03-29 20:44:26.123456|JKTC|YIA|2023-03-29|560100.0
2023-03-29 10:14:44.123456|JKTC|YIA|2023-03-29|555100.0
2023-03-29 18:52:38.123456|JKTC|YIA|2023-03-29|560100.0
2023-03-29 14:14:49.123456|JKTC|YIA|2023-03-29|560100.0
2023-03-30 20:33:26.123456|JKTC|YIA|2023-03-30|563500.0
2023-03-30 14:39:33.123456|JKTC|YIA|2023-03-30|568500.0
2023-03-30 16:02:18.123456|JKTC|YIA|2023-03-30|568500.0
2023-03-30 17:11:22.123456|JKTC|YIA|2023-03-30|578500.0
2023-03-31 10:29:05.123456|JKTC|YIA|2023-03-31|602100.0
2023-03-31 19:23:35.123456|JKTC|YIA|2023-03-31|597100.0
2023-03-31 21:22:38.123456|JKTC|YIA|2023-03-31|587100.0
2023-04-01 19:38:12.123456|JKTC|YIA|2023-04-01|657500.0
2023-04-01 19:00:26.123456|JKTC|YIA|2023-04-01|652500.0
2023-04-01 12:09:00.123456|JKTC|YIA|2023-04-01|647500.0
2023-04-02 21:34:20.123456|JKTC|YIA|2023-04-02|640600.0
2023-04-02 14:42:49.123456|JKTC|YIA|2023-04-02|640600.0
2023-04-02 09:27:08.123456|JKTC|YIA|2023-04-02|645600.0
2023-04-03 20:20:46.123456|JKTC|YIA|2023-04-03|606400.0
2023-04-03 17:00:53.123456|JKTC|YIA|2023-04-03|596400.0
2023-04-03 16:39:09.123456|JKTC|YIA|2023-04-03|606400.0
2023-04-03 13:38:41.123456|JKTC|YIA|2023-04-03|601400.0
2023-04-04 21:46:53.123456|JKTC|YIA|2023-04-04|619500.0
2023-04-04 12:18:53.123456|JKTC|YIA|2023-04-04|624500.0
2023-04-04 20:23:47.123456|JKTC|YIA|2023-04-04|609500.0
2023-04-04 14:08:27.123456|JKTC|YIA|2023-04-04|614500.0
2023-04-05 21:08:04.123456|JKTC|YIA|2023-04-05|608900.0
2023-04-05 20:52:50.123456|JKTC|YIA|2023-04-05|613900.0
2023-04-06 17:37:14.123456|JKTC|YIA|2023-04-06|566500.0
2023-04-06 20:51:49.123456|JKTC|YIA|2023-04-06|556500.0
2023-04-06 16:15:41.123456|JKTC|YIA|2023-04-06|561500.0
2023-04-07 14:44:19.123456|JKTC|YIA|2023-04-07|641200.0
2023-04-07 20:09:22.123456|JKTC|YIA|2023-04-07|636200.0
2023-04-08 14:05:04.123456|JKTC|YIA|2023-04-08|660400.0
2023-04-08 21:05:57.123456|JKTC|YIA|2023-04-08|675400.0
2023-04-09 15:24:04.123456|JKTC|YIA|2023-04-09|690800.0
2023-04-09 08:36:23.123456|JKTC|YIA|2023-04-09|695800.0
2023-04-09 15:38:53.123456|JKTC|YIA|2023-04-09|685800.0
2023-04-09 19:56:20.123456|JKTC|YIA|2023-04-09|685800.0
2023-04-10 09:00:21.123456|JKTC|YIA|2023-04-10|598100.0
2023-04-10 20:44:12.123456|JKTC|YIA|2023-04-10|608100.0
2023-04-10 12:23:11.123456|JKTC|YIA|2023-04-10|603100.0
2023-04-11 18:13:11.123456|JKTC|YIA|2023-04-11|618700.0
2023-04-11 17:44:09.123456|JKTC|YIA|2023-04-11|613700.0
2023-04-11 17:36:45.123456|JKTC|YIA|2023-04-11|618700.0
2023-04-12 14:53:51.123456|JKTC|YIA|2023-04-12|626900.0
2023-04-12 21:45:26.123456|JKTC|YIA|2023-04-12|641900.0
2023-04-12 20:11:10.123456|JKTC|YIA|2023-04-12|641900.0
2023-04-13 10:44:16.123456|JKTC|YIA|2023-04-13|642100.0
2023-04-13 10:50:45.123456|JKTC|YIA|2023-04-13|632100.0
2023-04-13 09:39:24.123456|JKTC|YIA|2023-04-13|632100.0
2023-04-14 13:45:27.123456|JKTC|YIA|2023-04-14|742700.0
2023-04-14 19:29:11.123456|JKTC|YIA|2023-04-14|732700.0
2023-04-15 20:17:52.123456|JKTC|YIA|2023-04-15|750200.0
2023-04-15 12:08:34.123456|JKTC|YIA|2023-04-15|755200.0
2023-04-15 12:02:02.123456|JKTC|YIA|2023-04-15|755200.0
2023-04-16 15:22:37.123456|JKTC|YIA|2023-04-16|769300.0
2023-04-16 17:11:39.123456|JKTC|YIA|2023-04-16|769300.0
2023-04-16 14:13:36.123456|JKTC|YIA|2023-04-16|769300.0
2023-04-17 20:34:27.123456|JKTC|YIA|2023-04-17|711600.0
2023-04-17 09:29:47.123456|JKTC|YIA|2023-04-17|716600.0
2023-04-17 13:29:13.123456|JKTC|YIA|2023-04-17|706600.0
2023-04-17 21:55:05.123456|JKTC|YIA|2023-04-17|706600.0
2023-04-18 08:11:32.123456|JKTC|YIA|2023-04-18|740600.0
2023-04-18 17:26:00.123456|JKTC|YIA|2023-04-18|735600.0
2023-04-18 12:34:35.123456|JKTC|YIA|2023-04-18|735600.0
2023-04-19 15:54:44.123456|JKTC|YIA|2023-04-19|732600.0
2023-04-19 10:43:48.123456|JKTC|YIA|2023-04-19|727600.0
2023-04-20 17:20:18.123456|JKTC|YIA|2023-04-20|699500.0
2023-04-20 20:14:41.123456|JKTC|YIA|2023-04-20|709500.0
2023-04-21 10:13:42.123456|JKTC|YIA|2023-04-21|764300.0
2023-04-21 14:58:54.123456|JKTC|YIA|2023-04-21|764300.0
2023-04-22 14:20:23.123456|JKTC|YIA|2023-04-22|774300.0
2023-04-22 16:29:49.123456|JKTC|YIA|2023-04-22|764300.0
2023-04-22 10:11:15.123456|JKTC|YIA|2023-04-22|764300.0
2023-04-23 12:40:55.123456|JKTC|YIA|2023-04-23|774300.0
2023-04-23 10:47:27.123456|JKTC|YIA|2023-04-23|769300.0
2023-04-23 14:25:36.123456|JKTC|YIA|2023-04-23|774300.0
2023-04-24 20:23:42.123456|JKTC|YIA|2023-04-24|732300.0
2023-04-24 10:02:34.123456|JKTC|YIA|2023-04-24|717300.0
2023-04-24 16:54:32.123456|JKTC|YIA|2023-04-24|732300.0
2023-04-25 13:00:45.123456|JKTC|YIA|2023-04-25|736900.0
2023-04-25 08:33:40.123456|JKTC|YIA|2023-04-25|751900.0
2023-04-25 10:13:37.123456|JKTC|YIA|2023-04-25|746900.0
2023-04-26 10:26:28.123456|JKTC|YIA|2023-04-26|752600.0
2023-04-26 21:31:02.123456|JKTC|YIA|2023-04-26|752600.0
2023-04-27 21:11:53.123456|JKTC|YIA|2023-04-27|679500.0
2023-04-27 17:48:00.123456|JKTC|YIA|2023-04-27|684500.0
2023-04-28 21:19:11.123456|JKTC|YIA|2023-04-28|751400.0
2023-04-28 10:02:49.123456|JKTC|YIA|2023-04-28|751400.0
2023-04-29 20:56:52.123456|JKTC|YIA|2023-04-29|743300.0
2023-04-29 17:58:30.123456|JKTC|YIA|2023-04-29|738300.0
2023-04-29 18:51:18.123456|JKTC|YIA|2023-04-29|748300.0
2023-04-30 15:06:41.123456|JKTC|YIA|2023-04-30|723300.0
2023-04-30 08:56:21.123456|JKTC|YIA|2023-04-30|718300.0
2023-05-01 09:28:43.123456|JKTC|YIA|2023-05-01|686600.0
2023-05-01 16:00:05.123456|JKTC|YIA|2023-05-01|686600.0
2023-05-02 16:19:26.123456|JKTC|YIA|2023-05-02|614400.0
2023-05-02 16:57:11.123456|JKTC|YIA|2023-05-02|604400.0
2023-05-02 21:06:32.123456|JKTC|YIA|2023-05-02|609400.0
2023-05-02 08:06:16.123456|JKTC|YIA|2023-05-02|619400.0
2023-05-03 11:22:53.123456|JKTC|YIA|2023-05-03|632000.0
2023-05-03 11:06:12.123456|JKTC|YIA|2023-05-03|637000.0
2023-05-03 12:45:11.123456|JKTC|YIA|2023-05-03|637000.0
2023-05-03 21:36:36.123456|JKTC|YIA|2023-05-03|627000.0
2023-05-04 13:51:46.123456|JKTC|YIA|2023-05-04|610200.0
2023-05-04 13:32:02.123456|JKTC|YIA|2023-05-04|620200.0
2023-05-04 21:26:36.123456|JKTC|YIA|2023-05-04|610200.0
2023-05-04 15:01:48.123456|JKTC|YIA|2023-05-04|625200.0
2023-05-05 15:06:10.123456|JKTC|YIA|2023-05-05|673100.0
2023-05-05 13:08:44.123456|JKTC|YIA|2023-05-05|683100.0
2023-05-05 21:47:42.123456|JKTC|YIA|2023-05-05|678100.0
2023-05-06 14:20:26.123456|JKTC|YIA|2023-05-06|645800.0
2023-05-06 13:35:27.123456|JKTC|YIA|2023-05-06|650800.0
2023-05-07 09:03:47.123456|JKTC|YIA|2023-05-07|614600.0
2023-05-07 17:31:01.123456|JKTC|YIA|2023-05-07|614600.0
2023-05-08 20:27:42.123456|JKTC|YIA|2023-05-08|538100.0
2023-05-08 17:29:38.123456|JKTC|YIA|2023-05-08|553100.0
2023-05-08 16:03:45.123456|JKTC|YIA|2023-05-08|538100.0
2023-05-08 12:04:39.123456|JKTC|YIA|2023-05-08|538100.0
2023-05-09 16:26:44.123456|JKTC|YIA|2023-05-09|526500.0
2023-05-09 10:38:13.123456|JKTC|YIA|2023-05-09|521500.0
2023-05-09 13:49:44.123456|JKTC|YIA|2023-05-09|526500.0
2023-05-10 19:01:04.123456|JKTC|YIA|2023-05-10|522900.0
2023-05-10 11:03:20.123456|JKTC|YIA|2023-05-10|512900.0
2023-05-10 17:52:00.123456|JKTC|YIA|2023-05-10|512900.0
2023-05-11 17:27:41.123456|JKTC|YIA|2023-05-11|517500.0
2023-05-11 11:24:16.123456|JKTC|YIA|2023-05-11|507500.0
2023-05-12 20:06:13.123456|JKTC|YIA|2023-05-12|584500.0
2023-05-12 12:20:48.123456|JKTC|YIA|2023-05-12|584500.0
2023-05-13 12:06:46.123456|JKTC|YIA|2023-05-13|575700.0
2023-05-13 09:41:48.123456|JKTC|YIA|2023-05-13|575700.0
2023-05-13 08:07:41.123456|JKTC|YIA|2023-05-13|565700.0
2023-05-14 08:42:44.123456|JKTC|YIA|2023-05-14|579200.0
2023-05-14 08:31:07.123456|JKTC|YIA|2023-05-14|579200.0
2023-05-15 08:12:45.123456|JKTC|YIA|2023-05-15|543000.0
2023-05-15 08:08:06.123456|JKTC|YIA|2023-05-15|533000.0
2023-05-15 20:25:38.123456|JKTC|YIA|2023-05-15|538000.0
2023-05-15 08:30:46.123456|JKTC|YIA|2023-05-15|538000.0
2023-05-16 18:29:08.123456|JKTC|YIA|2023-05-16|566300.0
2023-05-16 17:25:34.123456|JKTC|YIA|2023-05-16|556300.0
2023-05-16 16:28:51.123456|JKTC|YIA|2023-05-16|551300.0
2023-05-16 18:34:29.123456|JKTC|YIA|2023-05-16|556300.0
2023-05-17 17:32:25.123456|JKTC|YIA|2023-05-17|510900.0
2023-05-17 14:07:52.123456|JKTC|YIA|2023-05-17|510900.0
2023-05-18 15:45:06.123456|JKTC|YIA|2023-05-18|478800.0
2023-05-18 08:04:49.123456|JKTC|YIA|2023-05-18|473800.0
2023-05-19 10:37:44.123456|JKTC|YIA|2023-05-19|611700.0
2023-05-19 15:58:29.123456|JKTC|YIA|2023-05-19|601700.0
2023-05-20 19:20:18.123456|JKTC|YIA|2023-05-20|571200.0
2023-05-20 15:06:30.123456|JKTC|YIA|2023-05-20|571200.0
2023-05-20 17:05:09.123456|JKTC|YIA|2023-05-20|581200.0
2023-05-20 18:39:57.123456|JKTC|YIA|2023-05-20|581200.0
2023-05-21 14:10:44.123456|JKTC|YIA|2023-05-21|595000.0
2023-05-21 11:28:20.123456|JKTC|YIA|2023-05-21|595000.0
2023-05-22 13:05:26.123456|JKTC|YIA|2023-05-22|501500.0
2023-05-22 08:14:19.123456|JKTC|YIA|2023-05-22|506500.0
2023-05-22 12:14:31.123456|JKTC|YIA|2023-05-22|501500.0
2023-05-22 18:55:32.123456|JKTC|YIA|2023-05-22|501500.0
2023-05-23 12:45:58.123456|JKTC|YIA|2023-05-23|508700.0
2023-05-23 20:16:49.123456|JKTC|YIA|2023-05-23|508700.0
2023-05-23 18:43:50.123456|JKTC|YIA|2023-05-23|518700.0
2023-05-24 15:24:01.123456|JKTC|YIA|2023-05-24|541000.0
2023-05-24 15:52:06.123456|JKTC|YIA|2023-05-24|526000.0
2023-05-25 15:56:28.123456|JKTC|YIA|2023-05-25|524100.0
2023-05-25 08:40:04.123456|JKTC|YIA|2023-05-25|524100.0
2023-05-25 11:24:05.123456|JKTC|YIA|2023-05-25|509100.0
2023-05-26 18:00:03.123456|JKTC|YIA|2023-05-26|631800.0
2023-05-26 10:17:37.123456|JKTC|YIA|2023-05-26|631800.0
2023-05-26 14:00:33.123456|JKTC|YIA|2023-05-26|636800.0
2023-05-26 08:18:46.123456|JKTC|YIA|2023-05-26|636800.0
2023-05-27 17:39:05.123456|JKTC|YIA|2023-05-27|633300.0
2023-05-27 20:28:20.123456|JKTC|YIA|2023-05-27|638300.0
2023-05-27 19:36:42.123456|JKTC|YIA|2023-05-27|638300.0
2023-05-27 15:07:19.123456|JKTC|YIA|2023-05-27|648300.0
2023-05-28 17:42:07.123456|JKTC|YIA|2023-05-28|617900.0
2023-05-28 13:23:06.123456|JKTC|YIA|2023-05-28|617900.0
2023-05-28 13:02:57.123456|JKTC|YIA|2023-05-28|617900.0
2023-05-28 09:34:33.123456|JKTC|YIA|2023-05-28|612900.0
2023-05-29 18:17:01.123456|JKTC|YIA|2023-05-29|531600.0
2023-05-29 19:28:16.123456|JKTC|YIA|2023-05-29|526600.0
2023-05-29 20:18:07.123456|JKTC|YIA|2023-05-29|541600.0
2023-05-30 20:32:48.123456|JKTC|YIA|2023-05-30|529100.0
2023-05-30 13:42:46.123456|JKTC|YIA|2023-05-30|534100.0
2023-05-30 20:16:04.123456|JKTC|YIA|2023-05-30|529100.0
2023-05-30 19:34:14.123456|JKTC|YIA|2023-05-30|534100.0
2023-05-31 12:53:38.123456|JKTC|YIA|2023-05-31|531100.0
2023-05-31 18:55:17.123456|JKTC|YIA|2023-05-31|546100.0
2023-05-31 14:21:02.123456|JKTC|YIA|2023-05-31|536100.0
2023-06-01 14:30:12.123456|JKTC|YIA|2023-06-01|533400.0
2023-06-01 08:08:19.123456|JKTC|YIA|2023-06-01|528400.0
2023-06-02 09:35:02.123456|JKTC|YIA|2023-06-02|592400.0
2023-06-02 17:46:15.123456|JKTC|YIA|2023-06-02|582400.0
2023-06-02 13:09:07.123456|JKTC|YIA|2023-06-02|587400.0
2023-06-03 12:42:06.123456|JKTC|YIA|2023-06-03|617900.0
2023-06-03 16:43:08.123456|JKTC|YIA|2023-06-03|617900.0
2023-06-03 13:15:09.123456|JKTC|YIA|2023-06-03|612900.0
2023-06-04 15:00:24.123456|JKTC|YIA|2023-06-04|585500.0
2023-06-04 15:13:30.123456|JKTC|YIA|2023-06-04|570500.0
2023-06-04 18:12:25.123456|JKTC|YIA|2023-06-04|570500.0
2023-06-05 17:17:22.123456|JKTC|YIA|2023-06-05|523500.0
2023-06-05 19:39:34.123456|JKTC|YIA|2023-06-05|528500.0
2023-06-06 08:19:44.123456|JKTC|YIA|2023-06-06|543400.0
2023-06-06 20:06:20.123456|JKTC|YIA|2023-06-06|558400.0
2023-06-06 11:06:40.123456|JKTC|YIA|2023-06-06|548400.0
2023-06-06 16:23:10.123456|JKTC|YIA|2023-06-06|553400.0
2023-06-07 12:52:39.123456|JKTC|YIA|2023-06-07|491400.0
2023-06-07 08:14:44.123456|JKTC|YIA|2023-06-07|496400.0
2023-06-07 09:13:39.123456|JKTC|YIA|2023-06-07|496400.0
2023-06-08 19:21:40.123456|JKTC|YIA|2023-06-08|507100.0
2023-06-08 18:39:18.123456|JKTC|YIA|2023-06-08|512100.0
2023-06-08 18:09:07.123456|JKTC|YIA|2023-06-08|502100.0
2023-06-08 19:48:50.123456|JKTC|YIA|2023-06-08|507100.0
2023-06-09 15:33:53.123456|JKTC|YIA|2023-06-09|559200.0
2023-06-09 18:44:14.123456|JKTC|YIA|2023-06-09|549200.0
2023-06-09 13:30:55.123456|JKTC|YIA|2023-06-09|559200.0
2023-06-09 10:58:27.123456|JKTC|YIA|2023-06-09|544200.0
2023-06-10 20:58:16.123456|JKTC|YIA|2023-06-10|571900.0
2023-06-10 20:13:25.123456|JKTC|YIA|2023-06-10|561900.0
2023-06-11 19:14:25.123456|JKTC|YIA|2023-06-11|547100.0
2023-06-11 15:19:26.123456|JKTC|YIA|2023-06-11|532100.0
2023-06-11 13:57:03.123456|JKTC|YIA|2023-06-11|537100.0
2023-06-12 18:33:51.123456|JKTC|YIA|2023-06-12|459600.0
2023-06-12 17:27:15.123456|JKTC|YIA|2023-06-12|454600.0
2023-06-12 18:25:36.123456|JKTC|YIA|2023-06-12|449600.0
2023-06-13 16:22:56.123456|JKTC|YIA|2023-06-13|468800.0
2023-06-13 21:39:13.123456|JKTC|YIA|2023-06-13|473800.0
2023-06-14 12:45:18.123456|JKTC|YIA|2023-06-14|468200.0
2023-06-14 13:31:27.123456|JKTC|YIA|2023-06-14|458200.0
2023-06-14 17:00:51.123456|JKTC|YIA|2023-06-14|463200.0
2023-06-15 15:30:48.123456|JKTC|YIA|2023-06-15|504500.0
2023-06-15 10:01:44.123456|JKTC|YIA|2023-06-15|494500.0
2023-06-15 19:00:02.123456|JKTC|YIA|2023-06-15|489500.0
2023-06-15 15:18:31.123456|JKTC|YIA|2023-06-15|494500.0
2023-06-16 12:27:32.123456|JKTC|YIA|2023-06-16|534200.0
2023-06-16 21:09:27.123456|JKTC|YIA|2023-06-16|534200.0
2023-06-16 21:25:21.123456|JKTC|YIA|2023-06-16|524200.0
2023-06-17 18:03:30.123456|JKTC|YIA|2023-06-17|534300.0
2023-06-17 20:11:19.123456|JKTC|YIA|2023-06-17|544300.0
2023-06-17 21:04:52.123456|JKTC|YIA|2023-06-17|534300.0
2023-06-17 18:43:07.123456|JKTC|YIA|2023-06-17|534300.0
2023-06-18 19:36:55.123456|JKTC|YIA|2023-06-18|541100.0
2023-06-18 17:43:16.123456|JKTC|YIA|2023-06-18|531100.0
2023-06-18 15:48:49.123456|JKTC|YIA|2023-06-18|546100.0
2023-06-18 20:37:48.123456|JKTC|YIA|2023-06-18|536100.0
2023-06-19 12:22:31.123456|JKTC|YIA|2023-06-19|484300.0
2023-06-19 11:27:16.123456|JKTC|YIA|2023-06-19|484300.0
2023-06-19 21:23:07.123456|JKTC|YIA|2023-06-19|484300.0
2023-06-19 21:02:00.123456|JKTC|YIA|2023-06-19|479300.0
2023-06-20 14:38:44.123456|JKTC|YIA|2023-06-20|464300.0
2023-06-20 11:45:55.123456|JKTC|YIA|2023-06-20|459300.0
2023-06-20 13:21:11.123456|JKTC|YIA|2023-06-20|469300.0
2023-06-21 13:40:20.123456|JKTC|YIA|2023-06-21|468300.0
2023-06-21 10:49:03.123456|JKTC|YIA|2023-06-21|463300.0
2023-06-22 12:16:36.123456|JKTC|YIA|2023-06-22|473200.0
2023-06-22 10:25:57.123456|JKTC|YIA|2023-06-22|473200.0
2023-06-23 13:58:01.123456|JKTC|YIA|2023-06-23|527100.0
2023-06-23 14:26:48.123456|JKTC|YIA|2023-06-23|532100.0
2023-06-23 21:25:56.123456|JKTC|YIA|2023-06-23|532100.0
2023-06-24 18:07:11.123456|JKTC|YIA|2023-06-24|518500.0
2023-06-24 11:29:58.123456|JKTC|YIA|2023-06-24|523500.0
2023-06-24 18:04:42.123456|JKTC|YIA|2023-06-24|518500.0
2023-06-25 09:33:32.123456|JKTC|YIA|2023-06-25|569900.0
2023-06-25 14:37:57.123456|JKTC|YIA|2023-06-25|574900.0
2023-06-25 14:15:14.123456|JKTC|YIA|2023-06-25|559900.0
2023-06-26 08:20:16.123456|JKTC|YIA|2023-06-26|563800.0
2023-06-26 15:50:31.123456|JKTC|YIA|2023-06-26|563800.0
2023-06-26 15:03:15.123456|JKTC|YIA|2023-06-26|548800.0
2023-06-27 19:25:23.123456|JKTC|YIA|2023-06-27|498100.0
2023-06-27 13:00:13.123456|JKTC|YIA|2023-06-27|503100.0
2023-06-27 20:32:07.123456|JKTC|YIA|2023-06-27|498100.0
2023-06-27 10:06:01.123456|JKTC|YIA|2023-06-27|503100.0
2023-06-28 21:08:17.123456|JKTC|YIA|2023-06-28|448900.0
2023-06-28 14:36:55.123456|JKTC|YIA|2023-06-28|448900.0
2023-06-28 09:43:41.123456|JKTC|YIA|2023-06-28|453900.0
2023-06-29 13:53:04.123456|JKTC|YIA|2023-06-29|508300.0
2023-06-29 10:24:44.123456|JKTC|YIA|2023-06-29|508300.0
2023-06-29 13:44:08.123456|JKTC|YIA|2023-06-29|513300.0
2023-06-29 10:01:18.123456|JKTC|YIA|2023-06-29|518300.0
2023-06-30 10:21:11.123456|JKTC|YIA|2023-06-30|545400.0
2023-06-30 08:49:08.123456|JKTC|YIA|2023-06-30|550400.0
2023-06-30 14:07:53.123456|JKTC|YIA|2023-06-30|540400.0
2023-06-30 21:27:34.123456|JKTC|YIA|2023-06-30|550400.0
2023-07-01 18:48:43.123456|JKTC|YIA|2023-07-01|582200.0
2023-07-01 16:25:14.123456|JKTC|YIA|2023-07-01|582200.0
2023-07-01 14:05:07.123456|JKTC|YIA|2023-07-01|587200.0
2023-07-01 17:18:47.123456|JKTC|YIA|2023-07-01|592200.0
2023-07-02 15:43:00.123456|JKTC|YIA|2023-07-02|569100.0
2023-07-02 16:39:48.123456|JKTC|YIA|2023-07-02|569100.0
2023-07-02 14:41:19.123456|JKTC|YIA|2023-07-02|574100.0
2023-07-03 15:50:45.123456|JKTC|YIA|2023-07-03|467300.0
2023-07-03 17:58:57.123456|JKTC|YIA|2023-07-03|472300.0
2023-07-03 18:27:49.123456|JKTC|YIA|2023-07-03|467300.0
2023-07-03 15:44:17.123456|JKTC|YIA|2023-07-03|472300.0
2023-07-04 12:17:12.123456|JKTC|YIA|2023-07-04|503300.0
2023-07-04 20:44:54.123456|JKTC|YIA|2023-07-04|513300.0
2023-07-05 08:19:51.123456|JKTC|YIA|2023-07-05|480100.0
2023-07-05 12:12:43.123456|JKTC|YIA|2023-07-05|490100.0
2023-07-05 19:29:11.123456|JKTC|YIA|2023-07-05|480100.0
2023-07-05 17:31:08.123456|JKTC|YIA|2023-07-05|490100.0
2023-07-06 09:02:03.123456|JKTC|YIA|2023-07-06|485500.0
2023-07-06 09:38:16.123456|JKTC|YIA|2023-07-06|490500.0
2023-07-06 17:34:10.123456|JKTC|YIA|2023-07-06|480500.0
2023-07-07 17:25:43.123456|JKTC|YIA|2023-07-07|518000.0
2023-07-07 21:15:12.123456|JKTC|YIA|2023-07-07|528000.0
2023-07-07 21:22:45.123456|JKTC|YIA|2023-07-07|518000.0
2023-07-08 11:47:57.123456|JKTC|YIA|2023-07-08|580700.0
2023-07-08 18:24:18.123456|JKTC|YIA|2023-07-08|595700.0
2023-07-08 13:22:07.123456|JKTC|YIA|2023-07-08|580700.0
2023-07-09 18:09:40.123456|JKTC|YIA|2023-07-09|523800.0
2023-07-09 18:06:08.123456|JKTC|YIA|2023-07-09|528800.0
2023-07-10 19:46:27.123456|JKTC|YIA|2023-07-10|455500.0
2023-07-10 12:14:38.123456|JKTC|YIA|2023-07-10|470500.0
2023-07-10 08:28:22.123456|JKTC|YIA|2023-07-10|460500.0
2023-07-10 15:53:14.123456|JKTC|YIA|2023-07-10|460500.0
2023-07-11 13:09:55.123456|JKTC|YIA|2023-07-11|449800.0
2023-07-11 08:40:20.123456|JKTC|YIA|2023-07-11|449800.0
2023-07-12 11:31:32.123456|JKTC|YIA|2023-07-12|431200.0
2023-07-12 19:01:54.123456|JKTC|YIA|2023-07-12|431200.0
2023-07-13 19:22:45.123456|JKTC|YIA|2023-07-13|439100.0
2023-07-13 18:31:16.123456|JKTC|YIA|2023-07-13|439100.0
2023-07-13 17:43:14.123456|JKTC|YIA|2023-07-13|444100.0
2023-07-14 16:24:08.123456|JKTC|YIA|2023-07-14|488800.0
2023-07-14 12:22:29.123456|JKTC|YIA|2023-07-14|488800.0
2023-07-15 16:27:08.123456|JKTC|YIA|2023-07-15|536800.0
2023-07-15 16:07:08.123456|JKTC|YIA|2023-07-15|526800.0
2023-07-15 14:17:31.123456|JKTC|YIA|2023-07-15|526800.0
2023-07-16 12:16:08.123456|JKTC|YIA|2023-07-16|477200.0
2023-07-16 20:28:15.123456|JKTC|YIA|2023-07-16|477200.0
2023-07-17 08:51:43.123456|JKTC|YIA|2023-07-17|466800.0
2023-07-17 09:25:58.123456|JKTC|YIA|2023-07-17|476800.0
2023-07-18 18:00:09.123456|JKTC|YIA|2023-07-18|435900.0
2023-07-18 13:40:37.123456|JKTC|YIA|2023-07-18|435900.0
2023-07-18 19:51:03.123456|JKTC|YIA|2023-07-18|435900.0
2023-07-18 14:44:29.123456|JKTC|YIA|2023-07-18|440900.0
2023-07-19 19:35:26.123456|JKTC|YIA|2023-07-19|428400.0
2023-07-19 17:28:38.123456|JKTC|YIA|2023-07-19|418400.0
2023-07-19 18:39:08.123456|JKTC|YIA|2023-07-19|433400.0
2023-07-19 14:27:14.123456|JKTC|YIA|2023-07-19|428400.0
2023-07-20 13:47:45.123456|JKTC|YIA|2023-07-20|452600.0
2023-07-20 16:31:16.123456|JKTC|YIA|2023-07-20|462600.0
2023-07-20 10:24:29.123456|JKTC|YIA|2023-07-20|457600.0
2023-07-21 08:47:21.123456|JKTC|YIA|2023-07-21|510500.0
2023-07-21 16:34:03.123456|JKTC|YIA|2023-07-21|500500.0
2023-07-22 16:08:56.123456|JKTC|YIA|2023-07-22|508600.0
2023-07-22 15:39:41.123456|JKTC|YIA|2023-07-22|518600.0
2023-07-23 13:05:33.123456|JKTC|YIA|2023-07-23|523200.0
2023-07-23 20:29:32.123456|JKTC|YIA|2023-07-23|533200.0
2023-07-23 10:15:36.123456|JKTC|YIA|2023-07-23|533200.0
2023-07-24 20:53:10.123456|JKTC|YIA|2023-07-24|464600.0
2023-07-24 17:06:19.123456|JKTC|YIA|2023-07-24|459600.0
2023-07-24 14:37:19.123456|JKTC|YIA|2023-07-24|454600.0
2023-07-24 09:46:02.123456|JKTC|YIA|2023-07-24|449600.0
2023-07-25 08:34:42.123456|JKTC|YIA|2023-07-25|479400.0
2023-07-25 14:07:01.123456|JKTC|YIA|2023-07-25|469400.0
2023-07-26 13:42:30.123456|JKTC|YIA|2023-07-26|475100.0
2023-07-26 21:20:00.123456|JKTC|YIA|2023-07-26|485100.0
2023-07-26 20:55:49.123456|JKTC|YIA|2023-07-26|475100.0
2023-07-27 14:28:53.123456|JKTC|YIA|2023-07-27|485500.0
2023-07-27 21:09:33.123456|JKTC|YIA|2023-07-27|490500.0
2023-07-28 15:22:21.123456|JKTC|YIA|2023-07-28|519500.0
2023-07-28 14:31:25.123456|JKTC|YIA|2023-07-28|529500.0
2023-07-29 16:06:33.123456|JKTC|YIA|2023-07-29|521100.0
2023-07-29 14:21:01.123456|JKTC|YIA|2023-07-29|531100.0
2023-07-29 10:00:37.123456|JKTC|YIA|2023-07-29|531100.0
2023-07-29 18:51:24.123456|JKTC|YIA|2023-07-29|516100.0
2023-07-30 17:22:01.123456|JKTC|YIA|2023-07-30|507100.0
2023-07-30 10:56:00.123456|JKTC|YIA|2023-07-30|502100.0
2023-07-31 19:04:29.123456|JKTC|YIA|2023-07-31|445300.0
2023-07-31 12:46:05.123456|JKTC|YIA|2023-07-31|445300.0
2023-07-31 15:37:05.123456|JKTC|YIA|2023-07-31|450300.0
2023-07-31 15:45:23.123456|JKTC|YIA|2023-07-31|455300.0
2023-08-01 15:43:21.123456|JKTC|YIA|2023-08-01|480500.0
2023-08-01 08:09:39.123456|JKTC|YIA|2023-08-01|480500.0
2023-08-01 14:28:58.123456|JKTC|YIA|2023-08-01|480500.0
2023-08-02 14:00:33.123456|JKTC|YIA|2023-08-02|466500.0
2023-08-02 13:29:46.123456|JKTC|YIA|2023-08-02|476500.0
2023-08-02 13:50:22.123456|JKTC|YIA|2023-08-02|471500.0
2023-08-02 13:01:13.123456|JKTC|YIA|2023-08-02|471500.0
2023-08-03 20:13:01.123456|JKTC|YIA|2023-08-03|454800.0
2023-08-03 19:19:09.123456|JKTC|YIA|2023-08-03|444800.0
2023-08-03 08:31:44.123456|JKTC|YIA|2023-08-03|449800.0
2023-08-03 19:34:10.123456|JKTC|YIA|2023-08-03|449800.0
2023-08-04 10:07:10.123456|JKTC|YIA|2023-08-04|496900.0
2023-08-04 20:29:19.123456|JKTC|YIA|2023-08-04|496900.0
2023-08-04 21:12:43.123456|JKTC|YIA|2023-08-04|511900.0
2023-08-04 10:17:50.123456|JKTC|YIA|2023-08-04|501900.0
2023-08-05 21:29:44.123456|JKTC|YIA|2023-08-05|505800.0
2023-08-05 11:42:21.123456|JKTC|YIA|2023-08-05|505800.0
2023-08-05 16:52:15.123456|JKTC|YIA|2023-08-05|510800.0
2023-08-05 15:10:44.123456|JKTC|YIA|2023-08-05|495800.0
2023-08-06 16:42:07.123456|JKTC|YIA|2023-08-06|527600.0
2023-08-06 19:47:41.123456|JKTC|YIA|2023-08-06|527600.0
2023-08-06 21:38:10.123456|JKTC|YIA|2023-08-06|527600.0
2023-08-06 17:39:22.123456|JKTC|YIA|2023-08-06|532600.0
2023-08-07 08:39:51.123456|JKTC|YIA|2023-08-07|452400.0
2023-08-07 17:16:08.123456|JKTC|YIA|2023-08-07|462400.0
2023-08-08 08:44:00.123456|JKTC|YIA|2023-08-08|444900.0
2023-08-08 10:07:44.123456|JKTC|YIA|2023-08-08|444900.0
2023-08-08 10:19:12.123456|JKTC|YIA|2023-08-08|439900.0
2023-08-09 15:46:21.123456|JKTC|YIA|2023-08-09|403000.0
2023-08-09 12:37:42.123456|JKTC|YIA|2023-08-09|408000.0
2023-08-10 10:22:29.123456|JKTC|YIA|2023-08-10|410100.0
2023-08-10 08:34:15.123456|JKTC|YIA|2023-08-10|415100.0
2023-08-10 16:57:15.123456|JKTC|YIA|2023-08-10|425100.0
2023-08-10 13:11:11.123456|JKTC|YIA|2023-08-10|410100.0
2023-08-11 10:51:37.123456|JKTC|YIA|2023-08-11|494200.0
2023-08-11 19:02:20.123456|JKTC|YIA|2023-08-11|509200.0
2023-08-12 11:21:27.123456|JKTC|YIA|2023-08-12|498900.0
2023-08-12 18:02:51.123456|JKTC|YIA|2023-08-12|503900.0
2023-08-13 20:34:37.123456|JKTC|YIA|2023-08-13|492100.0
2023-08-13 20:32:18.123456|JKTC|YIA|2023-08-13|482100.0
2023-08-14 18:37:42.123456|JKTC|YIA|2023-08-14|441500.0
2023-08-14 10:02:38.123456|JKTC|YIA|2023-08-14|436500.0
2023-08-15 15:02:38.123456|JKTC|YIA|2023-08-15|426700.0
2023-08-15 20:32:26.123456|JKTC|YIA|2023-08-15|416700.0
2023-08-15 17:24:32.123456|JKTC|YIA|2023-08-15|421700.0
2023-08-16 08:15:55.123456|JKTC|YIA|2023-08-16|390300.0
2023-08-16 21:00:04.123456|JKTC|YIA|2023-08-16|380300.0
2023-08-16 15:15:03.123456|JKTC|YIA|2023-08-16|390300.0
2023-08-17 17:14:15.123456|JKTC|YIA|2023-08-17|420800.0
2023-08-17 08:50:45.123456|JKTC|YIA|2023-08-17|415800.0
2023-08-17 12:58:03.123456|JKTC|YIA|2023-08-17|415800.0
2023-08-17 09:33:10.123456|JKTC|YIA|2023-08-17|415800.0
2023-08-18 09:43:10.123456|JKTC|YIA|2023-08-18|438100.0
2023-08-18 19:54:11.123456|JKTC|YIA|2023-08-18|433100.0
2023-08-18 13:29:22.123456|JKTC|YIA|2023-08-18|438100.0
2023-08-18 11:29:06.123456|JKTC|YIA|2023-08-18|448100.0
2023-08-19 17:07:38.123456|JKTC|YIA|2023-08-19|441000.0
2023-08-19 09:26:46.123456|JKTC|YIA|2023-08-19|446000.0
2023-08-19 11:42:08.123456|JKTC|YIA|2023-08-19|446000.0
2023-08-19 17:02:28.123456|JKTC|YIA|2023-08-19|436000.0
2023-08-20 15:16:40.123456|JKTC|YIA|2023-08-20|491800.0
2023-08-20 12:14:24.123456|JKTC|YIA|2023-08-20|481800.0
2023-08-20 20:32:48.123456|JKTC|YIA|2023-08-20|481800.0
2023-08-20 12:04:07.123456|JKTC|YIA|2023-08-20|491800.0
2023-08-21 14:56:20.123456|JKTC|YIA|2023-08-21|447200.0
2023-08-21 14:15:56.123456|JKTC|YIA|2023-08-21|442200.0
2023-08-21 10:14:10.123456|JKTC|YIA|2023-08-21|447200.0
2023-08-21 16:43:58.123456|JKTC|YIA|2023-08-21|442200.0
2023-08-22 15:46:32.123456|JKTC|YIA|2023-08-22|457200.0
2023-08-22 11:16:35.123456|JKTC|YIA|2023-08-22|457200.0
2023-08-22 18:58:07.123456|JKTC|YIA|2023-08-22|462200.0
2023-08-22 09:12:35.123456|JKTC|YIA|2023-08-22|452200.0
2023-08-23 09:58:08.123456|JKTC|YIA|2023-08-23|434000.0
2023-08-23 17:09:56.123456|JKTC|YIA|2023-08-23|444000.0
2023-08-24 08:18:28.123456|JKTC|YIA|2023-08-24|464800.0
2023-08-24 21:23:04.123456|JKTC|YIA|2023-08-24|459800.0
2023-08-24 16:45:23.123456|JKTC|YIA|2023-08-24|459800.0
2023-08-25 08:02:26.123456|JKTC|YIA|2023-08-25|470600.0
2023-08-25 14:51:06.123456|JKTC|YIA|2023-08-25|485600.0
2023-08-25 19:42:45.123456|JKTC|YIA|2023-08-25|475600.0
2023-08-26 16:55:35.123456|JKTC|YIA|2023-08-26|453200.0
2023-08-26 09:39:51.123456|JKTC|YIA|2023-08-26|468200.0
2023-08-27 09:44:28.123456|JKTC|YIA|2023-08-27|505700.0
2023-08-27 16:01:25.123456|JKTC|YIA|2023-08-27|510700.0
2023-08-27 12:09:28.123456|JKTC|YIA|2023-08-27|515700.0
2023-08-27 11:06:17.123456|JKTC|YIA|2023-08-27|505700.0
2023-08-28 08:50:54.123456|JKTC|YIA|2023-08-28|440200.0
2023-08-28 15:47:22.123456|JKTC|YIA|2023-08-28|445200.0
2023-08-28 19:36:32.123456|JKTC|YIA|2023-08-28|435200.0
2023-08-28 11:13:08.123456|JKTC|YIA|2023-08-28|445200.0
2023-08-29 16:54:42.123456|JKTC|YIA|2023-08-29|415100.0
2023-08-29 12:43:31.123456|JKTC|YIA|2023-08-29|400100.0
2023-08-29 20:00:58.123456|JKTC|YIA|2023-08-29|415100.0
2023-08-29 14:36:52.123456|JKTC|YIA|2023-08-29|410100.0
2023-08-30 09:03:22.123456|JKTC|YIA|2023-08-30|418900.0
2023-08-30 11:17:46.123456|JKTC|YIA|2023-08-30|413900.0
2023-08-30 19:11:19.123456|JKTC|YIA|2023-08-30|413900.0
2023-08-31 08:17:00.123456|JKTC|YIA|2023-08-31|468500.0
2023-08-31 19:45:34.123456|JKTC|YIA|2023-08-31|478500.0
2023-08-31 18:06:31.123456|JKTC|YIA|2023-08-31|463500.0
2023-09-01 14:21:43.123456|JKTC|YIA|2023-09-01|502400.0
2023-09-01 11:05:30.123456|JKTC|YIA|2023-09-01|497400.0
2023-09-02 21:14:02.123456|JKTC|YIA|2023-09-02|482000.0
2023-09-02 08:09:07.123456|JKTC|YIA|2023-09-02|487000.0
2023-09-03 16:55:17.123456|JKTC|YIA|2023-09-03|494000.0
2023-09-03 17:42:43.123456|JKTC|YIA|2023-09-03|484000.0
2023-09-04 13:50:38.123456|JKTC|YIA|2023-09-04|433200.0
2023-09-04 11:29:48.123456|JKTC|YIA|2023-09-04|443200.0
2023-09-05 20:11:48.123456|JKTC|YIA|2023-09-05|404200.0
2023-09-05 12:57:43.123456|JKTC|YIA|2023-09-05|394200.0
2023-09-05 21:13:20.123456|JKTC|YIA|2023-09-05|399200.0
2023-09-06 20:51:08.123456|JKTC|YIA|2023-09-06|410900.0
2023-09-06 14:09:53.123456|JKTC|YIA|2023-09-06|400900.0
2023-09-06 14:30:53.123456|JKTC|YIA|2023-09-06|400900.0
2023-09-06 09:38:47.123456|JKTC|YIA|2023-09-06|410900.0
2023-09-07 10:16:55.123456|JKTC|YIA|2023-09-07|379600.0
2023-09-07 15:31:43.123456|JKTC|YIA|2023-09-07|389600.0
2023-09-08 10:54:18.123456|JKTC|YIA|2023-09-08|444900.0
2023-09-08 16:54:11.123456|JKTC|YIA|2023-09-08|454900.0
2023-09-09 14:15:24.123456|JKTC|YIA|2023-09-09|417700.0
2023-09-09 09:23:22.123456|JKTC|YIA|2023-09-09|412700.0
2023-09-09 14:38:51.123456|JKTC|YIA|2023-09-09|422700.0
2023-09-09 10:01:14.123456|JKTC|YIA|2023-09-09|417700.0
2023-09-10 12:21:06.123456|JKTC|YIA|2023-09-10|449100.0
2023-09-10 15:27:01.123456|JKTC|YIA|2023-09-10|459100.0
2023-09-10 12:46:20.123456|JKTC|YIA|2023-09-10|454100.0
2023-09-10 16:40:20.123456|JKTC|YIA|2023-09-10|449100.0
2023-09-11 19:08:18.123456|JKTC|YIA|2023-09-11|422300.0
2023-09-11 15:22:53.123456|JKTC|YIA|2023-09-11|417300.0
2023-09-11 18:05:03.123456|JKTC|YIA|2023-09-11|407300.0
2023-09-12 19:24:19.123456|JKTC|YIA|2023-09-12|384900.0
2023-09-12 15:07:14.123456|JKTC|YIA|2023-09-12|379900.0
2023-09-12 13:13:52.123456|JKTC|YIA|2023-09-12|389900.0
2023-09-13 19:29:33.123456|JKTC|YIA|2023-09-13|365900.0
2023-09-13 16:21:08.123456|JKTC|YIA|2023-09-13|365900.0
2023-09-13 13:07:17.123456|JKTC|YIA|2023-09-13|380900.0
2023-09-13 19:48:44.123456|JKTC|YIA|2023-09-13|365900.0
2023-09-14 08:55:56.123456|JKTC|YIA|2023-09-14|383300.0
2023-09-14 12:47:41.123456|JKTC|YIA|2023-09-14|393300.0
2023-09-14 18:55:57.123456|JKTC|YIA|2023-09-14|388300.0
2023-09-14 12:12:04.123456|JKTC|YIA|2023-09-14|393300.0
2023-09-15 19:00:17.123456|JKTC|YIA|2023-09-15|454600.0
2023-09-15 11:29:25.123456|JKTC|YIA|2023-09-15|454600.0
2023-09-15 14:27:37.123456|JKTC|YIA|2023-09-15|449600.0
2023-09-15 13:03:57.123456|JKTC|YIA|2023-09-15|454600.0
2023-09-16 13:04:24.123456|JKTC|YIA|2023-09-16|434600.0
2023-09-16 13:57:01.123456|JKTC|YIA|2023-09-16|424600.0
2023-09-16 10:57:39.123456|JKTC|YIA|2023-09-16|434600.0
2023-09-16 20:41:28.123456|JKTC|YIA|2023-09-16|424600.0
2023-09-17 08:12:22.123456|JKTC|YIA|2023-09-17|429700.0
2023-09-17 11:37:41.123456|JKTC|YIA|2023-09-17|424700.0
2023-09-17 08:30:46.123456|JKTC|YIA|2023-09-17|424700.0
2023-09-18 14:27:35.123456|JKTC|YIA|2023-09-18|392800.0
2023-09-18 21:21:42.123456|JKTC|YIA|2023-09-18|402800.0
2023-09-18 18:58:29.123456|JKTC|YIA|2023-09-18|402800.0
2023-09-19 21:14:32.123456|JKTC|YIA|2023-09-19|425400.0
2023-09-19 14:43:06.123456|JKTC|YIA|2023-09-19|410400.0
2023-09-20 21:42:37.123456|JKTC|YIA|2023-09-20|402400.0
2023-09-20 15:03:19.123456|JKTC|YIA|2023-09-20|397400.0
2023-09-20 20:10:28.123456|JKTC|YIA|2023-09-20|407400.0
2023-09-20 08:29:32.123456|JKTC|YIA|2023-09-20|397400.0
2023-09-21 15:37:13.123456|JKTC|YIA|2023-09-21|405600.0
2023-09-21 08:20:29.123456|JKTC|YIA|2023-09-21|405600.0
2023-09-21 09:29:16.123456|JKTC|YIA|2023-09-21|405600.0
2023-09-22 11:20:49.123456|JKTC|YIA|2023-09-22|427600.0
2023-09-22 16:18:09.123456|JKTC|YIA|2023-09-22|422600.0
2023-09-23 16:58:30.123456|JKTC|YIA|2023-09-23|516100.0
2023-09-23 13:30:04.123456|JKTC|YIA|2023-09-23|506100.0
2023-09-24 19:38:23.123456|JKTC|YIA|2023-09-24|504900.0
2023-09-24 08:41:36.123456|JKTC|YIA|2023-09-24|489900.0
2023-09-25 11:06:14.123456|JKTC|YIA|2023-09-25|465200.0
2023-09-25 19:33:25.123456|JKTC|YIA|2023-09-25|465200.0
2023-09-26 15:19:15.123456|JKTC|YIA|2023-09-26|442500.0
2023-09-26 17:01:41.123456|JKTC|YIA|2023-09-26|447500.0
2023-09-26 12:33:32.123456|JKTC|YIA|2023-09-26|442500.0
2023-09-27 08:24:25.123456|JKTC|YIA|2023-09-27|452800.0
2023-09-27 11:50:54.123456|JKTC|YIA|2023-09-27|447800.0
2023-09-27 16:39:25.123456|JKTC|YIA|2023-09-27|437800.0
2023-09-27 09:55:45.123456|JKTC|YIA|2023-09-27|442800.0
2023-09-28 21:22:55.123456|JKTC|YIA|2023-09-28|419400.0
2023-09-28 17:12:40.123456|JKTC|YIA|2023-09-28|434400.0
2023-09-28 15:14:20.123456|JKTC|YIA|2023-09-28|424400.0
2023-09-29 21:11:04.123456|JKTC|YIA|2023-09-29|502000.0
2023-09-29 09:19:23.123456|JKTC|YIA|2023-09-29|492000.0
2023-09-29 14:13:00.123456|JKTC|YIA|2023-09-29|497000.0
2023-09-30 14:03:35.123456|JKTC|YIA|2023-09-30|481900.0
2023-09-30 14:57:26.123456|JKTC|YIA|2023-09-30|471900.0
2023-10-01 18:54:21.123456|JKTC|YIA|2023-10-01|503500.0
2023-10-01 08:17:33.123456|JKTC|YIA|2023-10-01|503500.0
2023-10-01 17:14:42.123456|JKTC|YIA|2023-10-01|498500.0
2023-10-01 12:50:20.123456|JKTC|YIA|2023-10-01|498500.0
2023-10-02 15:44:21.123456|JKTC|YIA|2023-10-02|441800.0
2023-10-02 11:38:49.123456|JKTC|YIA|2023-10-02|436800.0
2023-10-02 09:48:43.123456|JKTC|YIA|2023-10-02|431800.0
2023-10-02 20:46:23.123456|JKTC|YIA|2023-10-02|436800.0
2023-10-03 15:50:51.123456|JKTC|YIA|2023-10-03|410700.0
2023-10-03 10:24:53.123456|JKTC|YIA|2023-10-03|410700.0
2023-10-03 19:54:25.123456|JKTC|YIA|2023-10-03|425700.0
2023-10-03 11:09:14.123456|JKTC|YIA|2023-10-03|425700.0
2023-10-04 15:03:58.123456|JKTC|YIA|2023-10-04|465100.0
2023-10-04 09:35:49.123456|JKTC|YIA|2023-10-04|465100.0
2023-10-04 14:56:06.123456|JKTC|YIA|2023-10-04|470100.0
2023-10-04 17:42:03.123456|JKTC|YIA|2023-10-04|455100.0
2023-10-05 21:30:03.123456|JKTC|YIA|2023-10-05|390700.0
2023-10-05 09:20:19.123456|JKTC|YIA|2023-10-05|405700.0
2023-10-05 08:48:34.123456|JKTC|YIA|2023-10-05|395700.0
2023-10-05 16:36:32.123456|JKTC|YIA|2023-10-05|405700.0
2023-10-06 20:46:21.123456|JKTC|YIA|2023-10-06|468000.0
2023-10-06 18:45:32.123456|JKTC|YIA|2023-10-06|468000.0
2023-10-06 12:36:46.123456|JKTC|YIA|2023-10-06|483000.0
2023-10-07 20:15:42.123456|JKTC|YIA|2023-10-07|444700.0
2023-10-07 14:50:23.123456|JKTC|YIA|2023-10-07|449700.0
2023-10-07 09:52:03.123456|JKTC|YIA|2023-10-07|449700.0
2023-10-08 15:43:52.123456|JKTC|YIA|2023-10-08|430200.0
2023-10-08 12:11:15.123456|JKTC|YIA|2023-10-08|425200.0
2023-10-08 17:51:40.123456|JKTC|YIA|2023-10-08|415200.0
2023-10-08 21:51:42.123456|JKTC|YIA|2023-10-08|425200.0
2023-10-09 09:53:00.123456|JKTC|YIA|2023-10-09|376900.0
2023-10-09 14:14:54.123456|JKTC|YIA|2023-10-09|376900.0
2023-10-10 09:56:19.123456|JKTC|YIA|2023-10-10|383000.0
2023-10-10 08:35:52.123456|JKTC|YIA|2023-10-10|383000.0
2023-10-10 13:14:18.123456|JKTC|YIA|2023-10-10|373000.0
2023-10-10 09:19:49.123456|JKTC|YIA|2023-10-10|383000.0
2023-10-11 20:55:06.123456|JKTC|YIA|2023-10-11|394200.0
2023-10-11 13:17:49.123456|JKTC|YIA|2023-10-11|399200.0
2023-10-11 14:14:47.123456|JKTC|YIA|2023-10-11|394200.0
2023-10-11 12:41:45.123456|JKTC|YIA|2023-10-11|409200.0
2023-10-12 13:22:42.123456|JKTC|YIA|2023-10-12|406800.0
2023-10-12 20:57:42.123456|JKTC|YIA|2023-10-12|406800.0
2023-10-12 08:31:43.123456|JKTC|YIA|2023-10-12|406800.0
2023-10-12 14:57:31.123456|JKTC|YIA|2023-10-12|411800.0
2023-10-13 17:33:01.123456|JKTC|YIA|2023-10-13|451100.0
2023-10-13 16:44:52.123456|JKTC|YIA|2023-10-13|451100.0
2023-10-13 19:28:12.123456|JKTC|YIA|2023-10-13|446100.0
2023-10-14 14:11:14.123456|JKTC|YIA|2023-10-14|420000.0
2023-10-14 14:07:39.123456|JKTC|YIA|2023-10-14|425000.0
2023-10-14 21:56:46.123456|JKTC|YIA|2023-10-14|410000.0
2023-10-14 17:51:44.123456|JKTC|YIA|2023-10-14|410000.0
2023-10-15 20:54:00.123456|JKTC|YIA|2023-10-15|419000.0
2023-10-15 18:43:04.123456|JKTC|YIA|2023-10-15|419000.0
2023-10-15 09:26:55.123456|JKTC|YIA|2023-10-15|434000.0
2023-10-16 20:27:48.123456|JKTC|YIA|2023-10-16|372200.0
2023-10-16 18:18:45.123456|JKTC|YIA|2023-10-16|362200.0
2023-10-16 10:00:08.123456|JKTC|YIA|2023-10-16|377200.0
2023-10-16 19:50:19.123456|JKTC|YIA|2023-10-16|372200.0
2023-10-17 20:41:09.123456|JKTC|YIA|2023-10-17|417000.0
2023-10-17 09:33:05.123456|JKTC|YIA|2023-10-17|422000.0
2023-10-18 09:49:16.123456|JKTC|YIA|2023-10-18|419200.0
2023-10-18 09:34:20.123456|JKTC|YIA|2023-10-18|409200.0
2023-10-18 19:17:14.123456|JKTC|YIA|2023-10-18|409200.0
2023-10-18 12:01:41.123456|JKTC|YIA|2023-10-18|419200.0
2023-10-19 11:53:32.123456|JKTC|YIA|2023-10-19|406100.0
2023-10-19 10:15:21.123456|JKTC|YIA|2023-10-19|401100.0
2023-10-19 16:41:51.123456|JKTC|YIA|2023-10-19|406100.0
2023-10-19 08:39:08.123456|JKTC|YIA|2023-10-19|401100.0
2023-10-20 12:51:37.123456|JKTC|YIA|2023-10-20|454200.0
2023-10-20 18:43:31.123456|JKTC|YIA|2023-10-20|459200.0
2023-10-21 20:51:42.123456|JKTC|YIA|2023-10-21|427200.0
2023-10-21 14:33:37.123456|JKTC|YIA|2023-10-21|427200.0
2023-10-21 20:10:51.123456|JKTC|YIA|2023-10-21|427200.0
2023-10-22 15:31:54.123456|JKTC|YIA|2023-10-22|445900.0
2023-10-22 14:58:38.123456|JKTC|YIA|2023-10-22|450900.0
2023-10-22 08:17:13.123456|JKTC|YIA|2023-10-22|435900.0
2023-10-22 09:45:15.123456|JKTC|YIA|2023-10-22|435900.0
2023-10-23 09:31:31.123456|JKTC|YIA|2023-10-23|438100.0
2023-10-23 16:23:41.123456|JKTC|YIA|2023-10-23|428100.0
2023-10-23 16:24:56.123456|JKTC|YIA|2023-10-23|438100.0
2023-10-24 09:09:54.123456|JKTC|YIA|2023-10-24|413400.0
2023-10-24 08:33:17.123456|JKTC|YIA|2023-10-24|413400.0
2023-10-24 09:12:14.123456|JKTC|YIA|2023-10-24|418400.0
2023-10-24 17:24:42.123456|JKTC|YIA|2023-10-24|413400.0
2023-10-25 08:31:19.123456|JKTC|YIA|2023-10-25|431100.0
2023-10-25 10:44:18.123456|JKTC|YIA|2023-10-25|416100.0
2023-10-25 20:46:48.123456|JKTC|YIA|2023-10-25|421100.0
2023-10-26 12:32:18.123456|JKTC|YIA|2023-10-26|451700.0
2023-10-26 15:21:13.123456|JKTC|YIA|2023-10-26|446700.0
2023-10-26 14:51:28.123456|JKTC|YIA|2023-10-26|451700.0
2023-10-26 21:04:06.123456|JKTC|YIA|2023-10-26|446700.0
2023-10-27 15:40:09.123456|JKTC|YIA|2023-10-27|482900.0
2023-10-27 20:47:17.123456|JKTC|YIA|2023-10-27|497900.0
2023-10-27 10:23:24.123456|JKTC|YIA|2023-10-27|497900.0
2023-10-28 21:54:52.123456|JKTC|YIA|2023-10-28|497200.0
2023-10-28 18:10:03.123456|JKTC|YIA|2023-10-28|497200.0
2023-10-28 19:08:11.123456|JKTC|YIA|2023-10-28|497200.0
2023-10-28 18:50:12.123456|JKTC|YIA|2023-10-28|512200.0
2023-10-29 18:08:19.123456|JKTC|YIA|2023-10-29|520000.0
2023-10-29 15:41:37.123456|JKTC|YIA|2023-10-29|520000.0
2023-10-29 19:39:28.123456|JKTC|YIA|2023-10-29|505000.0
2023-10-29 11:42:32.123456|JKTC|YIA|2023-10-29|515000.0
2023-10-30 16:14:56.123456|JKTC|YIA|2023-10-30|470200.0
2023-10-30 12:02:05.123456|JKTC|YIA|2023-10-30|455200.0
2023-10-30 13:02:06.123456|JKTC|YIA|2023-10-30|465200.0
2023-10-31 18:27:02.123456|JKTC|YIA|2023-10-31|452000.0
2023-10-31 10:09:43.123456|JKTC|YIA|2023-10-31|452000.0
2023-10-31 15:33:56.123456|JKTC|YIA|2023-10-31|442000.0
2023-11-01 14:47:12.123456|JKTC|YIA|2023-11-01|464600.0
2023-11-01 21:33:25.123456|JKTC|YIA|2023-11-01|459600.0
2023-11-01 14:54:56.123456|JKTC|YIA|2023-11-01|449600.0
2023-11-02 10:21:46.123456|JKTC|YIA|2023-11-02|436100.0
2023-11-02 09:46:35.123456|JKTC|YIA|2023-11-02|431100.0
2023-11-02 17:34:42.123456|JKTC|YIA|2023-11-02|441100.0
2023-11-02 18:43:36.123456|JKTC|YIA|2023-11-02|426100.0
2023-11-03 20:16:06.123456|JKTC|YIA|2023-11-03|464400.0
2023-11-03 10:50:52.123456|JKTC|YIA|2023-11-03|454400.0
2023-11-03 19:40:19.123456|JKTC|YIA|2023-11-03|454400.0
2023-11-04 10:13:56.123456|JKTC|YIA|2023-11-04|489800.0
2023-11-04 13:34:30.123456|JKTC|YIA|2023-11-04|479800.0
2023-11-04 18:53:50.123456|JKTC|YIA|2023-11-04|494800.0
2023-11-04 19:53:12.123456|JKTC|YIA|2023-11-04|489800.0
2023-11-05 14:13:03.123456|JKTC|YIA|2023-11-05|480200.0
2023-11-05 15:39:26.123456|JKTC|YIA|2023-11-05|495200.0
2023-11-05 11:53:04.123456|JKTC|YIA|2023-11-05|490200.0
2023-11-06 16:54:10.123456|JKTC|YIA|2023-11-06|437900.0
2023-11-06 17:07:03.123456|JKTC|YIA|2023-11-06|437900.0
2023-11-07 08:01:31.123456|JKTC|YIA|2023-11-07|370900.0
2023-11-07 20:36:19.123456|JKTC|YIA|2023-11-07|370900.0
2023-11-08 17:58:53.123456|JKTC|YIA|2023-11-08|387200.0
2023-11-08 15:53:48.123456|JKTC|YIA|2023-11-08|397200.0
2023-11-08 14:51:15.123456|JKTC|YIA|2023-11-08|397200.0
2023-11-08 09:35:26.123456|JKTC|YIA|2023-11-08|392200.0
2023-11-09 18:38:19.123456|JKTC|YIA|2023-11-09|381000.0
2023-11-09 12:31:53.123456|JKTC|YIA|2023-11-09|386000.0
2023-11-09 16:58:38.123456|JKTC|YIA|2023-11-09|386000.0
2023-11-09 21:27:31.123456|JKTC|YIA|2023-11-09|391000.0
2023-11-10 18:58:09.123456|JKTC|YIA|2023-11-10|472500.0
2023-11-10 18:50:28.123456|JKTC|YIA|2023-11-10|467500.0
2023-11-11 08:41:45.123456|JKTC|YIA|2023-11-11|419100.0
2023-11-11 08:49:28.123456|JKTC|YIA|2023-11-11|424100.0
2023-11-11 13:00:50.123456|JKTC|YIA|2023-11-11|424100.0
2023-11-11 17:09:53.123456|JKTC|YIA|2023-11-11|429100.0
2023-11-12 10:55:11.123456|JKTC|YIA|2023-11-12|419900.0
2023-11-12 10:58:47.123456|JKTC|YIA|2023-11-12|419900.0
2023-11-12 14:33:56.123456|JKTC|YIA|2023-11-12|419900.0
2023-11-13 21:53:58.123456|JKTC|YIA|2023-11-13|405400.0
2023-11-13 20:19:37.123456|JKTC|YIA|2023-11-13|410400.0
2023-11-14 11:10:23.123456|JKTC|YIA|2023-11-14|446100.0
2023-11-14 20:58:30.123456|JKTC|YIA|2023-11-14|436100.0
2023-11-15 17:09:10.123456|JKTC|YIA|2023-11-15|433100.0
2023-11-15 12:33:25.123456|JKTC|YIA|2023-11-15|423100.0
2023-11-16 12:34:44.123456|JKTC|YIA|2023-11-16|378200.0
2023-11-16 11:04:10.123456|JKTC|YIA|2023-11-16|383200.0
2023-11-17 19:40:48.123456|JKTC|YIA|2023-11-17|475000.0
2023-11-17 17:47:19.123456|JKTC|YIA|2023-11-17|470000.0
2023-11-18 17:58:01.123456|JKTC|YIA|2023-11-18|486400.0
2023-11-18 15:11:02.123456|JKTC|YIA|2023-11-18|496400.0
2023-11-19 10:57:23.123456|JKTC|YIA|2023-11-19|468800.0
2023-11-19 16:22:23.123456|JKTC|YIA|2023-11-19|473800.0
2023-11-19 19:30:20.123456|JKTC|YIA|2023-11-19|478800.0
2023-11-20 20:17:04.123456|JKTC|YIA|2023-11-20|434600.0
2023-11-20 14:52:15.123456|JKTC|YIA|2023-11-20|434600.0
2023-11-21 12:11:26.123456|JKTC|YIA|2023-11-21|475500.0
2023-11-21 18:43:37.123456|JKTC|YIA|2023-11-21|485500.0
2023-11-21 13:08:17.123456|JKTC|YIA|2023-11-21|485500.0
2023-11-22 15:48:33.123456|JKTC|YIA|2023-11-22|450600.0
2023-11-22 14:07:30.123456|JKTC|YIA|2023-11-22|455600.0
2023-11-22 12:48:52.123456|JKTC|YIA|2023-11-22|445600.0
2023-11-22 11:56:54.123456|JKTC|YIA|2023-11-22|460600.0
2023-11-23 19:13:37.123456|JKTC|YIA|2023-11-23|428500.0
2023-11-23 15:38:08.123456|JKTC|YIA|2023-11-23|433500.0
2023-11-23 13:21:32.123456|JKTC|YIA|2023-11-23|443500.0
2023-11-23 17:09:40.123456|JKTC|YIA|2023-11-23|433500.0
2023-11-24 19:29:12.123456|JKTC|YIA|2023-11-24|527800.0
2023-11-24 21:48:25.123456|JKTC|YIA|2023-11-24|522800.0
2023-11-24 20:48:09.123456|JKTC|YIA|2023-11-24|522800.0
2023-11-25 12:09:25.123456|JKTC|YIA|2023-11-25|519500.0
2023-11-25 18:09:30.123456|JKTC|YIA|2023-11-25|524500.0
2023-11-26 09:52:48.123456|JKTC|YIA|2023-11-26|523700.0
2023-11-26 11:22:13.123456|JKTC|YIA|2023-11-26|518700.0
2023-11-26 20:52:23.123456|JKTC|YIA|2023-11-26|508700.0
2023-11-26 13:41:55.123456|JKTC|YIA|2023-11-26|518700.0
2023-11-27 13:31:02.123456|JKTC|YIA|2023-11-27|434700.0
2023-11-27 14:28:35.123456|JKTC|YIA|2023-11-27|444700.0
2023-11-28 19:17:40.123456|JKTC|YIA|2023-11-28|442800.0
2023-11-28 17:56:38.123456|JKTC|YIA|2023-11-28|442800.0
2023-11-29 18:41:19.123456|JKTC|YIA|2023-11-29|495500.0
2023-11-29 19:10:03.123456|JKTC|YIA|2023-11-29|490500.0
2023-11-29 11:35:15.123456|JKTC|YIA|2023-11-29|485500.0
2023-11-29 16:29:14.123456|JKTC|YIA|2023-11-29|495500.0
2023-11-30 09:09:41.123456|JKTC|YIA|2023-11-30|462600.0
2023-11-30 20:12:03.123456|JKTC|YIA|2023-11-30|462600.0
2023-11-30 08:47:09.123456|JKTC|YIA|2023-11-30|457600.0
2023-12-01 10:51:13.123456|JKTC|YIA|2023-12-01|519500.0
2023-12-01 10:41:41.123456|JKTC|YIA|2023-12-01|524500.0
2023-12-01 12:26:28.123456|JKTC|YIA|2023-12-01|519500.0
2023-12-01 12:42:20.123456|JKTC|YIA|2023-12-01|514500.0
2023-12-02 16:03:23.123456|JKTC|YIA|2023-12-02|493500.0
2023-12-02 10:22:15.123456|JKTC|YIA|2023-12-02|498500.0
2023-12-02 11:47:25.123456|JKTC|YIA|2023-12-02|483500.0
2023-12-02 10:03:43.123456|JKTC|YIA|2023-12-02|483500.0
2023-12-03 12:53:15.123456|JKTC|YIA|2023-12-03|493900.0
2023-12-03 19:26:28.123456|JKTC|YIA|2023-12-03|493900.0
2023-12-04 21:42:52.123456|JKTC|YIA|2023-12-04|460100.0
2023-12-04 20:52:58.123456|JKTC|YIA|2023-12-04|470100.0
2023-12-04 21:33:46.123456|JKTC|YIA|2023-12-04|465100.0
2023-12-04 10:39:46.123456|JKTC|YIA|2023-12-04|460100.0
2023-12-05 08:10:43.123456|JKTC|YIA|2023-12-05|443500.0
2023-12-05 16:07:08.123456|JKTC|YIA|2023-12-05|453500.0
2023-12-06 12:44:15.123456|JKTC|YIA|2023-12-06|423000.0
2023-12-06 14:41:03.123456|JKTC|YIA|2023-12-06|428000.0
2023-12-06 17:51:54.123456|JKTC|YIA|2023-12-06|433000.0
2023-12-06 13:48:51.123456|JKTC|YIA|2023-12-06|433000.0
2023-12-07 11:58:19.123456|JKTC|YIA|2023-12-07|425300.0
2023-12-07 17:37:07.123456|JKTC|YIA|2023-12-07|430300.0
2023-12-07 14:06:07.123456|JKTC|YIA|2023-12-07|425300.0
2023-12-07 21:17:38.123456|JKTC|YIA|2023-12-07|435300.0
2023-12-08 15:55:12.123456|JKTC|YIA|2023-12-08|455800.0
2023-12-08 15:38:38.123456|JKTC|YIA|2023-12-08|450800.0
2023-12-08 13:11:46.123456|JKTC|YIA|2023-12-08|455800.0
2023-12-09 14:00:21.123456|JKTC|YIA|2023-12-09|480100.0
2023-12-09 19:12:48.123456|JKTC|YIA|2023-12-09|490100.0
2023-12-09 19:55:17.123456|JKTC|YIA|2023-12-09|475100.0
2023-12-10 13:27:33.123456|JKTC|YIA|2023-12-10|488200.0
2023-12-10 15:44:58.123456|JKTC|YIA|2023-12-10|488200.0
2023-12-10 21:19:53.123456|JKTC|YIA|2023-12-10|478200.0
2023-12-10 18:45:04.123456|JKTC|YIA|2023-12-10|478200.0
2023-12-11 15:48:31.123456|JKTC|YIA|2023-12-11|433300.0
2023-12-11 16:39:37.123456|JKTC|YIA|2023-12-11|423300.0
2023-12-12 19:19:08.123456|JKTC|YIA|2023-12-12|423600.0
2023-12-12 16:09:05.123456|JKTC|YIA|2023-12-12|413600.0
2023-12-12 10:26:17.123456|JKTC|YIA|2023-12-12|418600.0
2023-12-12 19:16:23.123456|JKTC|YIA|2023-12-12|428600.0
2023-12-13 17:22:32.123456|JKTC|YIA|2023-12-13|483400.0
2023-12-13 19:39:01.123456|JKTC|YIA|2023-12-13|488400.0
2023-12-13 11:47:51.123456|JKTC|YIA|2023-12-13|478400.0
2023-12-13 10:58:10.123456|JKTC|YIA|2023-12-13|483400.0
2023-12-14 14:29:23.123456|JKTC|YIA|2023-12-14|468700.0
2023-12-14 08:25:43.123456|JKTC|YIA|2023-12-14|468700.0
2023-12-14 18:00:04.123456|JKTC|YIA|2023-12-14|468700.0
2023-12-14 20:51:04.123456|JKTC|YIA|2023-12-14|473700.0
2023-12-15 13:06:57.123456|JKTC|YIA|2023-12-15|509000.0
2023-12-15 14:26:31.123456|JKTC|YIA|2023-12-15|519000.0
2023-12-16 12:43:42.123456|JKTC|YIA|2023-12-16|536700.0
2023-12-16 10:53:25.123456|JKTC|YIA|2023-12-16|531700.0
2023-12-16 19:41:09.123456|JKTC|YIA|2023-12-16|541700.0
2023-12-17 09:56:19.123456|JKTC|YIA|2023-12-17|563700.0
2023-12-17 16:10:21.123456|JKTC|YIA|2023-12-17|548700.0
2023-12-18 16:41:47.123456|JKTC|YIA|2023-12-18|530100.0
2023-12-18 13:46:17.123456|JKTC|YIA|2023-12-18|525100.0
2023-12-18 21:45:05.123456|JKTC|YIA|2023-12-18|525100.0
2023-12-18 13:20:14.123456|JKTC|YIA|2023-12-18|535100.0
2023-12-19 13:44:17.123456|JKTC|YIA|2023-12-19|546000.0
2023-12-19 17:12:22.123456|JKTC|YIA|2023-12-19|546000.0
2023-12-19 09:23:53.123456|JKTC|YIA|2023-12-19|551000.0
2023-12-20 17:06:51.123456|JKTC|YIA|2023-12-20|536500.0
2023-12-20 21:24:23.123456|JKTC|YIA|2023-12-20|536500.0
2023-12-20 11:33:03.123456|JKTC|YIA|2023-12-20|551500.0
2023-12-21 08:11:31.123456|JKTC|YIA|2023-12-21|577100.0
2023-12-21 21:57:55.123456|JKTC|YIA|2023-12-21|582100.0
2023-12-21 11:40:40.123456|JKTC|YIA|2023-12-21|577100.0
2023-12-21 17:32:56.123456|JKTC|YIA|2023-12-21|567100.0
2023-12-22 20:36:00.123456|JKTC|YIA|2023-12-22|669700.0
2023-12-22 20:48:06.123456|JKTC|YIA|2023-12-22|664700.0
2023-12-22 13:37:30.123456|JKTC|YIA|2023-12-22|669700.0
2023-12-22 13:18:02.123456|JKTC|YIA|2023-12-22|674700.0
2023-12-23 11:56:13.123456|JKTC|YIA|2023-12-23|706500.0
2023-12-23 17:21:08.123456|JKTC|YIA|2023-12-23|711500.0
2023-12-23 12:02:23.123456|JKTC|YIA|2023-12-23|701500.0
2023-12-24 15:43:12.123456|JKTC|YIA|2023-12-24|743100.0
2023-12-24 12:50:20.123456|JKTC|YIA|2023-12-24|743100.0
2023-12-24 08:26:12.123456|JKTC|YIA|2023-12-24|743100.0
2023-12-24 08:22:45.123456|JKTC|YIA|2023-12-24|748100.0
2023-12-25 08:19:51.123456|JKTC|YIA|2023-12-25|640800.0
2023-12-25 12:15:26.123456|JKTC|YIA|2023-12-25|640800.0
2023-12-26 12:53:31.123456|JKTC|YIA|2023-12-26|657400.0
2023-12-26 19:37:53.123456|JKTC|YIA|2023-12-26|662400.0
2023-12-27 08:23:32.123456|JKTC|YIA|2023-12-27|691100.0
2023-12-27 14:05:13.123456|JKTC|YIA|2023-12-27|681100.0
2023-12-27 18:43:36.123456|JKTC|YIA|2023-12-27|696100.0
2023-12-27 20:46:13.123456|JKTC|YIA|2023-12-27|696100.0
2023-12-28 15:25:07.123456|JKTC|YIA|2023-12-28|677000.0
2023-12-28 12:03:39.123456|JKTC|YIA|2023-12-28|687000.0
2023-12-28 10:07:25.123456|JKTC|YIA|2023-12-28|682000.0
2023-12-29 14:27:26.123456|JKTC|YIA|2023-12-29|725600.0
2023-12-29 18:01:27.123456|JKTC|YIA|2023-12-29|735600.0
2023-12-29 20:55:01.123456|JKTC|YIA|2023-12-29|725600.0
2023-12-30 13:07:07.123456|JKTC|YIA|2023-12-30|696100.0
2023-12-30 20:21:16.123456|JKTC|YIA|2023-12-30|691100.0
2023-12-30 19:53:30.123456|JKTC|YIA|2023-12-30|691100.0
2023-12-31 15:05:27.123456|JKTC|YIA|2023-12-31|695500.0
2023-12-31 14:22:29.123456|JKTC|YIA|2023-12-31|705500.0
2023-12-31 16:22:56.123456|JKTC|YIA|2023-12-31|695500.0
2023-12-31 16:42:28.123456|JKTC|YIA|2023-12-31|700500.0
2024-01-01 18:05:38.123456|JKTC|YIA|2024-01-01|623000.0
2024-01-01 14:12:57.123456|JKTC|YIA|2024-01-01|613000.0
2024-01-01 08:02:24.123456|JKTC|YIA|2024-01-01|623000.0
2024-01-02 20:16:08.123456|JKTC|YIA|2024-01-02|626200.0
2024-01-02 18:30:26.123456|JKTC|YIA|2024-01-02|626200.0
2024-01-03 15:20:58.123456|JKTC|YIA|2024-01-03|557700.0
2024-01-03 08:48:47.123456|JKTC|YIA|2024-01-03|562700.0
2024-01-03 20:36:56.123456|JKTC|YIA|2024-01-03|562700.0
2024-01-03 11:01:38.123456|JKTC|YIA|2024-01-03|557700.0
2024-01-04 08:27:49.123456|JKTC|YIA|2024-01-04|546400.0
2024-01-04 10:27:41.123456|JKTC|YIA|2024-01-04|551400.0
2024-01-05 21:51:39.123456|JKTC|YIA|2024-01-05|618400.0
2024-01-05 11:56:13.123456|JKTC|YIA|2024-01-05|618400.0
2024-01-06 12:34:30.123456|JKTC|YIA|2024-01-06|601200.0
2024-01-06 11:32:56.123456|JKTC|YIA|2024-01-06|591200.0
2024-01-06 09:15:14.123456|JKTC|YIA|2024-01-06|601200.0
2024-01-07 11:18:18.123456|JKTC|YIA|2024-01-07|564900.0
2024-01-07 16:21:52.123456|JKTC|YIA|2024-01-07|549900.0
2024-01-07 15:05:29.123456|JKTC|YIA|2024-01-07|564900.0
2024-01-08 16:53:19.123456|JKTC|YIA|2024-01-08|486600.0
2024-01-08 21:12:03.123456|JKTC|YIA|2024-01-08|486600.0
2024-01-08 16:29:57.123456|JKTC|YIA|2024-01-08|481600.0
2024-01-09 14:17:53.123456|JKTC|YIA|2024-01-09|494700.0
2024-01-09 13:54:02.123456|JKTC|YIA|2024-01-09|484700.0
2024-01-09 18:21:02.123456|JKTC|YIA|2024-01-09|499700.0
2024-01-10 12:55:43.123456|JKTC|YIA|2024-01-10|519500.0
2024-01-10 15:03:56.123456|JKTC|YIA|2024-01-10|504500.0
2024-01-10 20:13:50.123456|JKTC|YIA|2024-01-10|509500.0
2024-01-11 15:21:52.123456|JKTC|YIA|2024-01-11|442900.0
2024-01-11 09:16:05.123456|JKTC|YIA|2024-01-11|442900.0
2024-01-11 16:30:42.123456|JKTC|YIA|2024-01-11|447900.0
2024-01-11 12:10:20.123456|JKTC|YIA|2024-01-11|447900.0
2024-01-12 17:47:52.123456|JKTC|YIA|2024-01-12|538200.0
2024-01-12 20:46:29.123456|JKTC|YIA|2024-01-12|533200.0
2024-01-12 18:26:38.123456|JKTC|YIA|2024-01-12|538200.0
2024-01-12 12:25:49.123456|JKTC|YIA|2024-01-12|528200.0
2024-01-13 19:39:43.123456|JKTC|YIA|2024-01-13|541100.0
2024-01-13 19:38:44.123456|JKTC|YIA|2024-01-13|546100.0
2024-01-13 15:14:29.123456|JKTC|YIA|2024-01-13|541100.0
2024-01-14 21:52:37.123456|JKTC|YIA|2024-01-14|557200.0
2024-01-14 10:32:04.123456|JKTC|YIA|2024-01-14|557200.0
2024-01-14 09:52:19.123456|JKTC|YIA|2024-01-14|562200.0
2024-01-14 13:04:29.123456|JKTC|YIA|2024-01-14|567200.0
2024-01-15 17:20:51.123456|JKTC|YIA|2024-01-15|475500.0
2024-01-15 18:15:55.123456|JKTC|YIA|2024-01-15|475500.0
2024-01-15 11:41:34.123456|JKTC|YIA|2024-01-15|485500.0
2024-01-15 13:38:38.123456|JKTC|YIA|2024-01-15|490500.0
2024-01-16 16:49:54.123456|JKTC|YIA|2024-01-16|509400.0
2024-01-16 16:17:52.123456|JKTC|YIA|2024-01-16|509400.0
2024-01-17 10:22:16.123456|JKTC|YIA|2024-01-17|502800.0
2024-01-17 21:32:27.123456|JKTC|YIA|2024-01-17|497800.0
2024-01-17 17:08:34.123456|JKTC|YIA|2024-01-17|492800.0
2024-01-18 09:00:44.123456|JKTC|YIA|2024-01-18|539700.0
2024-01-18 16:22:05.123456|JKTC|YIA|2024-01-18|529700.0
2024-01-18 17:57:45.123456|JKTC|YIA|2024-01-18|524700.0
2024-01-18 19:07:49.123456|JKTC|YIA|2024-01-18|529700.0
2024-01-19 15:19:02.123456|JKTC|YIA|2024-01-19|531800.0
2024-01-19 21:36:36.123456|JKTC|YIA|2024-01-19|536800.0
2024-01-20 19:06:37.123456|JKTC|YIA|2024-01-20|576800.0
2024-01-20 14:09:32.123456|JKTC|YIA|2024-01-20|561800.0
2024-01-20 16:15:46.123456|JKTC|YIA|2024-01-20|561800.0
2024-01-20 15:25:45.123456|JKTC|YIA|2024-01-20|571800.0
2024-01-21 12:51:56.123456|JKTC|YIA|2024-01-21|560700.0
2024-01-21 16:08:28.123456|JKTC|YIA|2024-01-21|565700.0
2024-01-21 09:17:41.123456|JKTC|YIA|2024-01-21|565700.0
2024-01-22 15:25:23.123456|JKTC|YIA|2024-01-22|528300.0
2024-01-22 15:35:52.123456|JKTC|YIA|2024-01-22|533300.0
2024-01-22 16:47:05.123456|JKTC|YIA|2024-01-22|533300.0
2024-01-22 14:04:22.123456|JKTC|YIA|2024-01-22|518300.0
2024-01-23 20:15:27.123456|JKTC|YIA|2024-01-23|511500.0
2024-01-23 14:29:53.123456|JKTC|YIA|2024-01-23|516500.0
2024-01-24 17:06:02.123456|JKTC|YIA|2024-01-24|552300.0
2024-01-24 20:42:13.123456|JKTC|YIA|2024-01-24|557300.0
2024-01-24 21:41:47.123456|JKTC|YIA|2024-01-24|557300.0
2024-01-25 15:35:06.123456|JKTC|YIA|2024-01-25|530500.0
2024-01-25 10:37:04.123456|JKTC|YIA|2024-01-25|535500.0
2024-01-25 10:28:55.123456|JKTC|YIA|2024-01-25|530500.0
2024-01-25 08:40:18.123456|JKTC|YIA|2024-01-25|530500.0
2024-01-26 12:51:28.123456|JKTC|YIA|2024-01-26|588800.0
2024-01-26 14:21:29.123456|JKTC|YIA|2024-01-26|588800.0
2024-01-26 11:04:43.123456|JKTC|YIA|2024-01-26|573800.0
2024-01-27 21:14:40.123456|JKTC|YIA|2024-01-27|602600.0
2024-01-27 14:55:41.123456|JKTC|YIA|2024-01-27|597600.0
2024-01-28 13:44:33.123456|JKTC|YIA|2024-01-28|611100.0
2024-01-28 20:37:42.123456|JKTC|YIA|2024-01-28|626100.0
2024-01-29 10:33:42.123456|JKTC|YIA|2024-01-29|543600.0
2024-01-29 20:00:39.123456|JKTC|YIA|2024-01-29|538600.0
2024-01-30 11:56:16.123456|JKTC|YIA|2024-01-30|552600.0
2024-01-30 12:54:22.123456|JKTC|YIA|2024-01-30|552600.0
2024-01-31 14:44:41.123456|JKTC|YIA|2024-01-31|533500.0
2024-01-31 15:45:07.123456|JKTC|YIA|2024-01-31|543500.0
2024-02-01 10:19:08.123456|JKTC|YIA|2024-02-01|520600.0
2024-02-01 17:39:55.123456|JKTC|YIA|2024-02-01|520600.0
2024-02-01 21:39:45.123456|JKTC|YIA|2024-02-01|505600.0
2024-02-01 19:39:46.123456|JKTC|YIA|2024-02-01|510600.0
2024-02-02 11:38:47.123456|JKTC|YIA|2024-02-02|573000.0
2024-02-02 11:37:03.123456|JKTC|YIA|2024-02-02|563000.0
2024-02-02 19:13:25.123456|JKTC|YIA|2024-02-02|563000.0
2024-02-02 18:01:53.123456|JKTC|YIA|2024-02-02|563000.0
2024-02-03 21:32:15.123456|JKTC|YIA|2024-02-03|549600.0
2024-02-03 08:13:02.123456|JKTC|YIA|2024-02-03|564600.0
2024-02-04 19:45:44.123456|JKTC|YIA|2024-02-04|558900.0
2024-02-04 08:56:57.123456|JKTC|YIA|2024-02-04|553900.0
2024-02-04 21:03:17.123456|JKTC|YIA|2024-02-04|548900.0
2024-02-05 14:12:04.123456|JKTC|YIA|2024-02-05|502500.0
2024-02-05 15:22:06.123456|JKTC|YIA|2024-02-05|507500.0
2024-02-05 09:05:32.123456|JKTC|YIA|2024-02-05|497500.0
2024-02-06 20:57:08.123456|JKTC|YIA|2024-02-06|534900.0
2024-02-06 17:47:25.123456|JKTC|YIA|2024-02-06|519900.0
2024-02-06 19:11:45.123456|JKTC|YIA|2024-02-06|524900.0
2024-02-06 10:23:06.123456|JKTC|YIA|2024-02-06|519900.0
2024-02-07 10:28:09.123456|JKTC|YIA|2024-02-07|472000.0
2024-02-07 13:40:31.123456|JKTC|YIA|2024-02-07|482000.0
2024-02-07 11:20:49.123456|JKTC|YIA|2024-02-07|467000.0
2024-02-08 13:00:53.123456|JKTC|YIA|2024-02-08|471600.0
2024-02-08 16:04:21.123456|JKTC|YIA|2024-02-08|481600.0
2024-02-08 20:06:52.123456|JKTC|YIA|2024-02-08|486600.0
2024-02-08 20:44:40.123456|JKTC|YIA|2024-02-08|471600.0
2024-02-09 17:14:42.123456|JKTC|YIA|2024-02-09|559400.0
2024-02-09 17:16:36.123456|JKTC|YIA|2024-02-09|569400.0
2024-02-10 12:45:40.123456|JKTC|YIA|2024-02-10|578900.0
2024-02-10 15:00:28.123456|JKTC|YIA|2024-02-10|593900.0
2024-02-10 16:49:00.123456|JKTC|YIA|2024-02-10|588900.0
2024-02-11 13:32:29.123456|JKTC|YIA|2024-02-11|552900.0
2024-02-11 16:45:25.123456|JKTC|YIA|2024-02-11|552900.0
2024-02-12 08:54:11.123456|JKTC|YIA|2024-02-12|482600.0
2024-02-12 10:49:08.123456|JKTC|YIA|2024-02-12|477600.0
2024-02-13 19:20:30.123456|JKTC|YIA|2024-02-13|451200.0
2024-02-13 09:54:49.123456|JKTC|YIA|2024-02-13|451200.0
2024-02-13 15:50:21.123456|JKTC|YIA|2024-02-13|451200.0
2024-02-13 16:01:44.123456|JKTC|YIA|2024-02-13|456200.0
2024-02-14 19:09:37.123456|JKTC|YIA|2024-02-14|533100.0
2024-02-14 11:09:09.123456|JKTC|YIA|2024-02-14|528100.0
2024-02-15 18:55:25.123456|JKTC|YIA|2024-02-15|522400.0
2024-02-15 19:52:32.123456|JKTC|YIA|2024-02-15|517400.0
2024-02-15 17:24:24.123456|JKTC|YIA|2024-02-15|517400.0
2024-02-15 19:32:42.123456|JKTC|YIA|2024-02-15|512400.0
2024-02-16 10:49:09.123456|JKTC|YIA|2024-02-16|589200.0
2024-02-16 16:34:09.123456|JKTC|YIA|2024-02-16|589200.0
2024-02-16 08:58:29.123456|JKTC|YIA|2024-02-16|594200.0
2024-02-17 08:53:27.123456|JKTC|YIA|2024-02-17|584600.0
2024-02-17 11:51:18.123456|JKTC|YIA|2024-02-17|594600.0
2024-02-18 09:31:05.123456|JKTC|YIA|2024-02-18|601100.0
2024-02-18 17:14:25.123456|JKTC|YIA|2024-02-18|596100.0
2024-02-18 13:58:56.123456|JKTC|YIA|2024-02-18|611100.0
2024-02-19 12:02:03.123456|JKTC|YIA|2024-02-19|555400.0
2024-02-19 17:26:14.123456|JKTC|YIA|2024-02-19|570400.0
2024-02-20 18:39:27.123456|JKTC|YIA|2024-02-20|553700.0
2024-02-20 19:47:50.123456|JKTC|YIA|2024-02-20|553700.0
2024-02-20 20:27:26.123456|JKTC|YIA|2024-02-20|553700.0
2024-02-21 21:44:44.123456|JKTC|YIA|2024-02-21|563700.0
2024-02-21 21:54:10.123456|JKTC|YIA|2024-02-21|553700.0
2024-02-21 20:00:05.123456|JKTC|YIA|2024-02-21|568700.0
2024-02-22 08:26:37.123456|JKTC|YIA|2024-02-22|550600.0
2024-02-22 21:43:26.123456|JKTC|YIA|2024-02-22|560600.0
2024-02-22 09:39:01.123456|JKTC|YIA|2024-02-22|545600.0
2024-02-22 15:46:38.123456|JKTC|YIA|2024-02-22|560600.0
2024-02-23 09:52:51.123456|JKTC|YIA|2024-02-23|627600.0
2024-02-23 13:08:35.123456|JKTC|YIA|2024-02-23|632600.0
2024-02-23 08:17:14.123456|JKTC|YIA|2024-02-23|627600.0
2024-02-24 09:02:20.123456|JKTC|YIA|2024-02-24|653100.0
2024-02-24 10:40:19.123456|JKTC|YIA|2024-02-24|643100.0
2024-02-24 12:13:08.123456|JKTC|YIA|2024-02-24|658100.0
2024-02-25 09:25:51.123456|JKTC|YIA|2024-02-25|620800.0
2024-02-25 13:18:22.123456|JKTC|YIA|2024-02-25|625800.0
2024-02-26 21:48:14.123456|JKTC|YIA|2024-02-26|532200.0
2024-02-26 08:49:07.123456|JKTC|YIA|2024-02-26|537200.0
2024-02-27 12:04:51.123456|JKTC|YIA|2024-02-27|578000.0
2024-02-27 16:39:50.123456|JKTC|YIA|2024-02-27|568000.0
2024-02-27 15:21:19.123456|JKTC|YIA|2024-02-27|568000.0
2024-02-27 17:10:25.123456|JKTC|YIA|2024-02-27|568000.0
2024-02-28 20:34:56.123456|JKTC|YIA|2024-02-28|557500.0
2024-02-28 17:23:57.123456|JKTC|YIA|2024-02-28|562500.0
2024-02-29 17:21:50.123456|JKTC|YIA|2024-02-29|534400.0
2024-02-29 13:57:44.123456|JKTC|YIA|2024-02-29|529400.0
2024-02-29 15:41:44.123456|JKTC|YIA|2024-02-29|539400.0
2024-02-29 14:39:27.123456|JKTC|YIA|2024-02-29|539400.0
2024-03-01 18:37:20.123456|JKTC|YIA|2024-03-01|643400.0
2024-03-01 12:01:03.123456|JKTC|YIA|2024-03-01|648400.0
2024-03-01 14:16:32.123456|JKTC|YIA|2024-03-01|648400.0
2024-03-02 16:32:14.123456|JKTC|YIA|2024-03-02|617300.0
2024-03-02 08:56:57.123456|JKTC|YIA|2024-03-02|622300.0
2024-03-02 11:56:33.123456|JKTC|YIA|2024-03-02|622300.0
2024-03-03 09:46:51.123456|JKTC|YIA|2024-03-03|564600.0
2024-03-03 21:24:17.123456|JKTC|YIA|2024-03-03|574600.0
2024-03-03 16:43:52.123456|JKTC|YIA|2024-03-03|559600.0
2024-03-03 10:07:45.123456|JKTC|YIA|2024-03-03|574600.0
2024-03-04 20:42:44.123456|JKTC|YIA|2024-03-04|516300.0
2024-03-04 21:08:02.123456|JKTC|YIA|2024-03-04|521300.0
2024-03-05 11:22:20.123456|JKTC|YIA|2024-03-05|540200.0
2024-03-05 15:17:22.123456|JKTC|YIA|2024-03-05|530200.0
2024-03-05 10:10:49.123456|JKTC|YIA|2024-03-05|530200.0
2024-03-05 13:10:31.123456|JKTC|YIA|2024-03-05|540200.0
2024-03-06 08:48:47.123456|JKTC|YIA|2024-03-06|557300.0
2024-03-06 11:05:23.123456|JKTC|YIA|2024-03-06|557300.0
2024-03-06 13:15:11.123456|JKTC|YIA|2024-03-06|547300.0
2024-03-07 17:39:10.123456|JKTC|YIA|2024-03-07|533800.0
2024-03-07 08:36:38.123456|JKTC|YIA|2024-03-07|523800.0
2024-03-08 13:34:48.123456|JKTC|YIA|2024-03-08|597900.0
2024-03-08 20:09:36.123456|JKTC|YIA|2024-03-08|597900.0
2024-03-09 11:54:14.123456|JKTC|YIA|2024-03-09|592800.0
2024-03-09 19:24:50.123456|JKTC|YIA|2024-03-09|607800.0
2024-03-09 17:30:15.123456|JKTC|YIA|2024-03-09|607800.0
2024-03-10 10:24:48.123456|JKTC|YIA|2024-03-10|604200.0
2024-03-10 20:53:46.123456|JKTC|YIA|2024-03-10|609200.0
2024-03-10 19:46:17.123456|JKTC|YIA|2024-03-10|609200.0
2024-03-10 18:35:33.123456|JKTC|YIA|2024-03-10|604200.0
2024-03-11 11:49:58.123456|JKTC|YIA|2024-03-11|546400.0
2024-03-11 11:20:26.123456|JKTC|YIA|2024-03-11|541400.0
2024-03-12 09:22:04.123456|JKTC|YIA|2024-03-12|501600.0
2024-03-12 18:46:27.123456|JKTC|YIA|2024-03-12|496600.0
2024-03-12 18:57:45.123456|JKTC|YIA|2024-03-12|496600.0
2024-03-13 10:01:20.123456|JKTC|YIA|2024-03-13|562900.0
2024-03-13 09:20:23.123456|JKTC|YIA|2024-03-13|547900.0
2024-03-13 13:50:43.123456|JKTC|YIA|2024-03-13|547900.0
2024-03-14 19:11:07.123456|JKTC|YIA|2024-03-14|496700.0
2024-03-14 11:14:25.123456|JKTC|YIA|2024-03-14|496700.0
2024-03-15 12:40:46.123456|JKTC|YIA|2024-03-15|600700.0
2024-03-15 16:23:19.123456|JKTC|YIA|2024-03-15|605700.0
2024-03-15 13:28:16.123456|JKTC|YIA|2024-03-15|605700.0
2024-03-15 16:43:24.123456|JKTC|YIA|2024-03-15|615700.0
2024-03-16 14:01:02.123456|JKTC|YIA|2024-03-16|601100.0
2024-03-16 10:32:55.123456|JKTC|YIA|2024-03-16|606100.0
2024-03-16 14:22:13.123456|JKTC|YIA|2024-03-16|596100.0
2024-03-16 15:30:55.123456|JKTC|YIA|2024-03-16|606100.0
2024-03-17 21:51:49.123456|JKTC|YIA|2024-03-17|621300.0
2024-03-17 15:05:18.123456|JKTC|YIA|2024-03-17|616300.0
2024-03-18 14:13:12.123456|JKTC|YIA|2024-03-18|503700.0
2024-03-18 19:44:47.123456|JKTC|YIA|2024-03-18|503700.0
2024-03-19 19:12:47.123456|JKTC|YIA|2024-03-19|539600.0
2024-03-19 12:36:13.123456|JKTC|YIA|2024-03-19|539600.0
2024-03-19 09:09:54.123456|JKTC|YIA|2024-03-19|549600.0
2024-03-19 18:03:38.123456|JKTC|YIA|2024-03-19|534600.0
2024-03-20 15:29:45.123456|JKTC|YIA|2024-03-20|537400.0
2024-03-20 15:01:50.123456|JKTC|YIA|2024-03-20|542400.0
2024-03-21 08:32:37.123456|JKTC|YIA|2024-03-21|521400.0
2024-03-21 19:12:35.123456|JKTC|YIA|2024-03-21|536400.0
2024-03-22 12:00:46.123456|JKTC|YIA|2024-03-22|631700.0
2024-03-22 19:36:44.123456|JKTC|YIA|2024-03-22|626700.0
2024-03-22 13:58:21.123456|JKTC|YIA|2024-03-22|636700.0
2024-03-22 11:52:29.123456|JKTC|YIA|2024-03-22|636700.0
2024-03-23 10:34:07.123456|JKTC|YIA|2024-03-23|642800.0
2024-03-23 21:14:48.123456|JKTC|YIA|2024-03-23|637800.0
2024-03-23 20:40:03.123456|JKTC|YIA|2024-03-23|637800.0
2024-03-24 16:25:35.123456|JKTC|YIA|2024-03-24|633000.0
2024-03-24 20:51:19.123456|JKTC|YIA|2024-03-24|633000.0
2024-03-24 10:36:50.123456|JKTC|YIA|2024-03-24|618000.0
2024-03-24 16:42:36.123456|JKTC|YIA|2024-03-24|623000.0
2024-03-25 15:10:45.123456|JKTC|YIA|2024-03-25|572800.0
2024-03-25 12:06:37.123456|JKTC|YIA|2024-03-25|582800.0
2024-03-25 12:19:14.123456|JKTC|YIA|2024-03-25|572800.0
2024-03-26 11:40:28.123456|JKTC|YIA|2024-03-26|579200.0
2024-03-26 19:13:23.123456|JKTC|YIA|2024-03-26|574200.0
2024-03-26 17:18:12.123456|JKTC|YIA|2024-03-26|579200.0
2024-03-26 10:42:18.123456|JKTC|YIA|2024-03-26|574200.0
2024-03-27 11:10:33.123456|JKTC|YIA|2024-03-27|537600.0
2024-03-27 11:26:23.123456|JKTC|YIA|2024-03-27|537600.0
2024-03-28 18:09:05.123456|JKTC|YIA|2024-03-28|542600.0
2024-03-28 17:45:12.123456|JKTC|YIA|2024-03-28|552600.0
2024-03-28 12:15:11.123456|JKTC|YIA|2024-03-28|552600.0
2024-03-29 17:36:15.123456|JKTC|YIA|2024-03-29|654800.0
2024-03-29 14:31:38.123456|JKTC|YIA|2024-03-29|649800.0
2024-03-29 08:02:24.123456|JKTC|YIA|2024-03-29|654800.0
2024-03-29 11:39:02.123456|JKTC|YIA|2024-03-29|644800.0
2024-03-30 08:23:04.123456|JKTC|YIA|2024-03-30|636400.0
2024-03-30 19:26:41.123456|JKTC|YIA|2024-03-30|621400.0
2024-03-30 15:00:11.123456|JKTC|YIA|2024-03-30|621400.0
2024-03-30 11:41:38.123456|JKTC|YIA|2024-03-30|626400.0
2024-03-31 11:08:30.123456|JKTC|YIA|2024-03-31|649900.0
2024-03-31 08:43:15.123456|JKTC|YIA|2024-03-31|664900.0
2024-03-31 16:00:18.123456|JKTC|YIA|2024-03-31|664900.0
2024-04-01 10:02:01.123456|JKTC|YIA|2024-04-01|593400.0
2024-04-01 08:05:46.123456|JKTC|YIA|2024-04-01|593400.0
2024-04-01 18:47:42.123456|JKTC|YIA|2024-04-01|588400.0
2024-04-02 20:42:01.123456|JKTC|YIA|2024-04-02|560700.0
2024-04-02 12:10:45.123456|JKTC|YIA|2024-04-02|565700.0
2024-04-02 16:11:34.123456|JKTC|YIA|2024-04-02|555700.0
2024-04-02 10:42:26.123456|JKTC|YIA|2024-04-02|550700.0
2024-04-03 11:31:36.123456|JKTC|YIA|2024-04-03|551300.0
2024-04-03 10:26:24.123456|JKTC|YIA|2024-04-03|561300.0
2024-04-04 10:57:53.123456|JKTC|YIA|2024-04-04|565000.0
2024-04-04 12:51:33.123456|JKTC|YIA|2024-04-04|565000.0
2024-04-04 09:11:32.123456|JKTC|YIA|2024-04-04|565000.0
2024-04-05 21:12:27.123456|JKTC|YIA|2024-04-05|648700.0
2024-04-05 18:45:10.123456|JKTC|YIA|2024-04-05|633700.0
2024-04-06 12:58:46.123456|JKTC|YIA|2024-04-06|621800.0
2024-04-06 13:44:56.123456|JKTC|YIA|2024-04-06|611800.0
2024-04-06 10:36:24.123456|JKTC|YIA|2024-04-06|616800.0
2024-04-07 08:29:45.123456|JKTC|YIA|2024-04-07|630500.0
2024-04-07 21:26:20.123456|JKTC|YIA|2024-04-07|640500.0
2024-04-07 13:17:15.123456|JKTC|YIA|2024-04-07|635500.0
2024-04-08 17:30:41.123456|JKTC|YIA|2024-04-08|564100.0
2024-04-08 12:57:10.123456|JKTC|YIA|2024-04-08|564100.0
2024-04-08 18:46:12.123456|JKTC|YIA|2024-04-08|564100.0
2024-04-09 20:19:44.123456|JKTC|YIA|2024-04-09|605600.0
2024-04-09 20:25:46.123456|JKTC|YIA|2024-04-09|600600.0
2024-04-10 17:43:10.123456|JKTC|YIA|2024-04-10|624100.0
2024-04-10 13:56:17.123456|JKTC|YIA|2024-04-10|609100.0
2024-04-10 08:52:42.123456|JKTC|YIA|2024-04-10|609100.0
2024-04-10 08:06:45.123456|JKTC|YIA|2024-04-10|624100.0
2024-04-11 19:58:55.123456|JKTC|YIA|2024-04-11|593000.0
2024-04-11 18:43:27.123456|JKTC|YIA|2024-04-11|603000.0
2024-04-11 16:36:47.123456|JKTC|YIA|2024-04-11|598000.0
2024-04-11 12:49:05.123456|JKTC|YIA|2024-04-11|603000.0
2024-04-12 09:40:01.123456|JKTC|YIA|2024-04-12|691000.0
2024-04-12 20:10:28.123456|JKTC|YIA|2024-04-12|691000.0
2024-04-12 15:45:30.123456|JKTC|YIA|2024-04-12|696000.0
2024-04-12 20:15:12.123456|JKTC|YIA|2024-04-12|696000.0
2024-04-13 21:29:24.123456|JKTC|YIA|2024-04-13|726500.0
2024-04-13 17:56:32.123456|JKTC|YIA|2024-04-13|726500.0
2024-04-13 12:09:51.123456|JKTC|YIA|2024-04-13|726500.0
2024-04-13 16:00:57.123456|JKTC|YIA|2024-04-13|731500.0
2024-04-14 14:54:13.123456|JKTC|YIA|2024-04-14|769300.0
2024-04-14 21:22:08.123456|JKTC|YIA|2024-04-14|759300.0
2024-04-15 15:50:52.123456|JKTC|YIA|2024-04-15|711900.0
2024-04-15 17:50:41.123456|JKTC|YIA|2024-04-15|721900.0
2024-04-15 15:05:36.123456|JKTC|YIA|2024-04-15|706900.0
2024-04-16 20:25:36.123456|JKTC|YIA|2024-04-16|735200.0
2024-04-16 20:01:32.123456|JKTC|YIA|2024-04-16|745200.0
2024-04-16 12:36:04.123456|JKTC|YIA|2024-04-16|740200.0
2024-04-17 21:24:25.123456|JKTC|YIA|2024-04-17|722500.0
2024-04-17 09:38:53.123456|JKTC|YIA|2024-04-17|727500.0
2024-04-18 18:14:35.123456|JKTC|YIA|2024-04-18|759300.0
2024-04-18 21:55:57.123456|JKTC|YIA|2024-04-18|764300.0
2024-04-19 15:53:43.123456|JKTC|YIA|2024-04-19|764300.0
2024-04-19 15:55:38.123456|JKTC|YIA|2024-04-19|759300.0
2024-04-19 11:01:49.123456|JKTC|YIA|2024-04-19|774300.0
2024-04-19 12:45:34.123456|JKTC|YIA|2024-04-19|759300.0
2024-04-20 19:14:43.123456|JKTC|YIA|2024-04-20|759300.0
2024-04-20 13:06:29.123456|JKTC|YIA|2024-04-20|759300.0
2024-04-20 13:30:41.123456|JKTC|YIA|2024-04-20|759300.0
2024-04-20 13:38:46.123456|JKTC|YIA|2024-04-20|764300.0
2024-04-21 12:54:19.123456|JKTC|YIA|2024-04-21|774300.0
2024-04-21 18:45:09.123456|JKTC|YIA|2024-04-21|764300.0
2024-04-22 08:41:21.123456|JKTC|YIA|2024-04-22|759300.0
2024-04-22 19:27:35.123456|JKTC|YIA|2024-04-22|774300.0
2024-04-22 13:58:56.123456|JKTC|YIA|2024-04-22|764300.0
2024-04-22 11:07:50.123456|JKTC|YIA|2024-04-22|759300.0
2024-04-23 15:17:31.123456|JKTC|YIA|2024-04-23|764400.0
2024-04-23 09:47:21.123456|JKTC|YIA|2024-04-23|764400.0
2024-04-23 19:06:21.123456|JKTC|YIA|2024-04-23|749400.0
2024-04-23 19:47:46.123456|JKTC|YIA|2024-04-23|759400.0
2024-04-24 15:02:08.123456|JKTC|YIA|2024-04-24|744900.0
2024-04-24 09:51:24.123456|JKTC|YIA|2024-04-24|739900.0
2024-04-25 21:55:34.123456|JKTC|YIA|2024-04-25|742800.0
2024-04-25 13:07:15.123456|JKTC|YIA|2024-04-25|757800.0
2024-04-26 16:13:15.123456|JKTC|YIA|2024-04-26|774300.0
2024-04-26 16:06:57.123456|JKTC|YIA|2024-04-26|769300.0
2024-04-27 14:15:30.123456|JKTC|YIA|2024-04-27|759300.0
2024-04-27 08:44:42.123456|JKTC|YIA|2024-04-27|759300.0
2024-04-27 09:00:10.123456|JKTC|YIA|2024-04-27|759300.0
2024-04-28 17:46:56.123456|JKTC|YIA|2024-04-28|759300.0
2024-04-28 16:27:19.123456|JKTC|YIA|2024-04-28|774300.0
2024-04-28 10:58:41.123456|JKTC|YIA|2024-04-28|769300.0
2024-04-28 18:07:39.123456|JKTC|YIA|2024-04-28|769300.0
2024-04-29 20:11:43.123456|JKTC|YIA|2024-04-29|695300.0
2024-04-29 11:40:46.123456|JKTC|YIA|2024-04-29|685300.0
2024-04-29 20:47:46.123456|JKTC|YIA|2024-04-29|690300.0
2024-04-29 15:05:05.123456|JKTC|YIA|2024-04-29|685300.0
2024-04-30 20:09:34.123456|JKTC|YIA|2024-04-30|644000.0
2024-04-30 09:32:53.123456|JKTC|YIA|2024-04-30|644000.0
2024-04-30 12:01:40.123456|JKTC|YIA|2024-04-30|639000.0
2024-05-01 09:25:15.123456|JKTC|YIA|2024-05-01|626600.0
2024-05-01 21:23:13.123456|JKTC|YIA|2024-05-01|616600.0
2024-05-01 17:14:34.123456|JKTC|YIA|2024-05-01|626600.0
2024-05-01 20:47:54.123456|JKTC|YIA|2024-05-01|621600.0
2024-05-02 13:13:01.123456|JKTC|YIA|2024-05-02|595600.0
2024-05-02 17:14:43.123456|JKTC|YIA|2024-05-02|590600.0
2024-05-02 14:46:30.123456|JKTC|YIA|2024-05-02|605600.0
2024-05-02 15:01:01.123456|JKTC|YIA|2024-05-02|595600.0
2024-05-03 08:32:22.123456|JKTC|YIA|2024-05-03|656400.0
2024-05-03 11:32:32.123456|JKTC|YIA|2024-05-03|651400.0
2024-05-03 17:53:22.123456|JKTC|YIA|2024-05-03|656400.0
2024-05-04 11:48:01.123456|JKTC|YIA|2024-05-04|620600.0
2024-05-04 09:42:43.123456|JKTC|YIA|2024-05-04|620600.0
2024-05-05 17:35:02.123456|JKTC|YIA|2024-05-05|633500.0
2024-05-05 15:26:03.123456|JKTC|YIA|2024-05-05|648500.0
2024-05-05 17:38:34.123456|JKTC|YIA|2024-05-05|648500.0
2024-05-05 17:45:19.123456|JKTC|YIA|2024-05-05|633500.0
2024-05-06 20:01:27.123456|JKTC|YIA|2024-05-06|581300.0
2024-05-06 15:55:52.123456|JKTC|YIA|2024-05-06|581300.0
2024-05-06 21:02:24.123456|JKTC|YIA|2024-05-06|566300.0
2024-05-07 17:36:05.123456|JKTC|YIA|2024-05-07|532600.0
2024-05-07 13:19:00.123456|JKTC|YIA|2024-05-07|527600.0
2024-05-07 11:41:51.123456|JKTC|YIA|2024-05-07|527600.0
2024-05-07 16:10:38.123456|JKTC|YIA|2024-05-07|522600.0
2024-05-08 21:57:16.123456|JKTC|YIA|2024-05-08|540900.0
2024-05-08 10:28:33.123456|JKTC|YIA|2024-05-08|540900.0
2024-05-08 14:28:13.123456|JKTC|YIA|2024-05-08|525900.0
2024-05-08 13:35:17.123456|JKTC|YIA|2024-05-08|530900.0
2024-05-09 14:28:47.123456|JKTC|YIA|2024-05-09|520600.0
2024-05-09 15:24:21.123456|JKTC|YIA|2024-05-09|505600.0
2024-05-10 20:35:58.123456|JKTC|YIA|2024-05-10|549500.0
2024-05-10 20:16:02.123456|JKTC|YIA|2024-05-10|554500.0
2024-05-11 09:50:27.123456|JKTC|YIA|2024-05-11|557200.0
2024-05-11 12:42:30.123456|JKTC|YIA|2024-05-11|557200.0
2024-05-11 08:35:08.123456|JKTC|YIA|2024-05-11|557200.0
2024-05-12 10:46:37.123456|JKTC|YIA|2024-05-12|539200.0
2024-05-12 18:30:11.123456|JKTC|YIA|2024-05-12|539200.0
2024-05-12 19:34:47.123456|JKTC|YIA|2024-05-12|554200.0
2024-05-13 13:25:33.123456|JKTC|YIA|2024-05-13|534000.0
2024-05-13 13:37:06.123456|JKTC|YIA|2024-05-13|529000.0
2024-05-13 10:32:42.123456|JKTC|YIA|2024-05-13|529000.0
2024-05-13 15:24:02.123456|JKTC|YIA|2024-05-13|534000.0
2024-05-14 08:51:43.123456|JKTC|YIA|2024-05-14|496900.0
2024-05-14 18:34:19.123456|JKTC|YIA|2024-05-14|506900.0
2024-05-15 11:17:58.123456|JKTC|YIA|2024-05-15|516200.0
2024-05-15 11:24:14.123456|JKTC|YIA|2024-05-15|516200.0
2024-05-15 16:13:26.123456|JKTC|YIA|2024-05-15|531200.0
2024-05-15 16:41:13.123456|JKTC|YIA|2024-05-15|516200.0
2024-05-16 21:47:27.123456|JKTC|YIA|2024-05-16|527300.0
2024-05-16 16:27:35.123456|JKTC|YIA|2024-05-16|542300.0
2024-05-16 14:21:11.123456|JKTC|YIA|2024-05-16|537300.0
2024-05-16 21:09:03.123456|JKTC|YIA|2024-05-16|527300.0
2024-05-17 08:19:28.123456|JKTC|YIA|2024-05-17|598400.0
2024-05-17 21:06:12.123456|JKTC|YIA|2024-05-17|593400.0
2024-05-18 09:24:56.123456|JKTC|YIA|2024-05-18|590200.0
2024-05-18 19:47:57.123456|JKTC|YIA|2024-05-18|580200.0
2024-05-18 12:17:46.123456|JKTC|YIA|2024-05-18|580200.0
2024-05-19 18:52:49.123456|JKTC|YIA|2024-05-19|601100.0
2024-05-19 18:00:24.123456|JKTC|YIA|2024-05-19|586100.0
2024-05-20 12:04:14.123456|JKTC|YIA|2024-05-20|554000.0
2024-05-20 21:21:53.123456|JKTC|YIA|2024-05-20|554000.0
2024-05-20 09:10:48.123456|JKTC|YIA|2024-05-20|559000.0
2024-05-20 20:29:01.123456|JKTC|YIA|2024-05-20|554000.0
2024-05-21 11:50:46.123456|JKTC|YIA|2024-05-21|560900.0
2024-05-21 15:26:36.123456|JKTC|YIA|2024-05-21|560900.0
2024-05-21 16:32:29.123456|JKTC|YIA|2024-05-21|565900.0
2024-05-21 14:01:29.123456|JKTC|YIA|2024-05-21|570900.0
2024-05-22 13:17:49.123456|JKTC|YIA|2024-05-22|568400.0
2024-05-22 10:36:52.123456|JKTC|YIA|2024-05-22|553400.0
2024-05-22 17:51:57.123456|JKTC|YIA|2024-05-22|553400.0
2024-05-22 19:56:22.123456|JKTC|YIA|2024-05-22|558400.0
2024-05-23 14:34:24.123456|JKTC|YIA|2024-05-23|529200.0
2024-05-23 17:03:33.123456|JKTC|YIA|2024-05-23|529200.0
2024-05-23 19:12:31.123456|JKTC|YIA|2024-05-23|529200.0
2024-05-24 14:25:58.123456|JKTC|YIA|2024-05-24|599100.0
2024-05-24 16:14:43.123456|JKTC|YIA|2024-05-24|604100.0
2024-05-25 11:48:45.123456|JKTC|YIA|2024-05-25|640300.0
2024-05-25 18:39:36.123456|JKTC|YIA|2024-05-25|645300.0
2024-05-25 20:00:11.123456|JKTC|YIA|2024-05-25|640300.0
2024-05-25 14:17:05.123456|JKTC|YIA|2024-05-25|645300.0
2024-05-26 18:38:34.123456|JKTC|YIA|2024-05-26|579100.0
2024-05-26 19:41:25.123456|JKTC|YIA|2024-05-26|594100.0
2024-05-27 14:53:35.123456|JKTC|YIA|2024-05-27|548600.0
2024-05-27 18:03:24.123456|JKTC|YIA|2024-05-27|543600.0
2024-05-28 13:49:24.123456|JKTC|YIA|2024-05-28|531900.0
2024-05-28 16:08:33.123456|JKTC|YIA|2024-05-28|541900.0
2024-05-29 18:20:07.123456|JKTC|YIA|2024-05-29|561000.0
2024-05-29 15:58:05.123456|JKTC|YIA|2024-05-29|551000.0
2024-05-29 09:21:08.123456|JKTC|YIA|2024-05-29|561000.0
2024-05-29 11:09:09.123456|JKTC|YIA|2024-05-29|561000.0
2024-05-30 18:52:55.123456|JKTC|YIA|2024-05-30|552900.0
2024-05-30 09:01:42.123456|JKTC|YIA|2024-05-30|537900.0
2024-05-30 17:49:17.123456|JKTC|YIA|2024-05-30|542900.0
2024-05-30 21:33:06.123456|JKTC|YIA|2024-05-30|542900.0
2024-05-31 11:56:36.123456|JKTC|YIA|2024-05-31|549000.0
2024-05-31 15:54:31.123456|JKTC|YIA|2024-05-31|544000.0
2024-06-01 14:53:55.123456|JKTC|YIA|2024-06-01|605700.0
2024-06-01 08:48:21.123456|JKTC|YIA|2024-06-01|605700.0
2024-06-01 10:13:41.123456|JKTC|YIA|2024-06-01|605700.0
2024-06-01 16:52:20.123456|JKTC|YIA|2024-06-01|600700.0
2024-06-02 14:25:40.123456|JKTC|YIA|2024-06-02|603000.0
2024-06-02 16:44:55.123456|JKTC|YIA|2024-06-02|593000.0
2024-06-02 15:06:58.123456|JKTC|YIA|2024-06-02|593000.0
2024-06-03 14:04:23.123456|JKTC|YIA|2024-06-03|524000.0
2024-06-03 21:37:13.123456|JKTC|YIA|2024-06-03|529000.0
2024-06-04 10:23:37.123456|JKTC|YIA|2024-06-04|530100.0
2024-06-04 12:58:37.123456|JKTC|YIA|2024-06-04|525100.0
2024-06-05 09:02:52.123456|JKTC|YIA|2024-06-05|470800.0
2024-06-05 14:25:42.123456|JKTC|YIA|2024-06-05|470800.0
2024-06-05 15:03:12.123456|JKTC|YIA|2024-06-05|480800.0
2024-06-05 08:51:23.123456|JKTC|YIA|2024-06-05|465800.0
2024-06-06 10:04:20.123456|JKTC|YIA|2024-06-06|501200.0
2024-06-06 20:20:15.123456|JKTC|YIA|2024-06-06|511200.0
2024-06-06 11:49:22.123456|JKTC|YIA|2024-06-06|511200.0
2024-06-06 13:25:00.123456|JKTC|YIA|2024-06-06|506200.0
2024-06-07 20:58:39.123456|JKTC|YIA|2024-06-07|556400.0
2024-06-07 18:20:14.123456|JKTC|YIA|2024-06-07|551400.0
2024-06-08 11:36:41.123456|JKTC|YIA|2024-06-08|615300.0
2024-06-08 20:01:01.123456|JKTC|YIA|2024-06-08|600300.0
2024-06-08 09:28:31.123456|JKTC|YIA|2024-06-08|600300.0
2024-06-09 12:25:06.123456|JKTC|YIA|2024-06-09|526400.0
2024-06-09 10:23:40.123456|JKTC|YIA|2024-06-09|516400.0
2024-06-10 11:39:12.123456|JKTC|YIA|2024-06-10|488300.0
2024-06-10 19:01:54.123456|JKTC|YIA|2024-06-10|478300.0
2024-06-10 14:43:30.123456|JKTC|YIA|2024-06-10|483300.0
2024-06-11 09:21:18.123456|JKTC|YIA|2024-06-11|500500.0
2024-06-11 12:48:30.123456|JKTC|YIA|2024-06-11|490500.0
2024-06-11 17:35:15.123456|JKTC|YIA|2024-06-11|500500.0
2024-06-11 10:40:48.123456|JKTC|YIA|2024-06-11|495500.0
2024-06-12 12:48:53.123456|JKTC|YIA|2024-06-12|507300.0
2024-06-12 10:35:47.123456|JKTC|YIA|2024-06-12|497300.0
2024-06-12 10:17:23.123456|JKTC|YIA|2024-06-12|502300.0
2024-06-12 14:32:01.123456|JKTC|YIA|2024-06-12|492300.0
2024-06-13 21:40:45.123456|JKTC|YIA|2024-06-13|493000.0
2024-06-13 17:35:21.123456|JKTC|YIA|2024-06-13|498000.0
2024-06-13 20:23:32.123456|JKTC|YIA|2024-06-13|488000.0
2024-06-14 20:54:49.123456|JKTC|YIA|2024-06-14|538300.0
2024-06-14 18:53:20.123456|JKTC|YIA|2024-06-14|548300.0
2024-06-14 12:42:20.123456|JKTC|YIA|2024-06-14|533300.0
2024-06-15 20:49:51.123456|JKTC|YIA|2024-06-15|536300.0
2024-06-15 21:48:51.123456|JKTC|YIA|2024-06-15|546300.0
2024-06-15 11:03:36.123456|JKTC|YIA|2024-06-15|546300.0
2024-06-15 10:16:38.123456|JKTC|YIA|2024-06-15|531300.0
2024-06-16 16:10:28.123456|JKTC|YIA|2024-06-16|524800.0
2024-06-16 10:23:47.123456|JKTC|YIA|2024-06-16|534800.0
2024-06-16 20:30:12.123456|JKTC|YIA|2024-06-16|519800.0
2024-06-16 16:33:11.123456|JKTC|YIA|2024-06-16|529800.0
2024-06-17 14:56:40.123456|JKTC|YIA|2024-06-17|528800.0
2024-06-17 21:46:25.123456|JKTC|YIA|2024-06-17|513800.0
2024-06-17 16:05:09.123456|JKTC|YIA|2024-06-17|513800.0
2024-06-18 21:13:07.123456|JKTC|YIA|2024-06-18|494600.0
2024-06-18 16:27:54.123456|JKTC|YIA|2024-06-18|499600.0
2024-06-18 09:26:31.123456|JKTC|YIA|2024-06-18|499600.0
2024-06-18 13:47:12.123456|JKTC|YIA|2024-06-18|494600.0
2024-06-19 19:47:18.123456|JKTC|YIA|2024-06-19|528700.0
2024-06-19 21:56:41.123456|JKTC|YIA|2024-06-19|528700.0
2024-06-20 15:08:43.123456|JKTC|YIA|2024-06-20|512400.0
2024-06-20 15:53:53.123456|JKTC|YIA|2024-06-20|527400.0
2024-06-20 14:22:28.123456|JKTC|YIA|2024-06-20|517400.0
2024-06-21 21:08:51.123456|JKTC|YIA|2024-06-21|601400.0
2024-06-21 17:03:29.123456|JKTC|YIA|2024-06-21|591400.0
2024-06-22 20:38:55.123456|JKTC|YIA|2024-06-22|575800.0
2024-06-22 15:35:16.123456|JKTC|YIA|2024-06-22|575800.0
2024-06-23 09:04:51.123456|JKTC|YIA|2024-06-23|579300.0
2024-06-23 21:46:50.123456|JKTC|YIA|2024-06-23|564300.0
2024-06-23 15:00:00.123456|JKTC|YIA|2024-06-23|579300.0
2024-06-24 08:05:14.123456|JKTC|YIA|2024-06-24|509800.0
2024-06-24 12:10:05.123456|JKTC|YIA|2024-06-24|509800.0
2024-06-25 08:39:39.123456|JKTC|YIA|2024-06-25|516100.0
2024-06-25 20:49:20.123456|JKTC|YIA|2024-06-25|501100.0
2024-06-26 19:50:18.123456|JKTC|YIA|2024-06-26|531800.0
2024-06-26 09:33:10.123456|JKTC|YIA|2024-06-26|526800.0
2024-06-26 16:56:40.123456|JKTC|YIA|2024-06-26|536800.0
2024-06-26 15:55:06.123456|JKTC|YIA|2024-06-26|526800.0
2023-01-01 18:10:22.123456|JKTC|DPS|2023-01-01|1034500.0
2023-01-01 08:24:29.123456|JKTC|DPS|2023-01-01|1044500.0
2023-01-01 16:42:10.123456|JKTC|DPS|2023-01-01|1039500.0
2023-01-01 20:05:23.123456|JKTC|DPS|2023-01-01|1039500.0
2023-01-02 16:34:45.123456|JKTC|DPS|2023-01-02|953100.0
2023-01-02 21:34:57.123456|JKTC|DPS|2023-01-02|958100.0
2023-01-02 16:39:57.123456|JKTC|DPS|2023-01-02|953100.0
2023-01-02 10:18:54.123456|JKTC|DPS|2023-01-02|958100.0
2023-01-03 17:32:49.123456|JKTC|DPS|2023-01-03|971700.0
2023-01-03 17:14:19.123456|JKTC|DPS|2023-01-03|971700.0
2023-01-03 10:14:39.123456|JKTC|DPS|2023-01-03|981700.0
2023-01-04 14:12:18.123456|JKTC|DPS|2023-01-04|892700.0
2023-01-04 18:32:51.123456|JKTC|DPS|2023-01-04|897700.0
2023-01-05 21:08:17.123456|JKTC|DPS|2023-01-05|945300.0
2023-01-05 10:01:44.123456|JKTC|DPS|2023-01-05|945300.0
2023-01-06 08:47:37.123456|JKTC|DPS|2023-01-06|1016500.0
2023-01-06 13:43:11.123456|JKTC|DPS|2023-01-06|1021500.0
2023-01-07 20:07:02.123456|JKTC|DPS|2023-01-07|999700.0
2023-01-07 14:12:36.123456|JKTC|DPS|2023-01-07|994700.0
2023-01-07 11:53:25.123456|JKTC|DPS|2023-01-07|994700.0
2023-01-08 17:19:20.123456|JKTC|DPS|2023-01-08|979700.0
2023-01-08 10:57:46.123456|JKTC|DPS|2023-01-08|979700.0
2023-01-08 14:05:24.123456|JKTC|DPS|2023-01-08|989700.0
2023-01-08 20:07:10.123456|JKTC|DPS|2023-01-08|984700.0
2023-01-09 12:02:42.123456|JKTC|DPS|2023-01-09|906100.0
2023-01-09 20:51:09.123456|JKTC|DPS|2023-01-09|921100.0
2023-01-09 15:47:07.123456|JKTC|DPS|2023-01-09|916100.0
2023-01-10 16:36:31.123456|JKTC|DPS|2023-01-10|906700.0
2023-01-10 21:04:29.123456|JKTC|DPS|2023-01-10|896700.0
2023-01-11 15:53:03.123456|JKTC|DPS|2023-01-11|842700.0
2023-01-11 12:08:07.123456|JKTC|DPS|2023-01-11|857700.0
2023-01-11 10:01:07.123456|JKTC|DPS|2023-01-11|852700.0
2023-01-12 14:41:15.123456|JKTC|DPS|2023-01-12|869700.0
2023-01-12 19:29:03.123456|JKTC|DPS|2023-01-12|879700.0
2023-01-12 20:53:02.123456|JKTC|DPS|2023-01-12|869700.0
2023-01-12 19:06:13.123456|JKTC|DPS|2023-01-12|864700.0
2023-01-13 14:35:27.123456|JKTC|DPS|2023-01-13|977200.0
2023-01-13 18:51:29.123456|JKTC|DPS|2023-01-13|977200.0
2023-01-13 16:17:07.123456|JKTC|DPS|2023-01-13|992200.0
2023-01-14 13:12:18.123456|JKTC|DPS|2023-01-14|891900.0
2023-01-14 09:09:46.123456|JKTC|DPS|2023-01-14|891900.0
2023-01-15 16:23:45.123456|JKTC|DPS|2023-01-15|969200.0
2023-01-15 20:00:22.123456|JKTC|DPS|2023-01-15|974200.0
2023-01-16 19:54:53.123456|JKTC|DPS|2023-01-16|900700.0
2023-01-16 17:41:50.123456|JKTC|DPS|2023-01-16|905700.0
2023-01-16 21:54:58.123456|JKTC|DPS|2023-01-16|895700.0
2023-01-16 17:28:58.123456|JKTC|DPS|2023-01-16|895700.0
2023-01-17 08:43:53.123456|JKTC|DPS|2023-01-17|847600.0
2023-01-17 20:51:29.123456|JKTC|DPS|2023-01-17|832600.0
2023-01-18 17:07:28.123456|JKTC|DPS|2023-01-18|808400.0
2023-01-18 13:57:47.123456|JKTC|DPS|2023-01-18|813400.0
2023-01-18 14:34:05.123456|JKTC|DPS|2023-01-18|798400.0
2023-01-18 21:20:32.123456|JKTC|DPS|2023-01-18|803400.0
2023-01-19 08:52:08.123456|JKTC|DPS|2023-01-19|887000.0
2023-01-19 18:09:45.123456|JKTC|DPS|2023-01-19|887000.0
2023-01-19 17:19:21.123456|JKTC|DPS|2023-01-19|882000.0
2023-01-19 11:43:12.123456|JKTC|DPS|2023-01-19|892000.0
2023-01-20 08:44:08.123456|JKTC|DPS|2023-01-20|1014900.0
2023-01-20 15:18:34.123456|JKTC|DPS|2023-01-20|1019900.0
2023-01-20 14:38:19.123456|JKTC|DPS|2023-01-20|1014900.0
2023-01-20 21:40:04.123456|JKTC|DPS|2023-01-20|1019900.0
2023-01-21 12:44:04.123456|JKTC|DPS|2023-01-21|995500.0
2023-01-21 19:50:14.123456|JKTC|DPS|2023-01-21|995500.0
2023-01-21 12:46:20.123456|JKTC|DPS|2023-01-21|980500.0
2023-01-21 08:56:43.123456|JKTC|DPS|2023-01-21|995500.0
2023-01-22 21:41:13.123456|JKTC|DPS|2023-01-22|958000.0
2023-01-22 11:22:45.123456|JKTC|DPS|2023-01-22|973000.0
2023-01-22 08:48:29.123456|JKTC|DPS|2023-01-22|958000.0
2023-01-23 12:56:44.123456|JKTC|DPS|2023-01-23|877100.0
2023-01-23 09:35:49.123456|JKTC|DPS|2023-01-23|877100.0
2023-01-24 19:49:25.123456|JKTC|DPS|2023-01-24|893500.0
2023-01-24 20:23:23.123456|JKTC|DPS|2023-01-24|878500.0
2023-01-24 10:23:18.123456|JKTC|DPS|2023-01-24|883500.0
2023-01-25 21:30:11.123456|JKTC|DPS|2023-01-25|881500.0
2023-01-25 17:37:23.123456|JKTC|DPS|2023-01-25|881500.0
2023-01-25 16:43:03.123456|JKTC|DPS|2023-01-25|881500.0
2023-01-26 18:47:48.123456|JKTC|DPS|2023-01-26|927600.0
2023-01-26 20:13:08.123456|JKTC|DPS|2023-01-26|922600.0
2023-01-26 11:15:32.123456|JKTC|DPS|2023-01-26|932600.0
2023-01-27 15:48:34.123456|JKTC|DPS|2023-01-27|1102300.0
2023-01-27 14:12:53.123456|JKTC|DPS|2023-01-27|1102300.0
2023-01-28 10:55:45.123456|JKTC|DPS|2023-01-28|1083100.0
2023-01-28 12:19:16.123456|JKTC|DPS|2023-01-28|1088100.0
2023-01-28 08:02:07.123456|JKTC|DPS|2023-01-28|1083100.0
2023-01-28 17:58:01.123456|JKTC|DPS|2023-01-28|1088100.0
2023-01-29 13:15:20.123456|JKTC|DPS|2023-01-29|1035700.0
2023-01-29 14:44:29.123456|JKTC|DPS|2023-01-29|1035700.0
2023-01-29 20:48:08.123456|JKTC|DPS|2023-01-29|1035700.0
2023-01-29 12:24:47.123456|JKTC|DPS|2023-01-29|1045700.0
2023-01-30 10:42:30.123456|JKTC|DPS|2023-01-30|936300.0
2023-01-30 18:53:11.123456|JKTC|DPS|2023-01-30|926300.0
2023-01-31 12:02:53.123456|JKTC|DPS|2023-01-31|937800.0
2023-01-31 10:42:08.123456|JKTC|DPS|2023-01-31|932800.0
2023-01-31 15:15:18.123456|JKTC|DPS|2023-01-31|932800.0
2023-02-01 11:14:03.123456|JKTC|DPS|2023-02-01|955700.0
2023-02-01 12:38:27.123456|JKTC|DPS|2023-02-01|950700.0
2023-02-01 13:03:42.123456|JKTC|DPS|2023-02-01|960700.0
2023-02-01 08:31:42.123456|JKTC|DPS|2023-02-01|945700.0
2023-02-02 14:30:15.123456|JKTC|DPS|2023-02-02|937100.0
2023-02-02 17:29:52.123456|JKTC|DPS|2023-02-02|927100.0
2023-02-03 18:27:03.123456|JKTC|DPS|2023-02-03|1131200.0
2023-02-03 17:07:48.123456|JKTC|DPS|2023-02-03|1116200.0
2023-02-03 16:47:02.123456|JKTC|DPS|2023-02-03|1121200.0
2023-02-04 13:31:39.123456|JKTC|DPS|2023-02-04|1089200.0
2023-02-04 21:37:57.123456|JKTC|DPS|2023-02-04|1094200.0
2023-02-05 16:32:00.123456|JKTC|DPS|2023-02-05|1052300.0
2023-02-05 12:30:47.123456|JKTC|DPS|2023-02-05|1057300.0
2023-02-05 18:40:28.123456|JKTC|DPS|2023-02-05|1052300.0
2023-02-06 18:45:26.123456|JKTC|DPS|2023-02-06|956600.0
2023-02-06 18:40:33.123456|JKTC|DPS|2023-02-06|941600.0
2023-02-06 21:35:51.123456|JKTC|DPS|2023-02-06|956600.0
2023-02-06 09:25:32.123456|JKTC|DPS|2023-02-06|951600.0
2023-02-07 20:48:09.123456|JKTC|DPS|2023-02-07|933700.0
2023-02-07 11:54:53.123456|JKTC|DPS|2023-02-07|938700.0
2023-02-08 11:17:31.123456|JKTC|DPS|2023-02-08|876800.0
2023-02-08 16:45:06.123456|JKTC|DPS|2023-02-08|881800.0
2023-02-08 11:02:47.123456|JKTC|DPS|2023-02-08|891800.0
2023-02-09 14:57:17.123456|JKTC|DPS|2023-02-09|929300.0
2023-02-09 14:03:35.123456|JKTC|DPS|2023-02-09|924300.0
2023-02-10 14:02:27.123456|JKTC|DPS|2023-02-10|1012900.0
2023-02-10 11:38:42.123456|JKTC|DPS|2023-02-10|1007900.0
2023-02-10 12:47:56.123456|JKTC|DPS|2023-02-10|1007900.0
2023-02-11 16:01:18.123456|JKTC|DPS|2023-02-11|1011400.0
2023-02-11 08:32:42.123456|JKTC|DPS|2023-02-11|1001400.0
2023-02-11 09:02:51.123456|JKTC|DPS|2023-02-11|1006400.0
2023-02-12 10:35:52.123456|JKTC|DPS|2023-02-12|979000.0
2023-02-12 13:20:07.123456|JKTC|DPS|2023-02-12|994000.0
2023-02-12 17:20:08.123456|JKTC|DPS|2023-02-12|989000.0
2023-02-13 13:11:43.123456|JKTC|DPS|2023-02-13|939800.0
2023-02-13 19:52:37.123456|JKTC|DPS|2023-02-13|944800.0
2023-02-13 21:38:31.123456|JKTC|DPS|2023-02-13|954800.0
2023-02-14 10:57:55.123456|JKTC|DPS|2023-02-14|866700.0
2023-02-14 16:48:02.123456|JKTC|DPS|2023-02-14|866700.0
2023-02-14 18:27:04.123456|JKTC|DPS|2023-02-14|871700.0
2023-02-14 10:06:19.123456|JKTC|DPS|2023-02-14|861700.0
2023-02-15 16:45:33.123456|JKTC|DPS|2023-02-15|846000.0
2023-02-15 18:39:55.123456|JKTC|DPS|2023-02-15|851000.0
2023-02-16 13:08:51.123456|JKTC|DPS|2023-02-16|961500.0
2023-02-16 17:13:13.123456|JKTC|DPS|2023-02-16|951500.0
2023-02-16 18:44:23.123456|JKTC|DPS|2023-02-16|951500.0
2023-02-17 20:56:15.123456|JKTC|DPS|2023-02-17|1028500.0
2023-02-17 10:05:13.123456|JKTC|DPS|2023-02-17|1028500.0
2023-02-17 12:07:23.123456|JKTC|DPS|2023-02-17|1033500.0
2023-02-18 11:19:44.123456|JKTC|DPS|2023-02-18|996500.0
2023-02-18 14:47:49.123456|JKTC|DPS|2023-02-18|991500.0
2023-02-18 11:36:14.123456|JKTC|DPS|2023-02-18|986500.0
2023-02-18 08:33:36.123456|JKTC|DPS|2023-02-18|1001500.0
2023-02-19 09:10:38.123456|JKTC|DPS|2023-02-19|979600.0
2023-02-19 12:43:30.123456|JKTC|DPS|2023-02-19|979600.0
2023-02-20 10:32:20.123456|JKTC|DPS|2023-02-20|926900.0
2023-02-20 19:44:26.123456|JKTC|DPS|2023-02-20|916900.0
2023-02-21 10:52:56.123456|JKTC|DPS|2023-02-21|865100.0
2023-02-21 15:25:30.123456|JKTC|DPS|2023-02-21|855100.0
2023-02-21 10:51:30.123456|JKTC|DPS|2023-02-21|860100.0
2023-02-21 17:34:10.123456|JKTC|DPS|2023-02-21|860100.0
2023-02-22 14:32:53.123456|JKTC|DPS|2023-02-22|952100.0
2023-02-22 14:07:11.123456|JKTC|DPS|2023-02-22|957100.0
2023-02-22 09:46:23.123456|JKTC|DPS|2023-02-22|952100.0
2023-02-23 09:38:03.123456|JKTC|DPS|2023-02-23|944800.0
2023-02-23 11:00:13.123456|JKTC|DPS|2023-02-23|954800.0
2023-02-23 12:02:10.123456|JKTC|DPS|2023-02-23|944800.0
2023-02-23 21:33:47.123456|JKTC|DPS|2023-02-23|949800.0
2023-02-24 18:42:08.123456|JKTC|DPS|2023-02-24|1138400.0
2023-02-24 21:34:37.123456|JKTC|DPS|2023-02-24|1133400.0
2023-02-24 21:16:24.123456|JKTC|DPS|2023-02-24|1138400.0
2023-02-24 17:03:56.123456|JKTC|DPS|2023-02-24|1143400.0
2023-02-25 16:11:18.123456|JKTC|DPS|2023-02-25|1104800.0
2023-02-25 20:19:48.123456|JKTC|DPS|2023-02-25|1119800.0
2023-02-26 15:16:13.123456|JKTC|DPS|2023-02-26|1091800.0
2023-02-26 13:00:09.123456|JKTC|DPS|2023-02-26|1101800.0
2023-02-27 11:34:33.123456|JKTC|DPS|2023-02-27|987800.0
2023-02-27 15:21:22.123456|JKTC|DPS|2023-02-27|972800.0
2023-02-28 21:13:33.123456|JKTC|DPS|2023-02-28|1011200.0
2023-02-28 14:02:17.123456|JKTC|DPS|2023-02-28|1011200.0
2023-02-28 09:16:14.123456|JKTC|DPS|2023-02-28|1016200.0
2023-03-01 11:45:26.123456|JKTC|DPS|2023-03-01|1040800.0
2023-03-01 18:27:14.123456|JKTC|DPS|2023-03-01|1030800.0
2023-03-01 16:39:26.123456|JKTC|DPS|2023-03-01|1030800.0
2023-03-02 20:07:50.123456|JKTC|DPS|2023-03-02|1029700.0
2023-03-02 20:06:09.123456|JKTC|DPS|2023-03-02|1019700.0
2023-03-02 11:44:54.123456|JKTC|DPS|2023-03-02|1014700.0
2023-03-02 18:49:22.123456|JKTC|DPS|2023-03-02|1019700.0
2023-03-03 19:46:00.123456|JKTC|DPS|2023-03-03|1096200.0
2023-03-03 19:49:07.123456|JKTC|DPS|2023-03-03|1086200.0
2023-03-03 12:10:35.123456|JKTC|DPS|2023-03-03|1086200.0
2023-03-03 18:05:20.123456|JKTC|DPS|2023-03-03|1091200.0
2023-03-04 14:01:40.123456|JKTC|DPS|2023-03-04|1155100.0
2023-03-04 19:44:31.123456|JKTC|DPS|2023-03-04|1160100.0
2023-03-05 12:26:47.123456|JKTC|DPS|2023-03-05|1112200.0
2023-03-05 18:46:43.123456|JKTC|DPS|2023-03-05|1117200.0
2023-03-05 10:33:12.123456|JKTC|DPS|2023-03-05|1112200.0
2023-03-06 09:21:50.123456|JKTC|DPS|2023-03-06|1016500.0
2023-03-06 08:54:06.123456|JKTC|DPS|2023-03-06|1001500.0
2023-03-07 11:06:55.123456|JKTC|DPS|2023-03-07|1019500.0
2023-03-07 16:09:43.123456|JKTC|DPS|2023-03-07|1009500.0
2023-03-08 08:58:19.123456|JKTC|DPS|2023-03-08|953100.0
2023-03-08 12:42:37.123456|JKTC|DPS|2023-03-08|958100.0
2023-03-08 12:42:22.123456|JKTC|DPS|2023-03-08|953100.0
2023-03-09 16:40:41.123456|JKTC|DPS|2023-03-09|990400.0
2023-03-09 09:45:15.123456|JKTC|DPS|2023-03-09|975400.0
2023-03-09 16:37:23.123456|JKTC|DPS|2023-03-09|990400.0
2023-03-10 10:06:22.123456|JKTC|DPS|2023-03-10|1098900.0
2023-03-10 10:22:43.123456|JKTC|DPS|2023-03-10|1093900.0
2023-03-10 14:03:42.123456|JKTC|DPS|2023-03-10|1088900.0
2023-03-10 09:47:20.123456|JKTC|DPS|2023-03-10|1098900.0
2023-03-11 18:34:03.123456|JKTC|DPS|2023-03-11|1073500.0
2023-03-11 17:31:54.123456|JKTC|DPS|2023-03-11|1073500.0
2023-03-11 14:53:11.123456|JKTC|DPS|2023-03-11|1058500.0
2023-03-12 08:50:56.123456|JKTC|DPS|2023-03-12|1121600.0
2023-03-12 14:05:53.123456|JKTC|DPS|2023-03-12|1116600.0
2023-03-12 21:39:52.123456|JKTC|DPS|2023-03-12|1116600.0
2023-03-13 11:16:45.123456|JKTC|DPS|2023-03-13|927900.0
2023-03-13 11:36:58.123456|JKTC|DPS|2023-03-13|912900.0
2023-03-14 08:05:50.123456|JKTC|DPS|2023-03-14|967300.0
2023-03-14 21:21:57.123456|JKTC|DPS|2023-03-14|982300.0
2023-03-15 12:57:31.123456|JKTC|DPS|2023-03-15|923300.0
2023-03-15 15:42:48.123456|JKTC|DPS|2023-03-15|923300.0
2023-03-16 18:25:25.123456|JKTC|DPS|2023-03-16|937400.0
2023-03-16 09:48:19.123456|JKTC|DPS|2023-03-16|932400.0
2023-03-17 09:07:33.123456|JKTC|DPS|2023-03-17|1011400.0
2023-03-17 16:39:02.123456|JKTC|DPS|2023-03-17|1016400.0
2023-03-18 12:22:05.123456|JKTC|DPS|2023-03-18|1066100.0
2023-03-18 16:39:38.123456|JKTC|DPS|2023-03-18|1061100.0
2023-03-18 09:24:52.123456|JKTC|DPS|2023-03-18|1076100.0
2023-03-19 08:37:04.123456|JKTC|DPS|2023-03-19|1012500.0
2023-03-19 12:02:48.123456|JKTC|DPS|2023-03-19|1017500.0
2023-03-20 11:54:53.123456|JKTC|DPS|2023-03-20|924000.0
2023-03-20 12:56:15.123456|JKTC|DPS|2023-03-20|914000.0
2023-03-20 13:34:27.123456|JKTC|DPS|2023-03-20|914000.0
2023-03-21 08:13:02.123456|JKTC|DPS|2023-03-21|955400.0
2023-03-21 14:49:00.123456|JKTC|DPS|2023-03-21|950400.0
2023-03-21 08:03:52.123456|JKTC|DPS|2023-03-21|945400.0
2023-03-21 13:52:24.123456|JKTC|DPS|2023-03-21|945400.0
2023-03-22 14:48:36.123456|JKTC|DPS|2023-03-22|969300.0
2023-03-22 12:40:35.123456|JKTC|DPS|2023-03-22|974300.0
2023-03-22 12:50:51.123456|JKTC|DPS|2023-03-22|979300.0
2023-03-23 14:36:19.123456|JKTC|DPS|2023-03-23|966700.0
2023-03-23 10:45:25.123456|JKTC|DPS|2023-03-23|956700.0
2023-03-23 18:05:29.123456|JKTC|DPS|2023-03-23|956700.0
2023-03-24 20:06:37.123456|JKTC|DPS|2023-03-24|1122600.0
2023-03-24 18:12:47.123456|JKTC|DPS|2023-03-24|1127600.0
2023-03-24 21:21:04.123456|JKTC|DPS|2023-03-24|1117600.0
2023-03-24 20:08:53.123456|JKTC|DPS|2023-03-24|1117600.0
2023-03-25 17:49:42.123456|JKTC|DPS|2023-03-25|1137100.0
2023-03-25 13:36:53.123456|JKTC|DPS|2023-03-25|1122100.0
2023-03-26 10:26:20.123456|JKTC|DPS|2023-03-26|1067900.0
2023-03-26 17:10:31.123456|JKTC|DPS|2023-03-26|1077900.0
2023-03-26 11:08:32.123456|JKTC|DPS|2023-03-26|1077900.0
2023-03-26 15:40:54.123456|JKTC|DPS|2023-03-26|1067900.0
2023-03-27 08:34:48.123456|JKTC|DPS|2023-03-27|986100.0
2023-03-27 19:52:46.123456|JKTC|DPS|2023-03-27|981100.0
2023-03-28 18:22:43.123456|JKTC|DPS|2023-03-28|1009400.0
2023-03-28 21:28:35.123456|JKTC|DPS|2023-03-28|1024400.0
2023-03-28 16:18:44.123456|JKTC|DPS|2023-03-28|1019400.0
2023-03-28 20:02:49.123456|JKTC|DPS|2023-03-28|1009400.0
2023-03-29 19:21:47.123456|JKTC|DPS|2023-03-29|950900.0
2023-03-29 21:28:23.123456|JKTC|DPS|2023-03-29|955900.0
2023-03-30 20:47:34.123456|JKTC|DPS|2023-03-30|1010700.0
2023-03-30 09:05:24.123456|JKTC|DPS|2023-03-30|1010700.0
2023-03-31 09:19:40.123456|JKTC|DPS|2023-03-31|1131300.0
2023-03-31 09:47:53.123456|JKTC|DPS|2023-03-31|1146300.0
2023-03-31 17:55:29.123456|JKTC|DPS|2023-03-31|1136300.0
2023-04-01 19:58:17.123456|JKTC|DPS|2023-04-01|1202800.0
2023-04-01 13:23:26.123456|JKTC|DPS|2023-04-01|1207800.0
2023-04-01 21:51:04.123456|JKTC|DPS|2023-04-01|1207800.0
2023-04-02 12:35:17.123456|JKTC|DPS|2023-04-02|1173400.0
2023-04-02 12:48:16.123456|JKTC|DPS|2023-04-02|1168400.0
2023-04-03 17:09:17.123456|JKTC|DPS|2023-04-03|975200.0
2023-04-03 12:14:22.123456|JKTC|DPS|2023-04-03|970200.0
2023-04-03 10:38:07.123456|JKTC|DPS|2023-04-03|985200.0
2023-04-04 18:26:14.123456|JKTC|DPS|2023-04-04|1048500.0
2023-04-04 10:21:54.123456|JKTC|DPS|2023-04-04|1043500.0
2023-04-04 10:28:51.123456|JKTC|DPS|2023-04-04|1043500.0
2023-04-04 13:46:09.123456|JKTC|DPS|2023-04-04|1033500.0
2023-04-05 09:18:19.123456|JKTC|DPS|2023-04-05|1073700.0
2023-04-05 08:45:03.123456|JKTC|DPS|2023-04-05|1068700.0
2023-04-06 18:33:23.123456|JKTC|DPS|2023-04-06|1047600.0
2023-04-06 08:02:58.123456|JKTC|DPS|2023-04-06|1047600.0
2023-04-06 08:08:24.123456|JKTC|DPS|2023-04-06|1047600.0
2023-04-06 09:53:40.123456|JKTC|DPS|2023-04-06|1047600.0
2023-04-07 09:42:51.123456|JKTC|DPS|2023-04-07|1146900.0
2023-04-07 13:31:24.123456|JKTC|DPS|2023-04-07|1156900.0
2023-04-07 13:13:33.123456|JKTC|DPS|2023-04-07|1146900.0
2023-04-07 20:43:48.123456|JKTC|DPS|2023-04-07|1151900.0
2023-04-08 21:42:06.123456|JKTC|DPS|2023-04-08|1122700.0
2023-04-08 21:53:00.123456|JKTC|DPS|2023-04-08|1122700.0
2023-04-08 18:39:57.123456|JKTC|DPS|2023-04-08|1122700.0
2023-04-08 20:58:46.123456|JKTC|DPS|2023-04-08|1122700.0
2023-04-09 20:13:41.123456|JKTC|DPS|2023-04-09|1211400.0
2023-04-09 10:40:56.123456|JKTC|DPS|2023-04-09|1196400.0
2023-04-09 21:21:42.123456|JKTC|DPS|2023-04-09|1201400.0
2023-04-10 09:20:32.123456|JKTC|DPS|2023-04-10|1036800.0
2023-04-10 09:34:14.123456|JKTC|DPS|2023-04-10|1051800.0
2023-04-10 11:37:02.123456|JKTC|DPS|2023-04-10|1046800.0
2023-04-10 17:37:13.123456|JKTC|DPS|2023-04-10|1036800.0
2023-04-11 13:03:08.123456|JKTC|DPS|2023-04-11|1102100.0
2023-04-11 16:02:24.123456|JKTC|DPS|2023-04-11|1092100.0
2023-04-12 11:22:57.123456|JKTC|DPS|2023-04-12|1065100.0
2023-04-12 16:24:13.123456|JKTC|DPS|2023-04-12|1060100.0
2023-04-13 10:35:45.123456|JKTC|DPS|2023-04-13|1139600.0
2023-04-13 14:07:07.123456|JKTC|DPS|2023-04-13|1144600.0
2023-04-14 20:56:09.123456|JKTC|DPS|2023-04-14|1276700.0
2023-04-14 13:30:21.123456|JKTC|DPS|2023-04-14|1291700.0
2023-04-14 09:35:35.123456|JKTC|DPS|2023-04-14|1281700.0
2023-04-14 10:14:00.123456|JKTC|DPS|2023-04-14|1276700.0
2023-04-15 15:38:02.123456|JKTC|DPS|2023-04-15|1245200.0
2023-04-15 15:56:06.123456|JKTC|DPS|2023-04-15|1245200.0
2023-04-15 10:34:53.123456|JKTC|DPS|2023-04-15|1255200.0
2023-04-15 11:10:45.123456|JKTC|DPS|2023-04-15|1240200.0
2023-04-16 18:15:51.123456|JKTC|DPS|2023-04-16|1370700.0
2023-04-16 20:06:01.123456|JKTC|DPS|2023-04-16|1385700.0
2023-04-16 13:29:26.123456|JKTC|DPS|2023-04-16|1370700.0
2023-04-17 12:58:52.123456|JKTC|DPS|2023-04-17|1316300.0
2023-04-17 10:33:16.123456|JKTC|DPS|2023-04-17|1331300.0
2023-04-17 14:03:36.123456|JKTC|DPS|2023-04-17|1321300.0
2023-04-18 10:32:13.123456|JKTC|DPS|2023-04-18|1324000.0
2023-04-18 14:07:45.123456|JKTC|DPS|2023-04-18|1324000.0
2023-04-19 17:25:58.123456|JKTC|DPS|2023-04-19|1288600.0
2023-04-19 10:46:19.123456|JKTC|DPS|2023-04-19|1278600.0
2023-04-19 13:36:43.123456|JKTC|DPS|2023-04-19|1283600.0
2023-04-20 18:04:01.123456|JKTC|DPS|2023-04-20|1357800.0
2023-04-20 16:53:05.123456|JKTC|DPS|2023-04-20|1362800.0
2023-04-20 09:14:14.123456|JKTC|DPS|2023-04-20|1372800.0
2023-04-21 17:39:23.123456|JKTC|DPS|2023-04-21|1450000.0
2023-04-21 21:35:24.123456|JKTC|DPS|2023-04-21|1445000.0
2023-04-21 13:32:45.123456|JKTC|DPS|2023-04-21|1445000.0
2023-04-21 13:14:57.123456|JKTC|DPS|2023-04-21|1455000.0
2023-04-22 16:58:02.123456|JKTC|DPS|2023-04-22|1450000.0
2023-04-22 15:07:37.123456|JKTC|DPS|2023-04-22|1450000.0
2023-04-22 20:43:35.123456|JKTC|DPS|2023-04-22|1455000.0
2023-04-22 15:41:18.123456|JKTC|DPS|2023-04-22|1450000.0
2023-04-23 09:58:47.123456|JKTC|DPS|2023-04-23|1428600.0
2023-04-23 15:38:09.123456|JKTC|DPS|2023-04-23|1423600.0
2023-04-23 10:43:12.123456|JKTC|DPS|2023-04-23|1433600.0
2023-04-23 19:17:26.123456|JKTC|DPS|2023-04-23|1418600.0
2023-04-24 19:47:49.123456|JKTC|DPS|2023-04-24|1316400.0
2023-04-24 13:10:29.123456|JKTC|DPS|2023-04-24|1321400.0
2023-04-24 21:52:31.123456|JKTC|DPS|2023-04-24|1321400.0
2023-04-25 08:17:58.123456|JKTC|DPS|2023-04-25|1350200.0
2023-04-25 14:37:00.123456|JKTC|DPS|2023-04-25|1365200.0
2023-04-25 14:27:13.123456|JKTC|DPS|2023-04-25|1350200.0
2023-04-26 12:23:21.123456|JKTC|DPS|2023-04-26|1253900.0
2023-04-26 19:23:15.123456|JKTC|DPS|2023-04-26|1248900.0
2023-04-26 08:32:16.123456|JKTC|DPS|2023-04-26|1253900.0
2023-04-27 08:49:03.123456|JKTC|DPS|2023-04-27|1256100.0
2023-04-27 11:14:51.123456|JKTC|DPS|2023-04-27|1266100.0
2023-04-27 18:41:10.123456|JKTC|DPS|2023-04-27|1261100.0
2023-04-27 16:06:11.123456|JKTC|DPS|2023-04-27|1261100.0
2023-04-28 10:08:06.123456|JKTC|DPS|2023-04-28|1400300.0
2023-04-28 15:46:51.123456|JKTC|DPS|2023-04-28|1390300.0
2023-04-28 15:12:37.123456|JKTC|DPS|2023-04-28|1390300.0
2023-04-29 14:11:14.123456|JKTC|DPS|2023-04-29|1344600.0
2023-04-29 12:39:41.123456|JKTC|DPS|2023-04-29|1349600.0
2023-04-30 12:06:30.123456|JKTC|DPS|2023-04-30|1273600.0
2023-04-30 14:34:41.123456|JKTC|DPS|2023-04-30|1283600.0
2023-04-30 09:06:12.123456|JKTC|DPS|2023-04-30|1278600.0
2023-05-01 10:27:27.123456|JKTC|DPS|2023-05-01|1138600.0
2023-05-01 09:15:40.123456|JKTC|DPS|2023-05-01|1153600.0
2023-05-01 20:49:10.123456|JKTC|DPS|2023-05-01|1138600.0
2023-05-02 08:36:54.123456|JKTC|DPS|2023-05-02|1139400.0
2023-05-02 10:58:52.123456|JKTC|DPS|2023-05-02|1129400.0
2023-05-03 11:39:10.123456|JKTC|DPS|2023-05-03|1084800.0
2023-05-03 12:45:43.123456|JKTC|DPS|2023-05-03|1099800.0
2023-05-03 15:23:45.123456|JKTC|DPS|2023-05-03|1089800.0
2023-05-03 08:05:02.123456|JKTC|DPS|2023-05-03|1099800.0
2023-05-04 12:18:06.123456|JKTC|DPS|2023-05-04|1056000.0
2023-05-04 14:23:12.123456|JKTC|DPS|2023-05-04|1066000.0
2023-05-04 19:14:24.123456|JKTC|DPS|2023-05-04|1056000.0
2023-05-04 14:53:34.123456|JKTC|DPS|2023-05-04|1066000.0
2023-05-05 18:32:51.123456|JKTC|DPS|2023-05-05|1169300.0
2023-05-05 09:35:25.123456|JKTC|DPS|2023-05-05|1169300.0
2023-05-06 10:45:12.123456|JKTC|DPS|2023-05-06|1133300.0
2023-05-06 15:17:19.123456|JKTC|DPS|2023-05-06|1133300.0
2023-05-06 09:14:40.123456|JKTC|DPS|2023-05-06|1133300.0
2023-05-06 08:21:07.123456|JKTC|DPS|2023-05-06|1123300.0
2023-05-07 17:47:11.123456|JKTC|DPS|2023-05-07|1149000.0
2023-05-07 16:49:00.123456|JKTC|DPS|2023-05-07|1134000.0
2023-05-07 10:08:33.123456|JKTC|DPS|2023-05-07|1134000.0
2023-05-07 20:03:35.123456|JKTC|DPS|2023-05-07|1134000.0
2023-05-08 08:11:11.123456|JKTC|DPS|2023-05-08|954300.0
2023-05-08 15:42:27.123456|JKTC|DPS|2023-05-08|959300.0
2023-05-09 09:36:26.123456|JKTC|DPS|2023-05-09|918000.0
2023-05-09 09:14:51.123456|JKTC|DPS|2023-05-09|918000.0
2023-05-09 13:27:50.123456|JKTC|DPS|2023-05-09|908000.0
2023-05-09 16:32:02.123456|JKTC|DPS|2023-05-09|903000.0
2023-05-10 15:01:44.123456|JKTC|DPS|2023-05-10|949800.0
2023-05-10 21:34:37.123456|JKTC|DPS|2023-05-10|954800.0
2023-05-10 17:52:27.123456|JKTC|DPS|2023-05-10|949800.0
2023-05-11 11:51:23.123456|JKTC|DPS|2023-05-11|916400.0
2023-05-11 17:23:38.123456|JKTC|DPS|2023-05-11|926400.0
2023-05-11 13:44:11.123456|JKTC|DPS|2023-05-11|926400.0
2023-05-12 10:53:09.123456|JKTC|DPS|2023-05-12|942700.0
2023-05-12 10:38:32.123456|JKTC|DPS|2023-05-12|942700.0
2023-05-12 17:45:45.123456|JKTC|DPS|2023-05-12|937700.0
2023-05-12 12:39:25.123456|JKTC|DPS|2023-05-12|947700.0
2023-05-13 21:43:37.123456|JKTC|DPS|2023-05-13|1013800.0
2023-05-13 12:55:39.123456|JKTC|DPS|2023-05-13|1013800.0
2023-05-13 18:17:14.123456|JKTC|DPS|2023-05-13|1008800.0
2023-05-14 10:48:31.123456|JKTC|DPS|2023-05-14|1077200.0
2023-05-14 09:28:49.123456|JKTC|DPS|2023-05-14|1077200.0
2023-05-15 18:13:06.123456|JKTC|DPS|2023-05-15|853800.0
2023-05-15 12:54:17.123456|JKTC|DPS|2023-05-15|858800.0
2023-05-15 14:21:30.123456|JKTC|DPS|2023-05-15|853800.0
2023-05-16 08:58:46.123456|JKTC|DPS|2023-05-16|943500.0
2023-05-16 09:45:14.123456|JKTC|DPS|2023-05-16|943500.0
2023-05-16 08:58:41.123456|JKTC|DPS|2023-05-16|943500.0
2023-05-17 19:42:31.123456|JKTC|DPS|2023-05-17|871000.0
2023-05-17 19:27:01.123456|JKTC|DPS|2023-05-17|886000.0
2023-05-18 12:29:53.123456|JKTC|DPS|2023-05-18|912700.0
2023-05-18 20:52:44.123456|JKTC|DPS|2023-05-18|897700.0
2023-05-18 19:56:17.123456|JKTC|DPS|2023-05-18|897700.0
2023-05-19 12:04:10.123456|JKTC|DPS|2023-05-19|1076300.0
2023-05-19 17:54:31.123456|JKTC|DPS|2023-05-19|1066300.0
2023-05-19 16:38:30.123456|JKTC|DPS|2023-05-19|1066300.0
2023-05-19 11:30:44.123456|JKTC|DPS|2023-05-19|1066300.0
2023-05-20 21:03:23.123456|JKTC|DPS|2023-05-20|986500.0
2023-05-20 09:13:18.123456|JKTC|DPS|2023-05-20|976500.0
2023-05-20 15:08:50.123456|JKTC|DPS|2023-05-20|986500.0
2023-05-21 20:14:40.123456|JKTC|DPS|2023-05-21|1014400.0
2023-05-21 21:58:41.123456|JKTC|DPS|2023-05-21|1004400.0
2023-05-22 21:14:25.123456|JKTC|DPS|2023-05-22|948400.0
2023-05-22 14:05:20.123456|JKTC|DPS|2023-05-22|948400.0
2023-05-22 18:56:12.123456|JKTC|DPS|2023-05-22|948400.0
2023-05-22 13:15:05.123456|JKTC|DPS|2023-05-22|933400.0
2023-05-23 08:00:16.123456|JKTC|DPS|2023-05-23|881100.0
2023-05-23 19:22:01.123456|JKTC|DPS|2023-05-23|876100.0
2023-05-24 08:43:50.123456|JKTC|DPS|2023-05-24|923200.0
2023-05-24 09:26:53.123456|JKTC|DPS|2023-05-24|923200.0
2023-05-25 15:07:18.123456|JKTC|DPS|2023-05-25|968900.0
2023-05-25 11:08:32.123456|JKTC|DPS|2023-05-25|973900.0
2023-05-26 19:47:48.123456|JKTC|DPS|2023-05-26|1107100.0
2023-05-26 15:53:17.123456|JKTC|DPS|2023-05-26|1112100.0
2023-05-26 17:38:14.123456|JKTC|DPS|2023-05-26|1107100.0
2023-05-26 17:06:27.123456|JKTC|DPS|2023-05-26|1107100.0
2023-05-27 13:08:13.123456|JKTC|DPS|2023-05-27|1107500.0
2023-05-27 11:18:44.123456|JKTC|DPS|2023-05-27|1107500.0
2023-05-27 17:25:07.123456|JKTC|DPS|2023-05-27|1112500.0
2023-05-28 20:49:39.123456|JKTC|DPS|2023-05-28|1011900.0
2023-05-28 09:34:49.123456|JKTC|DPS|2023-05-28|1026900.0
2023-05-29 08:31:28.123456|JKTC|DPS|2023-05-29|970800.0
2023-05-29 08:28:35.123456|JKTC|DPS|2023-05-29|965800.0
2023-05-30 13:47:09.123456|JKTC|DPS|2023-05-30|934200.0
2023-05-30 08:34:28.123456|JKTC|DPS|2023-05-30|934200.0
2023-05-31 15:37:08.123456|JKTC|DPS|2023-05-31|941800.0
2023-05-31 11:02:57.123456|JKTC|DPS|2023-05-31|951800.0
2023-05-31 16:54:47.123456|JKTC|DPS|2023-05-31|941800.0
2023-05-31 10:36:26.123456|JKTC|DPS|2023-05-31|936800.0
2023-06-01 15:12:06.123456|JKTC|DPS|2023-06-01|985100.0
2023-06-01 12:37:29.123456|JKTC|DPS|2023-06-01|975100.0
2023-06-01 10:34:58.123456|JKTC|DPS|2023-06-01|975100.0
2023-06-01 15:57:44.123456|JKTC|DPS|2023-06-01|990100.0
2023-06-02 20:45:25.123456|JKTC|DPS|2023-06-02|1038500.0
2023-06-02 15:42:37.123456|JKTC|DPS|2023-06-02|1038500.0
2023-06-03 15:44:07.123456|JKTC|DPS|2023-06-03|1056600.0
2023-06-03 11:03:44.123456|JKTC|DPS|2023-06-03|1056600.0
2023-06-04 08:45:55.123456|JKTC|DPS|2023-06-04|1040300.0
2023-06-04 08:31:20.123456|JKTC|DPS|2023-06-04|1045300.0
2023-06-05 10:03:19.123456|JKTC|DPS|2023-06-05|918700.0
2023-06-05 18:12:54.123456|JKTC|DPS|2023-06-05|908700.0
2023-06-05 20:07:57.123456|JKTC|DPS|2023-06-05|913700.0
2023-06-05 15:19:26.123456|JKTC|DPS|2023-06-05|908700.0
2023-06-06 18:33:16.123456|JKTC|DPS|2023-06-06|958600.0
2023-06-06 13:22:37.123456|JKTC|DPS|2023-06-06|968600.0
2023-06-06 16:47:45.123456|JKTC|DPS|2023-06-06|963600.0
2023-06-07 11:31:54.123456|JKTC|DPS|2023-06-07|880600.0
2023-06-07 09:48:37.123456|JKTC|DPS|2023-06-07|875600.0
2023-06-07 20:57:22.123456|JKTC|DPS|2023-06-07|875600.0
2023-06-08 18:56:56.123456|JKTC|DPS|2023-06-08|933300.0
2023-06-08 19:01:28.123456|JKTC|DPS|2023-06-08|928300.0
2023-06-09 21:50:32.123456|JKTC|DPS|2023-06-09|973600.0
2023-06-09 21:11:31.123456|JKTC|DPS|2023-06-09|988600.0
2023-06-09 15:48:27.123456|JKTC|DPS|2023-06-09|973600.0
2023-06-10 10:22:58.123456|JKTC|DPS|2023-06-10|963000.0
2023-06-10 15:03:48.123456|JKTC|DPS|2023-06-10|973000.0
2023-06-10 18:34:57.123456|JKTC|DPS|2023-06-10|963000.0
2023-06-10 20:36:30.123456|JKTC|DPS|2023-06-10|958000.0
2023-06-11 19:55:24.123456|JKTC|DPS|2023-06-11|996400.0
2023-06-11 15:06:42.123456|JKTC|DPS|2023-06-11|981400.0
2023-06-11 16:43:16.123456|JKTC|DPS|2023-06-11|991400.0
2023-06-12 09:40:20.123456|JKTC|DPS|2023-06-12|889100.0
2023-06-12 13:43:33.123456|JKTC|DPS|2023-06-12|879100.0
2023-06-12 21:12:01.123456|JKTC|DPS|2023-06-12|889100.0
2023-06-12 13:30:43.123456|JKTC|DPS|2023-06-12|889100.0
2023-06-13 09:55:30.123456|JKTC|DPS|2023-06-13|851700.0
2023-06-13 15:32:18.123456|JKTC|DPS|2023-06-13|861700.0
2023-06-13 20:43:44.123456|JKTC|DPS|2023-06-13|856700.0
2023-06-14 18:36:12.123456|JKTC|DPS|2023-06-14|889900.0
2023-06-14 17:02:01.123456|JKTC|DPS|2023-06-14|889900.0
2023-06-14 09:54:30.123456|JKTC|DPS|2023-06-14|884900.0
2023-06-15 15:47:20.123456|JKTC|DPS|2023-06-15|795800.0
2023-06-15 11:07:07.123456|JKTC|DPS|2023-06-15|785800.0
2023-06-16 12:16:40.123456|JKTC|DPS|2023-06-16|985100.0
2023-06-16 11:14:10.123456|JKTC|DPS|2023-06-16|995100.0
2023-06-16 20:48:40.123456|JKTC|DPS|2023-06-16|995100.0
2023-06-17 15:07:57.123456|JKTC|DPS|2023-06-17|934300.0
2023-06-17 20:12:35.123456|JKTC|DPS|2023-06-17|929300.0
2023-06-18 14:31:11.123456|JKTC|DPS|2023-06-18|947600.0
2023-06-18 16:41:12.123456|JKTC|DPS|2023-06-18|962600.0
2023-06-19 17:31:42.123456|JKTC|DPS|2023-06-19|859200.0
2023-06-19 09:09:14.123456|JKTC|DPS|2023-06-19|844200.0
2023-06-20 19:20:50.123456|JKTC|DPS|2023-06-20|907100.0
2023-06-20 08:32:41.123456|JKTC|DPS|2023-06-20|922100.0
2023-06-20 21:03:16.123456|JKTC|DPS|2023-06-20|917100.0
2023-06-21 14:38:47.123456|JKTC|DPS|2023-06-21|864800.0
2023-06-21 11:04:35.123456|JKTC|DPS|2023-06-21|859800.0
2023-06-21 13:29:51.123456|JKTC|DPS|2023-06-21|869800.0
2023-06-21 15:43:54.123456|JKTC|DPS|2023-06-21|874800.0
2023-06-22 12:32:26.123456|JKTC|DPS|2023-06-22|871700.0
2023-06-22 18:16:51.123456|JKTC|DPS|2023-06-22|881700.0
2023-06-22 14:07:51.123456|JKTC|DPS|2023-06-22|886700.0
2023-06-23 19:54:17.123456|JKTC|DPS|2023-06-23|918800.0
2023-06-23 19:16:14.123456|JKTC|DPS|2023-06-23|923800.0
2023-06-23 14:42:01.123456|JKTC|DPS|2023-06-23|933800.0
2023-06-24 12:57:53.123456|JKTC|DPS|2023-06-24|1022600.0
2023-06-24 20:26:31.123456|JKTC|DPS|2023-06-24|1012600.0
2023-06-24 21:20:43.123456|JKTC|DPS|2023-06-24|1027600.0
2023-06-25 12:22:56.123456|JKTC|DPS|2023-06-25|968100.0
2023-06-25 10:47:36.123456|JKTC|DPS|2023-06-25|978100.0
2023-06-25 11:17:27.123456|JKTC|DPS|2023-06-25|978100.0
2023-06-26 16:01:51.123456|JKTC|DPS|2023-06-26|947700.0
2023-06-26 21:19:31.123456|JKTC|DPS|2023-06-26|952700.0
2023-06-26 08:56:24.123456|JKTC|DPS|2023-06-26|937700.0
2023-06-26 11:32:47.123456|JKTC|DPS|2023-06-26|952700.0
2023-06-27 11:19:29.123456|JKTC|DPS|2023-06-27|906000.0
2023-06-27 10:28:17.123456|JKTC|DPS|2023-06-27|911000.0
2023-06-27 09:31:07.123456|JKTC|DPS|2023-06-27|906000.0
2023-06-27 20:12:13.123456|JKTC|DPS|2023-06-27|911000.0
2023-06-28 21:43:44.123456|JKTC|DPS|2023-06-28|874400.0
2023-06-28 20:53:23.123456|JKTC|DPS|2023-06-28|884400.0
2023-06-28 18:53:33.123456|JKTC|DPS|2023-06-28|879400.0
2023-06-29 18:10:38.123456|JKTC|DPS|2023-06-29|921800.0
2023-06-29 10:46:17.123456|JKTC|DPS|2023-06-29|921800.0
2023-06-29 16:25:08.123456|JKTC|DPS|2023-06-29|921800.0
2023-06-30 11:25:00.123456|JKTC|DPS|2023-06-30|1035100.0
2023-06-30 11:38:09.123456|JKTC|DPS|2023-06-30|1045100.0
2023-06-30 10:17:44.123456|JKTC|DPS|2023-06-30|1035100.0
2023-06-30 11:19:33.123456|JKTC|DPS|2023-06-30|1045100.0
2023-07-01 17:09:25.123456|JKTC|DPS|2023-07-01|949100.0
2023-07-01 10:17:44.123456|JKTC|DPS|2023-07-01|944100.0
2023-07-02 19:09:19.123456|JKTC|DPS|2023-07-02|978100.0
2023-07-02 13:28:30.123456|JKTC|DPS|2023-07-02|968100.0
2023-07-02 21:02:45.123456|JKTC|DPS|2023-07-02|968100.0
2023-07-03 19:23:19.123456|JKTC|DPS|2023-07-03|895600.0
2023-07-03 13:55:27.123456|JKTC|DPS|2023-07-03|880600.0
2023-07-03 11:08:23.123456|JKTC|DPS|2023-07-03|880600.0
2023-07-04 12:45:20.123456|JKTC|DPS|2023-07-04|823800.0
2023-07-04 16:41:32.123456|JKTC|DPS|2023-07-04|818800.0
2023-07-05 09:49:15.123456|JKTC|DPS|2023-07-05|888600.0
2023-07-05 13:45:25.123456|JKTC|DPS|2023-07-05|898600.0
2023-07-06 20:40:24.123456|JKTC|DPS|2023-07-06|879400.0
2023-07-06 14:12:19.123456|JKTC|DPS|2023-07-06|869400.0
2023-07-06 15:23:42.123456|JKTC|DPS|2023-07-06|874400.0
2023-07-06 14:47:26.123456|JKTC|DPS|2023-07-06|879400.0
2023-07-07 17:19:38.123456|JKTC|DPS|2023-07-07|983400.0
2023-07-07 14:16:02.123456|JKTC|DPS|2023-07-07|978400.0
2023-07-07 15:33:06.123456|JKTC|DPS|2023-07-07|978400.0
2023-07-08 16:30:44.123456|JKTC|DPS|2023-07-08|964400.0
2023-07-08 13:35:11.123456|JKTC|DPS|2023-07-08|949400.0
2023-07-08 17:37:12.123456|JKTC|DPS|2023-07-08|964400.0
2023-07-09 15:26:12.123456|JKTC|DPS|2023-07-09|933900.0
2023-07-09 13:34:55.123456|JKTC|DPS|2023-07-09|933900.0
2023-07-09 10:41:24.123456|JKTC|DPS|2023-07-09|933900.0
2023-07-10 18:15:35.123456|JKTC|DPS|2023-07-10|848900.0
2023-07-10 18:25:07.123456|JKTC|DPS|2023-07-10|848900.0
2023-07-10 16:44:49.123456|JKTC|DPS|2023-07-10|838900.0
2023-07-11 15:44:05.123456|JKTC|DPS|2023-07-11|820100.0
2023-07-11 17:46:38.123456|JKTC|DPS|2023-07-11|825100.0
2023-07-12 10:18:22.123456|JKTC|DPS|2023-07-12|792600.0
2023-07-12 18:44:24.123456|JKTC|DPS|2023-07-12|797600.0
2023-07-12 13:54:34.123456|JKTC|DPS|2023-07-12|802600.0
2023-07-13 13:38:00.123456|JKTC|DPS|2023-07-13|775800.0
2023-07-13 13:08:12.123456|JKTC|DPS|2023-07-13|785800.0
2023-07-14 13:55:16.123456|JKTC|DPS|2023-07-14|882000.0
2023-07-14 17:30:31.123456|JKTC|DPS|2023-07-14|882000.0
2023-07-14 11:15:19.123456|JKTC|DPS|2023-07-14|882000.0
2023-07-15 08:00:20.123456|JKTC|DPS|2023-07-15|834600.0
2023-07-15 11:24:00.123456|JKTC|DPS|2023-07-15|834600.0
2023-07-16 08:16:01.123456|JKTC|DPS|2023-07-16|862300.0
2023-07-16 12:58:48.123456|JKTC|DPS|2023-07-16|877300.0
2023-07-16 18:41:51.123456|JKTC|DPS|2023-07-16|862300.0
2023-07-16 18:22:39.123456|JKTC|DPS|2023-07-16|872300.0
2023-07-17 10:47:52.123456|JKTC|DPS|2023-07-17|739600.0
2023-07-17 18:23:58.123456|JKTC|DPS|2023-07-17|754600.0
2023-07-17 20:01:40.123456|JKTC|DPS|2023-07-17|739600.0
2023-07-18 19:33:33.123456|JKTC|DPS|2023-07-18|722500.0
2023-07-18 12:50:41.123456|JKTC|DPS|2023-07-18|732500.0
2023-07-18 12:09:30.123456|JKTC|DPS|2023-07-18|737500.0
2023-07-19 14:57:38.123456|JKTC|DPS|2023-07-19|768500.0
2023-07-19 12:48:46.123456|JKTC|DPS|2023-07-19|768500.0
2023-07-20 17:41:08.123456|JKTC|DPS|2023-07-20|759200.0
2023-07-20 21:25:31.123456|JKTC|DPS|2023-07-20|759200.0
2023-07-20 08:00:33.123456|JKTC|DPS|2023-07-20|754200.0
2023-07-20 12:13:22.123456|JKTC|DPS|2023-07-20|754200.0
2023-07-21 18:46:26.123456|JKTC|DPS|2023-07-21|896100.0
2023-07-21 21:26:36.123456|JKTC|DPS|2023-07-21|886100.0
2023-07-21 13:54:09.123456|JKTC|DPS|2023-07-21|886100.0
2023-07-21 15:39:17.123456|JKTC|DPS|2023-07-21|896100.0
2023-07-22 17:24:55.123456|JKTC|DPS|2023-07-22|947800.0
2023-07-22 13:42:49.123456|JKTC|DPS|2023-07-22|952800.0
2023-07-22 15:33:03.123456|JKTC|DPS|2023-07-22|952800.0
2023-07-23 12:40:36.123456|JKTC|DPS|2023-07-23|920800.0
2023-07-23 15:34:28.123456|JKTC|DPS|2023-07-23|920800.0
2023-07-23 19:33:36.123456|JKTC|DPS|2023-07-23|920800.0
2023-07-24 21:25:37.123456|JKTC|DPS|2023-07-24|820200.0
2023-07-24 21:06:11.123456|JKTC|DPS|2023-07-24|820200.0
2023-07-24 14:41:23.123456|JKTC|DPS|2023-07-24|810200.0
2023-07-24 18:17:17.123456|JKTC|DPS|2023-07-24|805200.0
2023-07-25 19:35:05.123456|JKTC|DPS|2023-07-25|880900.0
2023-07-25 08:27:44.123456|JKTC|DPS|2023-07-25|875900.0
2023-07-26 19:50:37.123456|JKTC|DPS|2023-07-26|860000.0
2023-07-26 18:37:31.123456|JKTC|DPS|2023-07-26|870000.0
2023-07-26 08:56:31.123456|JKTC|DPS|2023-07-26|855000.0
2023-07-26 20:07:01.123456|JKTC|DPS|2023-07-26|860000.0
2023-07-27 10:30:44.123456|JKTC|DPS|2023-07-27|808000.0
2023-07-27 13:34:56.123456|JKTC|DPS|2023-07-27|798000.0
2023-07-27 18:02:12.123456|JKTC|DPS|2023-07-27|798000.0
2023-07-27 16:31:13.123456|JKTC|DPS|2023-07-27|808000.0
2023-07-28 18:37:15.123456|JKTC|DPS|2023-07-28|967500.0
2023-07-28 10:47:22.123456|JKTC|DPS|2023-07-28|957500.0
2023-07-29 08:52:44.123456|JKTC|DPS|2023-07-29|918100.0
2023-07-29 11:11:16.123456|JKTC|DPS|2023-07-29|908100.0
2023-07-29 16:37:02.123456|JKTC|DPS|2023-07-29|918100.0
2023-07-30 13:38:29.123456|JKTC|DPS|2023-07-30|963200.0
2023-07-30 16:25:25.123456|JKTC|DPS|2023-07-30|968200.0
2023-07-31 12:06:31.123456|JKTC|DPS|2023-07-31|824600.0
2023-07-31 18:37:36.123456|JKTC|DPS|2023-07-31|824600.0
2023-08-01 16:53:52.123456|JKTC|DPS|2023-08-01|801900.0
2023-08-01 18:33:15.123456|JKTC|DPS|2023-08-01|791900.0
2023-08-02 13:18:32.123456|JKTC|DPS|2023-08-02|849800.0
2023-08-02 08:30:21.123456|JKTC|DPS|2023-08-02|849800.0
2023-08-02 14:56:04.123456|JKTC|DPS|2023-08-02|854800.0
2023-08-02 18:22:52.123456|JKTC|DPS|2023-08-02|844800.0
2023-08-03 21:41:19.123456|JKTC|DPS|2023-08-03|834700.0
2023-08-03 20:40:00.123456|JKTC|DPS|2023-08-03|829700.0
2023-08-04 14:22:05.123456|JKTC|DPS|2023-08-04|875700.0
2023-08-04 16:57:27.123456|JKTC|DPS|2023-08-04|860700.0
2023-08-04 20:09:49.123456|JKTC|DPS|2023-08-04|875700.0
2023-08-04 08:04:03.123456|JKTC|DPS|2023-08-04|875700.0
2023-08-05 15:46:04.123456|JKTC|DPS|2023-08-05|865200.0
2023-08-05 11:32:35.123456|JKTC|DPS|2023-08-05|855200.0
2023-08-05 18:55:17.123456|JKTC|DPS|2023-08-05|850200.0
2023-08-06 12:26:26.123456|JKTC|DPS|2023-08-06|875200.0
2023-08-06 18:37:42.123456|JKTC|DPS|2023-08-06|885200.0
2023-08-07 11:26:25.123456|JKTC|DPS|2023-08-07|810300.0
2023-08-07 21:34:31.123456|JKTC|DPS|2023-08-07|820300.0
2023-08-07 12:37:58.123456|JKTC|DPS|2023-08-07|820300.0
2023-08-07 10:26:26.123456|JKTC|DPS|2023-08-07|820300.0
2023-08-08 18:12:28.123456|JKTC|DPS|2023-08-08|878600.0
2023-08-08 08:07:34.123456|JKTC|DPS|2023-08-08|868600.0
2023-08-08 09:48:54.123456|JKTC|DPS|2023-08-08|878600.0
2023-08-09 17:58:56.123456|JKTC|DPS|2023-08-09|772400.0
2023-08-09 16:18:38.123456|JKTC|DPS|2023-08-09|757400.0
2023-08-10 19:34:28.123456|JKTC|DPS|2023-08-10|750800.0
2023-08-10 15:15:03.123456|JKTC|DPS|2023-08-10|760800.0
2023-08-10 17:16:55.123456|JKTC|DPS|2023-08-10|750800.0
2023-08-10 18:49:34.123456|JKTC|DPS|2023-08-10|765800.0
2023-08-11 21:03:26.123456|JKTC|DPS|2023-08-11|828500.0
2023-08-11 14:47:07.123456|JKTC|DPS|2023-08-11|818500.0
2023-08-11 21:20:18.123456|JKTC|DPS|2023-08-11|828500.0
2023-08-12 18:31:06.123456|JKTC|DPS|2023-08-12|779300.0
2023-08-12 20:54:51.123456|JKTC|DPS|2023-08-12|779300.0
2023-08-12 14:46:07.123456|JKTC|DPS|2023-08-12|774300.0
2023-08-12 14:02:28.123456|JKTC|DPS|2023-08-12|779300.0
2023-08-13 18:54:35.123456|JKTC|DPS|2023-08-13|790600.0
2023-08-13 15:09:31.123456|JKTC|DPS|2023-08-13|780600.0
2023-08-13 19:11:04.123456|JKTC|DPS|2023-08-13|785600.0
2023-08-13 21:25:58.123456|JKTC|DPS|2023-08-13|785600.0
2023-08-14 12:21:45.123456|JKTC|DPS|2023-08-14|693100.0
2023-08-14 11:41:05.123456|JKTC|DPS|2023-08-14|693100.0
2023-08-14 10:56:00.123456|JKTC|DPS|2023-08-14|683100.0
2023-08-14 21:11:18.123456|JKTC|DPS|2023-08-14|693100.0
2023-08-15 12:46:24.123456|JKTC|DPS|2023-08-15|660100.0
2023-08-15 12:25:38.123456|JKTC|DPS|2023-08-15|655100.0
2023-08-16 16:09:24.123456|JKTC|DPS|2023-08-16|737400.0
2023-08-16 11:19:54.123456|JKTC|DPS|2023-08-16|727400.0
2023-08-17 13:37:08.123456|JKTC|DPS|2023-08-17|760400.0
2023-08-17 21:52:34.123456|JKTC|DPS|2023-08-17|760400.0
2023-08-17 15:02:08.123456|JKTC|DPS|2023-08-17|755400.0
2023-08-17 11:49:53.123456|JKTC|DPS|2023-08-17|755400.0
2023-08-18 17:00:38.123456|JKTC|DPS|2023-08-18|829200.0
2023-08-18 18:41:17.123456|JKTC|DPS|2023-08-18|839200.0
2023-08-19 20:23:56.123456|JKTC|DPS|2023-08-19|813600.0
2023-08-19 16:23:29.123456|JKTC|DPS|2023-08-19|818600.0
2023-08-19 21:37:12.123456|JKTC|DPS|2023-08-19|818600.0
2023-08-19 17:07:32.123456|JKTC|DPS|2023-08-19|818600.0
2023-08-20 15:04:52.123456|JKTC|DPS|2023-08-20|926900.0
2023-08-20 08:52:08.123456|JKTC|DPS|2023-08-20|916900.0
2023-08-20 11:20:04.123456|JKTC|DPS|2023-08-20|916900.0
2023-08-20 13:30:43.123456|JKTC|DPS|2023-08-20|911900.0
2023-08-21 13:37:06.123456|JKTC|DPS|2023-08-21|801000.0
2023-08-21 14:13:10.123456|JKTC|DPS|2023-08-21|796000.0
2023-08-21 16:08:55.123456|JKTC|DPS|2023-08-21|801000.0
2023-08-22 11:21:58.123456|JKTC|DPS|2023-08-22|775000.0
2023-08-22 16:32:12.123456|JKTC|DPS|2023-08-22|780000.0
2023-08-22 18:22:42.123456|JKTC|DPS|2023-08-22|770000.0
2023-08-22 08:07:04.123456|JKTC|DPS|2023-08-22|770000.0
2023-08-23 20:42:33.123456|JKTC|DPS|2023-08-23|795300.0
2023-08-23 19:01:35.123456|JKTC|DPS|2023-08-23|800300.0
2023-08-23 11:32:08.123456|JKTC|DPS|2023-08-23|785300.0
2023-08-24 11:44:09.123456|JKTC|DPS|2023-08-24|782900.0
2023-08-24 11:05:11.123456|JKTC|DPS|2023-08-24|777900.0
2023-08-25 21:39:06.123456|JKTC|DPS|2023-08-25|918500.0
2023-08-25 14:32:51.123456|JKTC|DPS|2023-08-25|923500.0
2023-08-26 08:23:48.123456|JKTC|DPS|2023-08-26|973800.0
2023-08-26 08:11:51.123456|JKTC|DPS|2023-08-26|963800.0
2023-08-27 09:04:07.123456|JKTC|DPS|2023-08-27|856900.0
2023-08-27 14:41:12.123456|JKTC|DPS|2023-08-27|856900.0
2023-08-27 17:08:03.123456|JKTC|DPS|2023-08-27|846900.0
2023-08-27 11:19:00.123456|JKTC|DPS|2023-08-27|851900.0
2023-08-28 13:32:40.123456|JKTC|DPS|2023-08-28|835600.0
2023-08-28 15:47:52.123456|JKTC|DPS|2023-08-28|820600.0
2023-08-28 15:34:24.123456|JKTC|DPS|2023-08-28|820600.0
2023-08-29 13:43:04.123456|JKTC|DPS|2023-08-29|785900.0
2023-08-29 10:47:48.123456|JKTC|DPS|2023-08-29|785900.0
2023-08-29 10:46:56.123456|JKTC|DPS|2023-08-29|785900.0
2023-08-29 16:48:25.123456|JKTC|DPS|2023-08-29|780900.0
2023-08-30 08:35:46.123456|JKTC|DPS|2023-08-30|782900.0
2023-08-30 15:31:15.123456|JKTC|DPS|2023-08-30|777900.0
2023-08-30 15:32:26.123456|JKTC|DPS|2023-08-30|772900.0
2023-08-30 10:22:53.123456|JKTC|DPS|2023-08-30|772900.0
2023-08-31 14:49:55.123456|JKTC|DPS|2023-08-31|783100.0
2023-08-31 15:53:07.123456|JKTC|DPS|2023-08-31|783100.0
2023-08-31 13:21:19.123456|JKTC|DPS|2023-08-31|783100.0
2023-09-01 16:26:46.123456|JKTC|DPS|2023-09-01|887500.0
2023-09-01 13:02:14.123456|JKTC|DPS|2023-09-01|887500.0
2023-09-02 15:09:45.123456|JKTC|DPS|2023-09-02|870700.0
2023-09-02 12:37:34.123456|JKTC|DPS|2023-09-02|880700.0
2023-09-02 13:19:53.123456|JKTC|DPS|2023-09-02|885700.0
2023-09-02 20:14:27.123456|JKTC|DPS|2023-09-02|885700.0
2023-09-03 12:35:46.123456|JKTC|DPS|2023-09-03|828400.0
2023-09-03 13:23:19.123456|JKTC|DPS|2023-09-03|828400.0
2023-09-04 15:44:44.123456|JKTC|DPS|2023-09-04|789700.0
2023-09-04 20:56:07.123456|JKTC|DPS|2023-09-04|779700.0
2023-09-05 14:03:42.123456|JKTC|DPS|2023-09-05|760500.0
2023-09-05 15:26:20.123456|JKTC|DPS|2023-09-05|755500.0
2023-09-05 15:46:23.123456|JKTC|DPS|2023-09-05|755500.0
2023-09-06 14:38:01.123456|JKTC|DPS|2023-09-06|726900.0
2023-09-06 16:38:20.123456|JKTC|DPS|2023-09-06|726900.0
2023-09-07 10:15:10.123456|JKTC|DPS|2023-09-07|624900.0
2023-09-07 12:44:15.123456|JKTC|DPS|2023-09-07|634900.0
2023-09-07 18:37:45.123456|JKTC|DPS|2023-09-07|634900.0
2023-09-07 16:33:03.123456|JKTC|DPS|2023-09-07|624900.0
2023-09-08 16:16:21.123456|JKTC|DPS|2023-09-08|803900.0
2023-09-08 18:52:51.123456|JKTC|DPS|2023-09-08|798900.0
2023-09-08 16:47:51.123456|JKTC|DPS|2023-09-08|793900.0
2023-09-09 12:15:55.123456|JKTC|DPS|2023-09-09|737800.0
2023-09-09 19:27:39.123456|JKTC|DPS|2023-09-09|732800.0
2023-09-09 14:21:21.123456|JKTC|DPS|2023-09-09|742800.0
2023-09-09 19:05:19.123456|JKTC|DPS|2023-09-09|737800.0
2023-09-10 12:31:52.123456|JKTC|DPS|2023-09-10|846300.0
2023-09-10 12:58:05.123456|JKTC|DPS|2023-09-10|836300.0
2023-09-10 11:15:07.123456|JKTC|DPS|2023-09-10|851300.0
2023-09-11 15:58:52.123456|JKTC|DPS|2023-09-11|693300.0
2023-09-11 08:27:25.123456|JKTC|DPS|2023-09-11|703300.0
2023-09-12 20:31:58.123456|JKTC|DPS|2023-09-12|620300.0
2023-09-12 12:01:46.123456|JKTC|DPS|2023-09-12|625300.0
2023-09-13 14:03:47.123456|JKTC|DPS|2023-09-13|699700.0
2023-09-13 18:10:15.123456|JKTC|DPS|2023-09-13|689700.0
2023-09-13 18:58:21.123456|JKTC|DPS|2023-09-13|689700.0
2023-09-14 15:37:34.123456|JKTC|DPS|2023-09-14|710500.0
2023-09-14 10:48:23.123456|JKTC|DPS|2023-09-14|720500.0
2023-09-14 18:43:32.123456|JKTC|DPS|2023-09-14|720500.0
2023-09-15 21:10:41.123456|JKTC|DPS|2023-09-15|764900.0
2023-09-15 13:05:01.123456|JKTC|DPS|2023-09-15|754900.0
2023-09-15 18:08:03.123456|JKTC|DPS|2023-09-15|754900.0
2023-09-16 20:52:09.123456|JKTC|DPS|2023-09-16|805400.0
2023-09-16 10:07:35.123456|JKTC|DPS|2023-09-16|790400.0
2023-09-16 19:21:31.123456|JKTC|DPS|2023-09-16|795400.0
2023-09-17 09:26:07.123456|JKTC|DPS|2023-09-17|734900.0
2023-09-17 12:44:47.123456|JKTC|DPS|2023-09-17|734900.0
2023-09-18 21:48:46.123456|JKTC|DPS|2023-09-18|748100.0
2023-09-18 19:00:58.123456|JKTC|DPS|2023-09-18|753100.0
2023-09-18 13:15:34.123456|JKTC|DPS|2023-09-18|748100.0
2023-09-19 10:08:10.123456|JKTC|DPS|2023-09-19|740300.0
2023-09-19 08:47:52.123456|JKTC|DPS|2023-09-19|745300.0
2023-09-19 21:12:34.123456|JKTC|DPS|2023-09-19|745300.0
2023-09-19 14:04:00.123456|JKTC|DPS|2023-09-19|740300.0
2023-09-20 10:15:32.123456|JKTC|DPS|2023-09-20|731900.0
2023-09-20 13:35:26.123456|JKTC|DPS|2023-09-20|731900.0
2023-09-21 13:02:02.123456|JKTC|DPS|2023-09-21|753600.0
2023-09-21 18:40:44.123456|JKTC|DPS|2023-09-21|768600.0
2023-09-21 18:54:00.123456|JKTC|DPS|2023-09-21|758600.0
2023-09-22 17:33:22.123456|JKTC|DPS|2023-09-22|822800.0
2023-09-22 09:39:38.123456|JKTC|DPS|2023-09-22|817800.0
2023-09-22 16:44:23.123456|JKTC|DPS|2023-09-22|817800.0
2023-09-22 10:29:08.123456|JKTC|DPS|2023-09-22|822800.0
2023-09-23 08:34:29.123456|JKTC|DPS|2023-09-23|827500.0
2023-09-23 12:53:49.123456|JKTC|DPS|2023-09-23|842500.0
2023-09-23 18:30:53.123456|JKTC|DPS|2023-09-23|842500.0
2023-09-23 16:44:15.123456|JKTC|DPS|2023-09-23|842500.0
2023-09-24 19:28:56.123456|JKTC|DPS|2023-09-24|889300.0
2023-09-24 10:24:37.123456|JKTC|DPS|2023-09-24|889300.0
2023-09-24 20:11:03.123456|JKTC|DPS|2023-09-24|879300.0
2023-09-24 15:02:58.123456|JKTC|DPS|2023-09-24|889300.0
2023-09-25 12:58:14.123456|JKTC|DPS|2023-09-25|767100.0
2023-09-25 20:31:32.123456|JKTC|DPS|2023-09-25|772100.0
2023-09-26 20:06:40.123456|JKTC|DPS|2023-09-26|772300.0
2023-09-26 20:26:52.123456|JKTC|DPS|2023-09-26|777300.0
2023-09-26 09:30:09.123456|JKTC|DPS|2023-09-26|777300.0
2023-09-27 09:22:43.123456|JKTC|DPS|2023-09-27|756300.0
2023-09-27 19:23:15.123456|JKTC|DPS|2023-09-27|771300.0
2023-09-27 20:21:42.123456|JKTC|DPS|2023-09-27|771300.0
2023-09-27 18:26:20.123456|JKTC|DPS|2023-09-27|766300.0
2023-09-28 21:25:28.123456|JKTC|DPS|2023-09-28|799100.0
2023-09-28 20:30:31.123456|JKTC|DPS|2023-09-28|789100.0
2023-09-28 11:05:17.123456|JKTC|DPS|2023-09-28|799100.0
2023-09-29 20:03:20.123456|JKTC|DPS|2023-09-29|824900.0
2023-09-29 10:52:23.123456|JKTC|DPS|2023-09-29|824900.0
2023-09-29 09:57:04.123456|JKTC|DPS|2023-09-29|814900.0
2023-09-29 15:43:25.123456|JKTC|DPS|2023-09-29|824900.0
2023-09-30 13:16:21.123456|JKTC|DPS|2023-09-30|827000.0
2023-09-30 16:22:02.123456|JKTC|DPS|2023-09-30|827000.0
2023-09-30 18:15:57.123456|JKTC|DPS|2023-09-30|822000.0
2023-10-01 13:29:19.123456|JKTC|DPS|2023-10-01|853200.0
2023-10-01 12:41:18.123456|JKTC|DPS|2023-10-01|858200.0
2023-10-02 10:22:04.123456|JKTC|DPS|2023-10-02|763500.0
2023-10-02 11:04:00.123456|JKTC|DPS|2023-10-02|768500.0
2023-10-03 14:33:42.123456|JKTC|DPS|2023-10-03|775800.0
2023-10-03 20:46:51.123456|JKTC|DPS|2023-10-03|765800.0
2023-10-03 14:26:01.123456|JKTC|DPS|2023-10-03|765800.0
2023-10-03 21:19:11.123456|JKTC|DPS|2023-10-03|760800.0
2023-10-04 15:52:27.123456|JKTC|DPS|2023-10-04|779100.0
2023-10-04 08:33:34.123456|JKTC|DPS|2023-10-04|774100.0
2023-10-04 12:49:27.123456|JKTC|DPS|2023-10-04|774100.0
2023-10-04 09:01:23.123456|JKTC|DPS|2023-10-04|784100.0
2023-10-05 15:18:33.123456|JKTC|DPS|2023-10-05|732300.0
2023-10-05 14:17:11.123456|JKTC|DPS|2023-10-05|727300.0
2023-10-06 08:09:07.123456|JKTC|DPS|2023-10-06|790000.0
2023-10-06 19:45:31.123456|JKTC|DPS|2023-10-06|790000.0
2023-10-06 10:07:22.123456|JKTC|DPS|2023-10-06|785000.0
2023-10-07 18:23:14.123456|JKTC|DPS|2023-10-07|775700.0
2023-10-07 19:43:56.123456|JKTC|DPS|2023-10-07|780700.0
2023-10-07 15:06:15.123456|JKTC|DPS|2023-10-07|785700.0
2023-10-08 14:25:01.123456|JKTC|DPS|2023-10-08|798000.0
2023-10-08 16:02:04.123456|JKTC|DPS|2023-10-08|803000.0
2023-10-08 09:06:18.123456|JKTC|DPS|2023-10-08|798000.0
2023-10-09 11:57:56.123456|JKTC|DPS|2023-10-09|680100.0
2023-10-09 13:40:18.123456|JKTC|DPS|2023-10-09|680100.0
2023-10-10 14:40:23.123456|JKTC|DPS|2023-10-10|691800.0
2023-10-10 19:32:46.123456|JKTC|DPS|2023-10-10|686800.0
2023-10-10 09:06:40.123456|JKTC|DPS|2023-10-10|686800.0
2023-10-10 15:53:46.123456|JKTC|DPS|2023-10-10|676800.0
2023-10-11 11:18:51.123456|JKTC|DPS|2023-10-11|679600.0
2023-10-11 18:18:09.123456|JKTC|DPS|2023-10-11|679600.0
2023-10-11 21:31:58.123456|JKTC|DPS|2023-10-11|664600.0
2023-10-11 12:33:35.123456|JKTC|DPS|2023-10-11|669600.0
2023-10-12 18:40:53.123456|JKTC|DPS|2023-10-12|721100.0
2023-10-12 14:15:18.123456|JKTC|DPS|2023-10-12|716100.0
2023-10-12 09:04:01.123456|JKTC|DPS|2023-10-12|726100.0
2023-10-12 13:11:38.123456|JKTC|DPS|2023-10-12|716100.0
2023-10-13 12:32:44.123456|JKTC|DPS|2023-10-13|800600.0
2023-10-13 11:07:43.123456|JKTC|DPS|2023-10-13|790600.0
2023-10-13 10:00:43.123456|JKTC|DPS|2023-10-13|785600.0
2023-10-14 09:09:31.123456|JKTC|DPS|2023-10-14|740900.0
2023-10-14 18:41:48.123456|JKTC|DPS|2023-10-14|740900.0
2023-10-14 17:46:13.123456|JKTC|DPS|2023-10-14|725900.0
2023-10-14 12:37:41.123456|JKTC|DPS|2023-10-14|725900.0
2023-10-15 18:23:58.123456|JKTC|DPS|2023-10-15|796400.0
2023-10-15 20:08:16.123456|JKTC|DPS|2023-10-15|801400.0
2023-10-15 11:42:43.123456|JKTC|DPS|2023-10-15|811400.0
2023-10-16 14:11:56.123456|JKTC|DPS|2023-10-16|663100.0
2023-10-16 14:03:44.123456|JKTC|DPS|2023-10-16|673100.0
2023-10-16 10:02:29.123456|JKTC|DPS|2023-10-16|668100.0
2023-10-17 12:57:32.123456|JKTC|DPS|2023-10-17|674400.0
2023-10-17 21:03:21.123456|JKTC|DPS|2023-10-17|674400.0
2023-10-17 11:41:25.123456|JKTC|DPS|2023-10-17|664400.0
2023-10-18 21:00:58.123456|JKTC|DPS|2023-10-18|733100.0
2023-10-18 17:06:44.123456|JKTC|DPS|2023-10-18|743100.0
2023-10-18 20:22:57.123456|JKTC|DPS|2023-10-18|743100.0
2023-10-18 21:54:20.123456|JKTC|DPS|2023-10-18|738100.0
2023-10-19 13:28:03.123456|JKTC|DPS|2023-10-19|698900.0
2023-10-19 12:02:17.123456|JKTC|DPS|2023-10-19|703900.0
2023-10-20 08:52:35.123456|JKTC|DPS|2023-10-20|830500.0
2023-10-20 16:52:14.123456|JKTC|DPS|2023-10-20|840500.0
2023-10-20 21:06:48.123456|JKTC|DPS|2023-10-20|845500.0
2023-10-20 14:33:52.123456|JKTC|DPS|2023-10-20|830500.0
2023-10-21 20:46:04.123456|JKTC|DPS|2023-10-21|845300.0
2023-10-21 12:42:52.123456|JKTC|DPS|2023-10-21|845300.0
2023-10-21 20:31:07.123456|JKTC|DPS|2023-10-21|855300.0
2023-10-22 12:04:37.123456|JKTC|DPS|2023-10-22|819400.0
2023-10-22 20:16:42.123456|JKTC|DPS|2023-10-22|829400.0
2023-10-22 15:46:16.123456|JKTC|DPS|2023-10-22|829400.0
2023-10-23 09:32:02.123456|JKTC|DPS|2023-10-23|765100.0
2023-10-23 09:25:24.123456|JKTC|DPS|2023-10-23|770100.0
2023-10-24 20:04:27.123456|JKTC|DPS|2023-10-24|767100.0
2023-10-24 11:24:23.123456|JKTC|DPS|2023-10-24|752100.0
2023-10-24 13:11:09.123456|JKTC|DPS|2023-10-24|762100.0
2023-10-25 11:12:03.123456|JKTC|DPS|2023-10-25|755300.0
2023-10-25 08:45:44.123456|JKTC|DPS|2023-10-25|755300.0
2023-10-26 10:27:10.123456|JKTC|DPS|2023-10-26|822200.0
2023-10-26 19:51:44.123456|JKTC|DPS|2023-10-26|822200.0
2023-10-26 08:22:18.123456|JKTC|DPS|2023-10-26|812200.0
2023-10-27 09:35:03.123456|JKTC|DPS|2023-10-27|905700.0
2023-10-27 15:15:42.123456|JKTC|DPS|2023-10-27|900700.0
2023-10-27 20:29:29.123456|JKTC|DPS|2023-10-27|900700.0
2023-10-28 21:57:35.123456|JKTC|DPS|2023-10-28|889200.0
2023-10-28 16:58:57.123456|JKTC|DPS|2023-10-28|884200.0
2023-10-29 21:14:41.123456|JKTC|DPS|2023-10-29|882100.0
2023-10-29 21:39:34.123456|JKTC|DPS|2023-10-29|882100.0
2023-10-29 09:09:49.123456|JKTC|DPS|2023-10-29|887100.0
2023-10-29 19:19:20.123456|JKTC|DPS|2023-10-29|887100.0
2023-10-30 20:48:43.123456|JKTC|DPS|2023-10-30|765300.0
2023-10-30 11:33:00.123456|JKTC|DPS|2023-10-30|770300.0
2023-10-31 12:42:39.123456|JKTC|DPS|2023-10-31|739800.0
2023-10-31 16:53:34.123456|JKTC|DPS|2023-10-31|744800.0
2023-11-01 12:25:04.123456|JKTC|DPS|2023-11-01|703100.0
2023-11-01 08:01:20.123456|JKTC|DPS|2023-11-01|698100.0
2023-11-01 08:30:04.123456|JKTC|DPS|2023-11-01|698100.0
2023-11-01 17:11:44.123456|JKTC|DPS|2023-11-01|708100.0
2023-11-02 08:09:18.123456|JKTC|DPS|2023-11-02|802700.0
2023-11-02 18:54:13.123456|JKTC|DPS|2023-11-02|812700.0
2023-11-02 17:08:14.123456|JKTC|DPS|2023-11-02|807700.0
2023-11-02 08:29:45.123456|JKTC|DPS|2023-11-02|807700.0
2023-11-03 09:31:01.123456|JKTC|DPS|2023-11-03|839700.0
2023-11-03 11:55:10.123456|JKTC|DPS|2023-11-03|849700.0
2023-11-04 18:19:05.123456|JKTC|DPS|2023-11-04|854600.0
2023-11-04 14:09:03.123456|JKTC|DPS|2023-11-04|859600.0
2023-11-05 11:50:46.123456|JKTC|DPS|2023-11-05|857700.0
2023-11-05 21:50:24.123456|JKTC|DPS|2023-11-05|842700.0
2023-11-06 20:15:20.123456|JKTC|DPS|2023-11-06|658500.0
2023-11-06 16:56:04.123456|JKTC|DPS|2023-11-06|653500.0
2023-11-07 15:53:36.123456|JKTC|DPS|2023-11-07|760600.0
2023-11-07 08:58:11.123456|JKTC|DPS|2023-11-07|755600.0
2023-11-07 19:25:34.123456|JKTC|DPS|2023-11-07|755600.0
2023-11-08 08:10:56.123456|JKTC|DPS|2023-11-08|723000.0
2023-11-08 16:51:36.123456|JKTC|DPS|2023-11-08|728000.0
2023-11-09 21:00:30.123456|JKTC|DPS|2023-11-09|709600.0
2023-11-09 19:01:16.123456|JKTC|DPS|2023-11-09|724600.0
2023-11-09 14:58:48.123456|JKTC|DPS|2023-11-09|724600.0
2023-11-10 19:48:37.123456|JKTC|DPS|2023-11-10|815000.0
2023-11-10 11:23:29.123456|JKTC|DPS|2023-11-10|815000.0
2023-11-10 16:46:19.123456|JKTC|DPS|2023-11-10|820000.0
2023-11-10 15:04:42.123456|JKTC|DPS|2023-11-10|810000.0
2023-11-11 20:37:40.123456|JKTC|DPS|2023-11-11|817100.0
2023-11-11 19:05:22.123456|JKTC|DPS|2023-11-11|807100.0
2023-11-11 18:07:00.123456|JKTC|DPS|2023-11-11|817100.0
2023-11-12 21:33:24.123456|JKTC|DPS|2023-11-12|784400.0
2023-11-12 14:54:46.123456|JKTC|DPS|2023-11-12|774400.0
2023-11-12 12:19:52.123456|JKTC|DPS|2023-11-12|774400.0
2023-11-12 12:34:36.123456|JKTC|DPS|2023-11-12|789400.0
2023-11-13 14:32:49.123456|JKTC|DPS|2023-11-13|736200.0
2023-11-13 17:20:11.123456|JKTC|DPS|2023-11-13|736200.0
2023-11-14 15:00:00.123456|JKTC|DPS|2023-11-14|664600.0
2023-11-14 18:36:43.123456|JKTC|DPS|2023-11-14|669600.0
2023-11-15 14:02:55.123456|JKTC|DPS|2023-11-15|716600.0
2023-11-15 14:07:43.123456|JKTC|DPS|2023-11-15|716600.0
2023-11-16 17:53:23.123456|JKTC|DPS|2023-11-16|734200.0
2023-11-16 09:18:08.123456|JKTC|DPS|2023-11-16|729200.0
2023-11-16 11:26:37.123456|JKTC|DPS|2023-11-16|719200.0
2023-11-16 16:53:56.123456|JKTC|DPS|2023-11-16|729200.0
2023-11-17 21:40:25.123456|JKTC|DPS|2023-11-17|834700.0
2023-11-17 12:44:33.123456|JKTC|DPS|2023-11-17|849700.0
2023-11-17 13:42:13.123456|JKTC|DPS|2023-11-17|839700.0
2023-11-18 13:35:51.123456|JKTC|DPS|2023-11-18|892000.0
2023-11-18 15:05:09.123456|JKTC|DPS|2023-11-18|882000.0
2023-11-18 15:03:50.123456|JKTC|DPS|2023-11-18|892000.0
2023-11-19 16:23:19.123456|JKTC|DPS|2023-11-19|823000.0
2023-11-19 11:23:45.123456|JKTC|DPS|2023-11-19|823000.0
2023-11-20 17:12:39.123456|JKTC|DPS|2023-11-20|841100.0
2023-11-20 16:58:17.123456|JKTC|DPS|2023-11-20|846100.0
2023-11-21 19:34:04.123456|JKTC|DPS|2023-11-21|844400.0
2023-11-21 21:19:20.123456|JKTC|DPS|2023-11-21|849400.0
2023-11-22 11:49:55.123456|JKTC|DPS|2023-11-22|772400.0
2023-11-22 15:46:19.123456|JKTC|DPS|2023-11-22|767400.0
2023-11-22 12:19:55.123456|JKTC|DPS|2023-11-22|772400.0
2023-11-22 10:35:10.123456|JKTC|DPS|2023-11-22|782400.0
2023-11-23 10:36:57.123456|JKTC|DPS|2023-11-23|772900.0
2023-11-23 20:28:47.123456|JKTC|DPS|2023-11-23|777900.0
2023-11-23 14:38:28.123456|JKTC|DPS|2023-11-23|782900.0
2023-11-23 13:36:45.123456|JKTC|DPS|2023-11-23|772900.0
2023-11-24 18:10:44.123456|JKTC|DPS|2023-11-24|886500.0
2023-11-24 12:21:22.123456|JKTC|DPS|2023-11-24|876500.0
2023-11-24 12:10:18.123456|JKTC|DPS|2023-11-24|886500.0
2023-11-24 09:19:19.123456|JKTC|DPS|2023-11-24|886500.0
2023-11-25 21:29:12.123456|JKTC|DPS|2023-11-25|918700.0
2023-11-25 08:17:01.123456|JKTC|DPS|2023-11-25|928700.0
2023-11-25 19:27:22.123456|JKTC|DPS|2023-11-25|923700.0
2023-11-25 10:01:09.123456|JKTC|DPS|2023-11-25|923700.0
2023-11-26 15:13:03.123456|JKTC|DPS|2023-11-26|924000.0
2023-11-26 17:29:05.123456|JKTC|DPS|2023-11-26|924000.0
2023-11-27 21:15:38.123456|JKTC|DPS|2023-11-27|798100.0
2023-11-27 09:58:11.123456|JKTC|DPS|2023-11-27|813100.0
2023-11-27 20:17:38.123456|JKTC|DPS|2023-11-27|813100.0
2023-11-27 11:36:13.123456|JKTC|DPS|2023-11-27|813100.0
2023-11-28 15:35:42.123456|JKTC|DPS|2023-11-28|867600.0
2023-11-28 14:58:55.123456|JKTC|DPS|2023-11-28|872600.0
2023-11-28 12:34:38.123456|JKTC|DPS|2023-11-28|872600.0
2023-11-28 11:05:33.123456|JKTC|DPS|2023-11-28|867600.0
2023-11-29 19:26:37.123456|JKTC|DPS|2023-11-29|813600.0
2023-11-29 16:16:15.123456|JKTC|DPS|2023-11-29|798600.0
2023-11-29 16:15:57.123456|JKTC|DPS|2023-11-29|808600.0
2023-11-29 10:12:03.123456|JKTC|DPS|2023-11-29|813600.0
2023-11-30 17:40:11.123456|JKTC|DPS|2023-11-30|855500.0
2023-11-30 21:05:50.123456|JKTC|DPS|2023-11-30|855500.0
2023-11-30 08:44:36.123456|JKTC|DPS|2023-11-30|845500.0
2023-12-01 21:12:38.123456|JKTC|DPS|2023-12-01|895500.0
2023-12-01 14:12:19.123456|JKTC|DPS|2023-12-01|885500.0
2023-12-01 11:31:36.123456|JKTC|DPS|2023-12-01|890500.0
2023-12-01 11:40:53.123456|JKTC|DPS|2023-12-01|885500.0
2023-12-02 18:30:38.123456|JKTC|DPS|2023-12-02|969600.0
2023-12-02 17:57:21.123456|JKTC|DPS|2023-12-02|974600.0
2023-12-02 10:34:20.123456|JKTC|DPS|2023-12-02|959600.0
2023-12-02 08:44:52.123456|JKTC|DPS|2023-12-02|974600.0
2023-12-03 08:19:21.123456|JKTC|DPS|2023-12-03|876700.0
2023-12-03 18:07:09.123456|JKTC|DPS|2023-12-03|881700.0
2023-12-03 21:45:20.123456|JKTC|DPS|2023-12-03|866700.0
2023-12-03 18:44:03.123456|JKTC|DPS|2023-12-03|871700.0
2023-12-04 14:36:02.123456|JKTC|DPS|2023-12-04|805600.0
2023-12-04 20:07:38.123456|JKTC|DPS|2023-12-04|810600.0
2023-12-04 10:18:04.123456|JKTC|DPS|2023-12-04|800600.0
2023-12-04 16:45:57.123456|JKTC|DPS|2023-12-04|800600.0
2023-12-05 19:22:21.123456|JKTC|DPS|2023-12-05|832500.0
2023-12-05 21:48:23.123456|JKTC|DPS|2023-12-05|822500.0
2023-12-06 16:58:28.123456|JKTC|DPS|2023-12-06|748900.0
2023-12-06 20:04:58.123456|JKTC|DPS|2023-12-06|743900.0
2023-12-07 19:51:01.123456|JKTC|DPS|2023-12-07|742700.0
2023-12-07 08:27:00.123456|JKTC|DPS|2023-12-07|737700.0
2023-12-07 19:44:51.123456|JKTC|DPS|2023-12-07|747700.0
2023-12-08 19:29:25.123456|JKTC|DPS|2023-12-08|911600.0
2023-12-08 15:40:36.123456|JKTC|DPS|2023-12-08|911600.0
2023-12-08 18:06:45.123456|JKTC|DPS|2023-12-08|911600.0
2023-12-08 10:58:49.123456|JKTC|DPS|2023-12-08|911600.0
2023-12-09 19:12:47.123456|JKTC|DPS|2023-12-09|854100.0
2023-12-09 10:10:37.123456|JKTC|DPS|2023-12-09|859100.0
2023-12-09 20:32:13.123456|JKTC|DPS|2023-12-09|859100.0
2023-12-09 17:39:05.123456|JKTC|DPS|2023-12-09|854100.0
2023-12-10 09:44:38.123456|JKTC|DPS|2023-12-10|895900.0
2023-12-10 12:13:10.123456|JKTC|DPS|2023-12-10|905900.0
2023-12-10 13:08:50.123456|JKTC|DPS|2023-12-10|905900.0
2023-12-10 10:03:53.123456|JKTC|DPS|2023-12-10|895900.0
2023-12-11 19:33:04.123456|JKTC|DPS|2023-12-11|729700.0
2023-12-11 21:52:34.123456|JKTC|DPS|2023-12-11|729700.0
2023-12-11 18:47:07.123456|JKTC|DPS|2023-12-11|729700.0
2023-12-11 17:22:02.123456|JKTC|DPS|2023-12-11|729700.0
2023-12-12 10:51:33.123456|JKTC|DPS|2023-12-12|777600.0
2023-12-12 18:50:30.123456|JKTC|DPS|2023-12-12|777600.0
2023-12-12 16:41:37.123456|JKTC|DPS|2023-12-12|767600.0
2023-12-13 19:32:36.123456|JKTC|DPS|2023-12-13|778500.0
2023-12-13 16:24:52.123456|JKTC|DPS|2023-12-13|773500.0
2023-12-14 16:04:01.123456|JKTC|DPS|2023-12-14|745400.0
2023-12-14 21:47:22.123456|JKTC|DPS|2023-12-14|745400.0
2023-12-14 11:45:27.123456|JKTC|DPS|2023-12-14|755400.0
2023-12-14 14:28:04.123456|JKTC|DPS|2023-12-14|745400.0
2023-12-15 15:38:18.123456|JKTC|DPS|2023-12-15|853700.0
2023-12-15 15:43:22.123456|JKTC|DPS|2023-12-15|868700.0
2023-12-16 14:05:20.123456|JKTC|DPS|2023-12-16|929200.0
2023-12-16 08:10:25.123456|JKTC|DPS|2023-12-16|939200.0
2023-12-17 15:43:34.123456|JKTC|DPS|2023-12-17|1029200.0
2023-12-17 21:35:09.123456|JKTC|DPS|2023-12-17|1024200.0
2023-12-17 16:42:26.123456|JKTC|DPS|2023-12-17|1039200.0
2023-12-18 09:00:27.123456|JKTC|DPS|2023-12-18|957500.0
2023-12-18 20:52:58.123456|JKTC|DPS|2023-12-18|962500.0
2023-12-18 16:15:43.123456|JKTC|DPS|2023-12-18|957500.0
2023-12-18 20:00:53.123456|JKTC|DPS|2023-12-18|957500.0
2023-12-19 17:16:52.123456|JKTC|DPS|2023-12-19|973600.0
2023-12-19 11:15:05.123456|JKTC|DPS|2023-12-19|978600.0
2023-12-19 20:31:38.123456|JKTC|DPS|2023-12-19|978600.0
2023-12-20 10:14:37.123456|JKTC|DPS|2023-12-20|930100.0
2023-12-20 11:57:04.123456|JKTC|DPS|2023-12-20|925100.0
2023-12-21 09:50:47.123456|JKTC|DPS|2023-12-21|998700.0
2023-12-21 13:18:07.123456|JKTC|DPS|2023-12-21|1013700.0
2023-12-21 16:14:13.123456|JKTC|DPS|2023-12-21|1013700.0
2023-12-22 08:56:55.123456|JKTC|DPS|2023-12-22|1216400.0
2023-12-22 08:50:25.123456|JKTC|DPS|2023-12-22|1216400.0
2023-12-22 18:28:15.123456|JKTC|DPS|2023-12-22|1231400.0
2023-12-23 14:01:39.123456|JKTC|DPS|2023-12-23|1250200.0
2023-12-23 14:25:52.123456|JKTC|DPS|2023-12-23|1255200.0
2023-12-23 20:22:51.123456|JKTC|DPS|2023-12-23|1245200.0
2023-12-23 15:14:54.123456|JKTC|DPS|2023-12-23|1250200.0
2023-12-24 08:57:13.123456|JKTC|DPS|2023-12-24|1313500.0
2023-12-24 18:17:42.123456|JKTC|DPS|2023-12-24|1318500.0
2023-12-24 16:43:34.123456|JKTC|DPS|2023-12-24|1318500.0
2023-12-25 11:42:39.123456|JKTC|DPS|2023-12-25|1175500.0
2023-12-25 16:00:22.123456|JKTC|DPS|2023-12-25|1175500.0
2023-12-26 21:21:14.123456|JKTC|DPS|2023-12-26|1166200.0
2023-12-26 19:41:37.123456|JKTC|DPS|2023-12-26|1176200.0
2023-12-26 18:01:23.123456|JKTC|DPS|2023-12-26|1176200.0
2023-12-27 11:10:39.123456|JKTC|DPS|2023-12-27|1204800.0
2023-12-27 17:41:04.123456|JKTC|DPS|2023-12-27|1189800.0
2023-12-27 16:04:21.123456|JKTC|DPS|2023-12-27|1189800.0
2023-12-28 16:51:16.123456|JKTC|DPS|2023-12-28|1157600.0
2023-12-28 21:13:08.123456|JKTC|DPS|2023-12-28|1157600.0
2023-12-28 19:01:11.123456|JKTC|DPS|2023-12-28|1157600.0
2023-12-28 11:04:34.123456|JKTC|DPS|2023-12-28|1152600.0
2023-12-29 17:55:05.123456|JKTC|DPS|2023-12-29|1327000.0
2023-12-29 21:31:34.123456|JKTC|DPS|2023-12-29|1317000.0
2023-12-29 19:15:32.123456|JKTC|DPS|2023-12-29|1322000.0
2023-12-30 11:28:33.123456|JKTC|DPS|2023-12-30|1312500.0
2023-12-30 08:36:06.123456|JKTC|DPS|2023-12-30|1317500.0
2023-12-30 17:05:07.123456|JKTC|DPS|2023-12-30|1322500.0
2023-12-31 21:45:05.123456|JKTC|DPS|2023-12-31|1217800.0
2023-12-31 12:50:28.123456|JKTC|DPS|2023-12-31|1227800.0
2024-01-01 12:21:52.123456|JKTC|DPS|2024-01-01|1095000.0
2024-01-01 10:42:39.123456|JKTC|DPS|2024-01-01|1095000.0
2024-01-01 13:12:00.123456|JKTC|DPS|2024-01-01|1095000.0
2024-01-02 20:50:14.123456|JKTC|DPS|2024-01-02|983400.0
2024-01-02 10:05:51.123456|JKTC|DPS|2024-01-02|983400.0
2024-01-03 10:44:57.123456|JKTC|DPS|2024-01-03|995900.0
2024-01-03 11:21:54.123456|JKTC|DPS|2024-01-03|1000900.0
2024-01-03 18:06:13.123456|JKTC|DPS|2024-01-03|985900.0
2024-01-03 20:09:51.123456|JKTC|DPS|2024-01-03|1000900.0
2024-01-04 14:55:42.123456|JKTC|DPS|2024-01-04|1036600.0
2024-01-04 13:45:33.123456|JKTC|DPS|2024-01-04|1046600.0
2024-01-04 20:10:26.123456|JKTC|DPS|2024-01-04|1046600.0
2024-01-04 09:47:04.123456|JKTC|DPS|2024-01-04|1036600.0
2024-01-05 11:31:48.123456|JKTC|DPS|2024-01-05|1092200.0
2024-01-05 15:21:42.123456|JKTC|DPS|2024-01-05|1097200.0
2024-01-06 21:57:30.123456|JKTC|DPS|2024-01-06|998000.0
2024-01-06 12:57:04.123456|JKTC|DPS|2024-01-06|1003000.0
2024-01-06 19:22:07.123456|JKTC|DPS|2024-01-06|988000.0
2024-01-06 18:53:13.123456|JKTC|DPS|2024-01-06|988000.0
2024-01-07 14:27:42.123456|JKTC|DPS|2024-01-07|1018300.0
2024-01-07 19:08:27.123456|JKTC|DPS|2024-01-07|1008300.0
2024-01-07 21:05:20.123456|JKTC|DPS|2024-01-07|1018300.0
2024-01-08 18:44:03.123456|JKTC|DPS|2024-01-08|862900.0
2024-01-08 10:56:31.123456|JKTC|DPS|2024-01-08|857900.0
2024-01-09 10:27:04.123456|JKTC|DPS|2024-01-09|857600.0
2024-01-09 20:41:08.123456|JKTC|DPS|2024-01-09|847600.0
2024-01-09 15:29:48.123456|JKTC|DPS|2024-01-09|847600.0
2024-01-10 12:28:51.123456|JKTC|DPS|2024-01-10|908600.0
2024-01-10 18:16:24.123456|JKTC|DPS|2024-01-10|908600.0
2024-01-10 08:57:18.123456|JKTC|DPS|2024-01-10|908600.0
2024-01-11 14:31:15.123456|JKTC|DPS|2024-01-11|828600.0
2024-01-11 20:08:51.123456|JKTC|DPS|2024-01-11|823600.0
2024-01-12 08:11:09.123456|JKTC|DPS|2024-01-12|982200.0
2024-01-12 20:18:23.123456|JKTC|DPS|2024-01-12|972200.0
2024-01-13 13:27:17.123456|JKTC|DPS|2024-01-13|931000.0
2024-01-13 18:06:22.123456|JKTC|DPS|2024-01-13|941000.0
2024-01-13 17:24:34.123456|JKTC|DPS|2024-01-13|926000.0
2024-01-14 17:09:11.123456|JKTC|DPS|2024-01-14|953200.0
2024-01-14 10:09:09.123456|JKTC|DPS|2024-01-14|953200.0
2024-01-15 15:08:13.123456|JKTC|DPS|2024-01-15|838200.0
2024-01-15 09:21:16.123456|JKTC|DPS|2024-01-15|848200.0
2024-01-15 17:21:49.123456|JKTC|DPS|2024-01-15|853200.0
2024-01-15 20:16:11.123456|JKTC|DPS|2024-01-15|848200.0
2024-01-16 20:33:15.123456|JKTC|DPS|2024-01-16|880200.0
2024-01-16 12:16:17.123456|JKTC|DPS|2024-01-16|880200.0
2024-01-16 18:02:48.123456|JKTC|DPS|2024-01-16|880200.0
2024-01-16 10:20:08.123456|JKTC|DPS|2024-01-16|875200.0
2024-01-17 15:44:32.123456|JKTC|DPS|2024-01-17|915400.0
2024-01-17 16:24:37.123456|JKTC|DPS|2024-01-17|915400.0
2024-01-17 12:17:13.123456|JKTC|DPS|2024-01-17|915400.0
2024-01-18 16:53:21.123456|JKTC|DPS|2024-01-18|879500.0
2024-01-18 08:58:08.123456|JKTC|DPS|2024-01-18|879500.0
2024-01-18 11:44:04.123456|JKTC|DPS|2024-01-18|869500.0
2024-01-19 21:48:56.123456|JKTC|DPS|2024-01-19|1057800.0
2024-01-19 21:39:38.123456|JKTC|DPS|2024-01-19|1047800.0
2024-01-20 13:47:12.123456|JKTC|DPS|2024-01-20|1002100.0
2024-01-20 21:29:37.123456|JKTC|DPS|2024-01-20|1012100.0
2024-01-21 11:49:41.123456|JKTC|DPS|2024-01-21|999000.0
2024-01-21 09:17:31.123456|JKTC|DPS|2024-01-21|1004000.0
2024-01-22 19:05:17.123456|JKTC|DPS|2024-01-22|858800.0
2024-01-22 14:50:20.123456|JKTC|DPS|2024-01-22|858800.0
2024-01-22 14:09:29.123456|JKTC|DPS|2024-01-22|843800.0
2024-01-22 11:53:12.123456|JKTC|DPS|2024-01-22|858800.0
2024-01-23 10:10:00.123456|JKTC|DPS|2024-01-23|961800.0
2024-01-23 10:37:44.123456|JKTC|DPS|2024-01-23|961800.0
2024-01-23 11:05:49.123456|JKTC|DPS|2024-01-23|971800.0
2024-01-23 15:07:52.123456|JKTC|DPS|2024-01-23|966800.0
2024-01-24 11:20:30.123456|JKTC|DPS|2024-01-24|929000.0
2024-01-24 17:20:24.123456|JKTC|DPS|2024-01-24|924000.0
2024-01-24 15:53:19.123456|JKTC|DPS|2024-01-24|914000.0
2024-01-25 08:01:52.123456|JKTC|DPS|2024-01-25|958700.0
2024-01-25 18:34:24.123456|JKTC|DPS|2024-01-25|973700.0
2024-01-26 15:01:39.123456|JKTC|DPS|2024-01-26|1015700.0
2024-01-26 10:25:32.123456|JKTC|DPS|2024-01-26|1020700.0
2024-01-27 10:09:53.123456|JKTC|DPS|2024-01-27|1102000.0
2024-01-27 15:17:30.123456|JKTC|DPS|2024-01-27|1112000.0
2024-01-27 14:40:23.123456|JKTC|DPS|2024-01-27|1107000.0
2024-01-28 15:11:53.123456|JKTC|DPS|2024-01-28|952800.0
2024-01-28 12:39:17.123456|JKTC|DPS|2024-01-28|947800.0
2024-01-28 13:53:52.123456|JKTC|DPS|2024-01-28|957800.0
2024-01-28 12:22:16.123456|JKTC|DPS|2024-01-28|952800.0
2024-01-29 19:19:53.123456|JKTC|DPS|2024-01-29|975000.0
2024-01-29 17:39:46.123456|JKTC|DPS|2024-01-29|965000.0
2024-01-29 09:44:19.123456|JKTC|DPS|2024-01-29|960000.0
2024-01-29 16:42:42.123456|JKTC|DPS|2024-01-29|960000.0
2024-01-30 15:26:19.123456|JKTC|DPS|2024-01-30|977400.0
2024-01-30 08:33:36.123456|JKTC|DPS|2024-01-30|982400.0
2024-01-31 15:35:08.123456|JKTC|DPS|2024-01-31|918500.0
2024-01-31 21:58:28.123456|JKTC|DPS|2024-01-31|903500.0
2024-01-31 14:01:25.123456|JKTC|DPS|2024-01-31|918500.0
2024-02-01 20:50:22.123456|JKTC|DPS|2024-02-01|941600.0
2024-02-01 13:40:00.123456|JKTC|DPS|2024-02-01|946600.0
2024-02-02 13:03:26.123456|JKTC|DPS|2024-02-02|1027400.0
2024-02-02 16:09:46.123456|JKTC|DPS|2024-02-02|1032400.0
2024-02-02 14:34:01.123456|JKTC|DPS|2024-02-02|1027400.0
2024-02-03 12:13:01.123456|JKTC|DPS|2024-02-03|1036900.0
2024-02-03 08:52:48.123456|JKTC|DPS|2024-02-03|1036900.0
2024-02-03 12:17:34.123456|JKTC|DPS|2024-02-03|1026900.0
2024-02-03 20:13:37.123456|JKTC|DPS|2024-02-03|1031900.0
2024-02-04 16:36:40.123456|JKTC|DPS|2024-02-04|1070900.0
2024-02-04 09:35:34.123456|JKTC|DPS|2024-02-04|1075900.0
2024-02-04 14:41:36.123456|JKTC|DPS|2024-02-04|1075900.0
2024-02-04 09:53:08.123456|JKTC|DPS|2024-02-04|1070900.0
2024-02-05 21:40:01.123456|JKTC|DPS|2024-02-05|828900.0
2024-02-05 09:50:11.123456|JKTC|DPS|2024-02-05|838900.0
2024-02-06 21:32:31.123456|JKTC|DPS|2024-02-06|908600.0
2024-02-06 09:37:00.123456|JKTC|DPS|2024-02-06|918600.0
2024-02-07 08:31:22.123456|JKTC|DPS|2024-02-07|901200.0
2024-02-07 11:32:37.123456|JKTC|DPS|2024-02-07|891200.0
2024-02-07 13:27:40.123456|JKTC|DPS|2024-02-07|901200.0
2024-02-08 10:39:55.123456|JKTC|DPS|2024-02-08|928900.0
2024-02-08 20:35:55.123456|JKTC|DPS|2024-02-08|928900.0
2024-02-09 11:53:43.123456|JKTC|DPS|2024-02-09|1003000.0
2024-02-09 15:38:21.123456|JKTC|DPS|2024-02-09|1003000.0
2024-02-09 09:29:21.123456|JKTC|DPS|2024-02-09|993000.0
2024-02-09 13:48:16.123456|JKTC|DPS|2024-02-09|998000.0
2024-02-10 12:27:17.123456|JKTC|DPS|2024-02-10|1072700.0
2024-02-10 09:10:43.123456|JKTC|DPS|2024-02-10|1067700.0
2024-02-11 08:32:51.123456|JKTC|DPS|2024-02-11|1014800.0
2024-02-11 21:24:19.123456|JKTC|DPS|2024-02-11|1024800.0
2024-02-12 15:47:27.123456|JKTC|DPS|2024-02-12|894600.0
2024-02-12 19:57:30.123456|JKTC|DPS|2024-02-12|899600.0
2024-02-13 20:23:02.123456|JKTC|DPS|2024-02-13|928200.0
2024-02-13 13:51:24.123456|JKTC|DPS|2024-02-13|943200.0
2024-02-13 18:36:52.123456|JKTC|DPS|2024-02-13|938200.0
2024-02-13 21:45:29.123456|JKTC|DPS|2024-02-13|938200.0
2024-02-14 20:11:09.123456|JKTC|DPS|2024-02-14|912100.0
2024-02-14 14:25:54.123456|JKTC|DPS|2024-02-14|917100.0
2024-02-14 18:35:36.123456|JKTC|DPS|2024-02-14|902100.0
2024-02-15 20:40:49.123456|JKTC|DPS|2024-02-15|925300.0
2024-02-15 15:38:36.123456|JKTC|DPS|2024-02-15|935300.0
2024-02-16 11:49:00.123456|JKTC|DPS|2024-02-16|945400.0
2024-02-16 18:32:33.123456|JKTC|DPS|2024-02-16|950400.0
2024-02-16 13:08:25.123456|JKTC|DPS|2024-02-16|960400.0
2024-02-17 14:54:57.123456|JKTC|DPS|2024-02-17|1040700.0
2024-02-17 12:46:28.123456|JKTC|DPS|2024-02-17|1030700.0
2024-02-17 10:29:42.123456|JKTC|DPS|2024-02-17|1025700.0
2024-02-18 15:43:42.123456|JKTC|DPS|2024-02-18|1123700.0
2024-02-18 14:51:56.123456|JKTC|DPS|2024-02-18|1108700.0
2024-02-19 08:29:54.123456|JKTC|DPS|2024-02-19|870700.0
2024-02-19 18:38:08.123456|JKTC|DPS|2024-02-19|860700.0
2024-02-19 11:27:35.123456|JKTC|DPS|2024-02-19|875700.0
2024-02-20 08:02:43.123456|JKTC|DPS|2024-02-20|1012900.0
2024-02-20 10:28:48.123456|JKTC|DPS|2024-02-20|1007900.0
2024-02-21 14:33:02.123456|JKTC|DPS|2024-02-21|1020700.0
2024-02-21 13:02:30.123456|JKTC|DPS|2024-02-21|1010700.0
2024-02-21 08:01:43.123456|JKTC|DPS|2024-02-21|1015700.0
2024-02-21 20:38:26.123456|JKTC|DPS|2024-02-21|1020700.0
2024-02-22 14:16:50.123456|JKTC|DPS|2024-02-22|964500.0
2024-02-22 15:20:22.123456|JKTC|DPS|2024-02-22|959500.0
2024-02-22 11:15:26.123456|JKTC|DPS|2024-02-22|969500.0
2024-02-23 10:41:52.123456|JKTC|DPS|2024-02-23|1153700.0
2024-02-23 16:52:46.123456|JKTC|DPS|2024-02-23|1158700.0
2024-02-24 09:08:49.123456|JKTC|DPS|2024-02-24|1086100.0
2024-02-24 12:55:34.123456|JKTC|DPS|2024-02-24|1076100.0
2024-02-24 13:23:42.123456|JKTC|DPS|2024-02-24|1081100.0
2024-02-24 17:51:51.123456|JKTC|DPS|2024-02-24|1081100.0
2024-02-25 13:50:09.123456|JKTC|DPS|2024-02-25|1086600.0
2024-02-25 13:31:14.123456|JKTC|DPS|2024-02-25|1086600.0
2024-02-26 12:06:26.123456|JKTC|DPS|2024-02-26|1044000.0
2024-02-26 15:53:18.123456|JKTC|DPS|2024-02-26|1049000.0
2024-02-27 15:48:58.123456|JKTC|DPS|2024-02-27|1033000.0
2024-02-27 12:21:16.123456|JKTC|DPS|2024-02-27|1043000.0
2024-02-28 11:09:28.123456|JKTC|DPS|2024-02-28|1066000.0
2024-02-28 21:07:22.123456|JKTC|DPS|2024-02-28|1066000.0
2024-02-29 13:09:02.123456|JKTC|DPS|2024-02-29|1001200.0
2024-02-29 20:46:08.123456|JKTC|DPS|2024-02-29|1001200.0
2024-02-29 10:51:20.123456|JKTC|DPS|2024-02-29|1001200.0
2024-02-29 14:22:53.123456|JKTC|DPS|2024-02-29|996200.0
2024-03-01 14:23:35.123456|JKTC|DPS|2024-03-01|1073000.0
2024-03-01 12:37:40.123456|JKTC|DPS|2024-03-01|1073000.0
2024-03-01 08:29:10.123456|JKTC|DPS|2024-03-01|1068000.0
2024-03-02 14:18:31.123456|JKTC|DPS|2024-03-02|1098900.0
2024-03-02 09:03:32.123456|JKTC|DPS|2024-03-02|1098900.0
2024-03-02 12:17:51.123456|JKTC|DPS|2024-03-02|1103900.0
2024-03-03 10:45:11.123456|JKTC|DPS|2024-03-03|1016100.0
2024-03-03 15:40:31.123456|JKTC|DPS|2024-03-03|1006100.0
2024-03-03 13:09:49.123456|JKTC|DPS|2024-03-03|1016100.0
2024-03-04 18:36:31.123456|JKTC|DPS|2024-03-04|956100.0
2024-03-04 09:05:42.123456|JKTC|DPS|2024-03-04|951100.0
2024-03-04 20:32:44.123456|JKTC|DPS|2024-03-04|951100.0
2024-03-04 08:21:24.123456|JKTC|DPS|2024-03-04|951100.0
2024-03-05 14:57:05.123456|JKTC|DPS|2024-03-05|961500.0
2024-03-05 21:09:16.123456|JKTC|DPS|2024-03-05|976500.0
2024-03-05 11:27:53.123456|JKTC|DPS|2024-03-05|961500.0
2024-03-06 10:44:38.123456|JKTC|DPS|2024-03-06|961300.0
2024-03-06 14:27:30.123456|JKTC|DPS|2024-03-06|946300.0
2024-03-07 11:26:50.123456|JKTC|DPS|2024-03-07|989700.0
2024-03-07 12:56:34.123456|JKTC|DPS|2024-03-07|994700.0
2024-03-07 21:53:20.123456|JKTC|DPS|2024-03-07|984700.0
2024-03-08 19:07:19.123456|JKTC|DPS|2024-03-08|1042800.0
2024-03-08 18:39:09.123456|JKTC|DPS|2024-03-08|1042800.0
2024-03-09 20:51:13.123456|JKTC|DPS|2024-03-09|1073200.0
2024-03-09 16:10:13.123456|JKTC|DPS|2024-03-09|1068200.0
2024-03-09 14:57:51.123456|JKTC|DPS|2024-03-09|1068200.0
2024-03-10 14:35:18.123456|JKTC|DPS|2024-03-10|1094100.0
2024-03-10 08:17:04.123456|JKTC|DPS|2024-03-10|1079100.0
2024-03-10 09:15:07.123456|JKTC|DPS|2024-03-10|1084100.0
2024-03-10 14:54:55.123456|JKTC|DPS|2024-03-10|1084100.0
2024-03-11 12:56:55.123456|JKTC|DPS|2024-03-11|1002500.0
2024-03-11 18:24:38.123456|JKTC|DPS|2024-03-11|1012500.0
2024-03-12 12:47:10.123456|JKTC|DPS|2024-03-12|933400.0
2024-03-12 16:46:54.123456|JKTC|DPS|2024-03-12|938400.0
2024-03-12 14:38:12.123456|JKTC|DPS|2024-03-12|943400.0
2024-03-12 09:33:58.123456|JKTC|DPS|2024-03-12|938400.0
2024-03-13 19:06:50.123456|JKTC|DPS|2024-03-13|950100.0
2024-03-13 13:57:08.123456|JKTC|DPS|2024-03-13|955100.0
2024-03-13 09:33:35.123456|JKTC|DPS|2024-03-13|955100.0
2024-03-14 15:14:13.123456|JKTC|DPS|2024-03-14|962500.0
2024-03-14 12:47:48.123456|JKTC|DPS|2024-03-14|972500.0
2024-03-14 21:44:11.123456|JKTC|DPS|2024-03-14|957500.0
2024-03-15 14:10:29.123456|JKTC|DPS|2024-03-15|1092200.0
2024-03-15 17:30:54.123456|JKTC|DPS|2024-03-15|1082200.0
2024-03-16 08:31:38.123456|JKTC|DPS|2024-03-16|1050300.0
2024-03-16 12:58:54.123456|JKTC|DPS|2024-03-16|1060300.0
2024-03-17 16:23:16.123456|JKTC|DPS|2024-03-17|1020800.0
2024-03-17 18:00:04.123456|JKTC|DPS|2024-03-17|1020800.0
2024-03-18 16:12:15.123456|JKTC|DPS|2024-03-18|948500.0
2024-03-18 15:35:35.123456|JKTC|DPS|2024-03-18|963500.0
2024-03-19 14:46:40.123456|JKTC|DPS|2024-03-19|956400.0
2024-03-19 19:00:38.123456|JKTC|DPS|2024-03-19|956400.0
2024-03-19 15:26:01.123456|JKTC|DPS|2024-03-19|956400.0
2024-03-20 21:12:26.123456|JKTC|DPS|2024-03-20|1015800.0
2024-03-20 20:16:29.123456|JKTC|DPS|2024-03-20|1005800.0
2024-03-20 11:52:02.123456|JKTC|DPS|2024-03-20|1020800.0
2024-03-20 09:26:29.123456|JKTC|DPS|2024-03-20|1015800.0
2024-03-21 12:04:45.123456|JKTC|DPS|2024-03-21|949000.0
2024-03-21 10:51:08.123456|JKTC|DPS|2024-03-21|949000.0
2024-03-21 17:07:10.123456|JKTC|DPS|2024-03-21|964000.0
2024-03-21 20:46:50.123456|JKTC|DPS|2024-03-21|949000.0
2024-03-22 13:17:10.123456|JKTC|DPS|2024-03-22|1093100.0
2024-03-22 18:12:41.123456|JKTC|DPS|2024-03-22|1083100.0
2024-03-22 10:00:21.123456|JKTC|DPS|2024-03-22|1093100.0
2024-03-23 14:13:49.123456|JKTC|DPS|2024-03-23|1086300.0
2024-03-23 13:02:46.123456|JKTC|DPS|2024-03-23|1086300.0
2024-03-23 18:51:43.123456|JKTC|DPS|2024-03-23|1086300.0
2024-03-23 20:23:28.123456|JKTC|DPS|2024-03-23|1096300.0
2024-03-24 17:30:09.123456|JKTC|DPS|2024-03-24|1171200.0
2024-03-24 12:02:31.123456|JKTC|DPS|2024-03-24|1171200.0
2024-03-24 15:19:39.123456|JKTC|DPS|2024-03-24|1176200.0
2024-03-24 12:19:45.123456|JKTC|DPS|2024-03-24|1166200.0
2024-03-25 17:29:35.123456|JKTC|DPS|2024-03-25|1067300.0
2024-03-25 13:41:18.123456|JKTC|DPS|2024-03-25|1062300.0
2024-03-26 10:55:35.123456|JKTC|DPS|2024-03-26|961400.0
2024-03-26 11:11:33.123456|JKTC|DPS|2024-03-26|951400.0
2024-03-26 08:32:24.123456|JKTC|DPS|2024-03-26|951400.0
2024-03-26 17:57:40.123456|JKTC|DPS|2024-03-26|946400.0
2024-03-27 14:03:39.123456|JKTC|DPS|2024-03-27|971500.0
2024-03-27 15:04:07.123456|JKTC|DPS|2024-03-27|986500.0
2024-03-27 12:23:25.123456|JKTC|DPS|2024-03-27|971500.0
2024-03-28 17:46:13.123456|JKTC|DPS|2024-03-28|1079500.0
2024-03-28 17:42:14.123456|JKTC|DPS|2024-03-28|1074500.0
2024-03-28 10:37:52.123456|JKTC|DPS|2024-03-28|1074500.0
2024-03-29 11:10:58.123456|JKTC|DPS|2024-03-29|1150300.0
2024-03-29 14:24:21.123456|JKTC|DPS|2024-03-29|1135300.0
2024-03-30 17:29:27.123456|JKTC|DPS|2024-03-30|1129300.0
2024-03-30 10:52:19.123456|JKTC|DPS|2024-03-30|1124300.0
2024-03-31 11:50:10.123456|JKTC|DPS|2024-03-31|1094200.0
2024-03-31 09:00:30.123456|JKTC|DPS|2024-03-31|1089200.0
2024-03-31 19:16:41.123456|JKTC|DPS|2024-03-31|1089200.0
2024-04-01 14:14:39.123456|JKTC|DPS|2024-04-01|1043500.0
2024-04-01 16:26:43.123456|JKTC|DPS|2024-04-01|1038500.0
2024-04-01 13:14:10.123456|JKTC|DPS|2024-04-01|1048500.0
2024-04-01 16:49:03.123456|JKTC|DPS|2024-04-01|1043500.0
2024-04-02 16:23:46.123456|JKTC|DPS|2024-04-02|997100.0
2024-04-02 20:03:24.123456|JKTC|DPS|2024-04-02|1002100.0
2024-04-02 13:16:09.123456|JKTC|DPS|2024-04-02|1002100.0
2024-04-02 16:51:12.123456|JKTC|DPS|2024-04-02|992100.0
2024-04-03 10:16:11.123456|JKTC|DPS|2024-04-03|1040300.0
2024-04-03 21:36:44.123456|JKTC|DPS|2024-04-03|1045300.0
2024-04-03 11:44:22.123456|JKTC|DPS|2024-04-03|1040300.0
2024-04-04 20:30:14.123456|JKTC|DPS|2024-04-04|986900.0
2024-04-04 13:18:06.123456|JKTC|DPS|2024-04-04|991900.0
2024-04-04 18:20:33.123456|JKTC|DPS|2024-04-04|976900.0
2024-04-05 11:27:17.123456|JKTC|DPS|2024-04-05|1114400.0
2024-04-05 19:58:20.123456|JKTC|DPS|2024-04-05|1124400.0
2024-04-05 21:33:56.123456|JKTC|DPS|2024-04-05|1119400.0
2024-04-05 10:23:00.123456|JKTC|DPS|2024-04-05|1114400.0
2024-04-06 16:46:29.123456|JKTC|DPS|2024-04-06|1169000.0
2024-04-06 13:45:05.123456|JKTC|DPS|2024-04-06|1179000.0
2024-04-06 13:47:21.123456|JKTC|DPS|2024-04-06|1174000.0
2024-04-06 09:34:37.123456|JKTC|DPS|2024-04-06|1174000.0
2024-04-07 19:04:17.123456|JKTC|DPS|2024-04-07|1193700.0
2024-04-07 12:20:20.123456|JKTC|DPS|2024-04-07|1203700.0
2024-04-08 20:57:49.123456|JKTC|DPS|2024-04-08|1039300.0
2024-04-08 21:43:37.123456|JKTC|DPS|2024-04-08|1044300.0
2024-04-08 09:16:38.123456|JKTC|DPS|2024-04-08|1044300.0
2024-04-08 13:42:40.123456|JKTC|DPS|2024-04-08|1039300.0
2024-04-09 15:50:50.123456|JKTC|DPS|2024-04-09|1111300.0
2024-04-09 18:24:46.123456|JKTC|DPS|2024-04-09|1126300.0
2024-04-09 18:47:38.123456|JKTC|DPS|2024-04-09|1116300.0
2024-04-09 09:26:42.123456|JKTC|DPS|2024-04-09|1116300.0
2024-04-10 21:55:55.123456|JKTC|DPS|2024-04-10|1016800.0
2024-04-10 21:30:50.123456|JKTC|DPS|2024-04-10|1016800.0
2024-04-10 17:34:48.123456|JKTC|DPS|2024-04-10|1011800.0
2024-04-10 19:29:36.123456|JKTC|DPS|2024-04-10|1016800.0
2024-04-11 17:27:41.123456|JKTC|DPS|2024-04-11|1071700.0
2024-04-11 14:57:27.123456|JKTC|DPS|2024-04-11|1061700.0
2024-04-11 14:27:15.123456|JKTC|DPS|2024-04-11|1056700.0
2024-04-11 12:08:53.123456|JKTC|DPS|2024-04-11|1061700.0
2024-04-12 11:01:17.123456|JKTC|DPS|2024-04-12|1312500.0
2024-04-12 19:17:49.123456|JKTC|DPS|2024-04-12|1317500.0
2024-04-12 12:57:49.123456|JKTC|DPS|2024-04-12|1307500.0
2024-04-13 12:05:06.123456|JKTC|DPS|2024-04-13|1276200.0
2024-04-13 11:36:40.123456|JKTC|DPS|2024-04-13|1286200.0
2024-04-13 17:13:32.123456|JKTC|DPS|2024-04-13|1291200.0
2024-04-14 19:29:16.123456|JKTC|DPS|2024-04-14|1335800.0
2024-04-14 18:28:12.123456|JKTC|DPS|2024-04-14|1325800.0
2024-04-14 18:24:56.123456|JKTC|DPS|2024-04-14|1335800.0
2024-04-15 19:41:11.123456|JKTC|DPS|2024-04-15|1222300.0
2024-04-15 15:36:26.123456|JKTC|DPS|2024-04-15|1222300.0
2024-04-15 20:24:16.123456|JKTC|DPS|2024-04-15|1227300.0
2024-04-15 11:56:21.123456|JKTC|DPS|2024-04-15|1217300.0
2024-04-16 20:00:42.123456|JKTC|DPS|2024-04-16|1359800.0
2024-04-16 18:39:16.123456|JKTC|DPS|2024-04-16|1374800.0
2024-04-17 14:11:40.123456|JKTC|DPS|2024-04-17|1329400.0
2024-04-17 12:40:40.123456|JKTC|DPS|2024-04-17|1319400.0
2024-04-17 09:54:30.123456|JKTC|DPS|2024-04-17|1319400.0
2024-04-17 08:31:27.123456|JKTC|DPS|2024-04-17|1319400.0
2024-04-18 08:09:43.123456|JKTC|DPS|2024-04-18|1370300.0
2024-04-18 12:45:50.123456|JKTC|DPS|2024-04-18|1370300.0
2024-04-18 10:56:07.123456|JKTC|DPS|2024-04-18|1385300.0
2024-04-18 10:52:35.123456|JKTC|DPS|2024-04-18|1370300.0
2024-04-19 21:34:36.123456|JKTC|DPS|2024-04-19|1450000.0
2024-04-19 18:00:12.123456|JKTC|DPS|2024-04-19|1445000.0
2024-04-19 09:35:41.123456|JKTC|DPS|2024-04-19|1460000.0
2024-04-20 20:11:03.123456|JKTC|DPS|2024-04-20|1460000.0
2024-04-20 17:42:41.123456|JKTC|DPS|2024-04-20|1450000.0
2024-04-21 13:25:47.123456|JKTC|DPS|2024-04-21|1445000.0
2024-04-21 18:23:05.123456|JKTC|DPS|2024-04-21|1445000.0
2024-04-21 10:04:46.123456|JKTC|DPS|2024-04-21|1445000.0
2024-04-22 11:39:29.123456|JKTC|DPS|2024-04-22|1396100.0
2024-04-22 21:17:52.123456|JKTC|DPS|2024-04-22|1406100.0
2024-04-23 17:58:07.123456|JKTC|DPS|2024-04-23|1386100.0
2024-04-23 13:36:47.123456|JKTC|DPS|2024-04-23|1386100.0
2024-04-23 16:37:29.123456|JKTC|DPS|2024-04-23|1386100.0
2024-04-23 14:30:10.123456|JKTC|DPS|2024-04-23|1381100.0
2024-04-24 11:14:48.123456|JKTC|DPS|2024-04-24|1369000.0
2024-04-24 19:48:38.123456|JKTC|DPS|2024-04-24|1369000.0
2024-04-25 17:56:25.123456|JKTC|DPS|2024-04-25|1223900.0
2024-04-25 13:02:22.123456|JKTC|DPS|2024-04-25|1233900.0
2024-04-25 10:26:50.123456|JKTC|DPS|2024-04-25|1233900.0
2024-04-26 16:57:54.123456|JKTC|DPS|2024-04-26|1393600.0
2024-04-26 21:41:32.123456|JKTC|DPS|2024-04-26|1383600.0
2024-04-26 13:43:13.123456|JKTC|DPS|2024-04-26|1393600.0
2024-04-27 20:55:08.123456|JKTC|DPS|2024-04-27|1409300.0
2024-04-27 08:22:36.123456|JKTC|DPS|2024-04-27|1409300.0
2024-04-27 20:56:07.123456|JKTC|DPS|2024-04-27|1419300.0
2024-04-27 10:53:25.123456|JKTC|DPS|2024-04-27|1414300.0
2024-04-28 11:10:10.123456|JKTC|DPS|2024-04-28|1397200.0
2024-04-28 09:44:47.123456|JKTC|DPS|2024-04-28|1397200.0
2024-04-28 19:51:55.123456|JKTC|DPS|2024-04-28|1397200.0
2024-04-29 11:15:17.123456|JKTC|DPS|2024-04-29|1138600.0
2024-04-29 10:04:13.123456|JKTC|DPS|2024-04-29|1123600.0
2024-04-29 14:57:18.123456|JKTC|DPS|2024-04-29|1123600.0
2024-04-29 20:30:55.123456|JKTC|DPS|2024-04-29|1133600.0
2024-04-30 15:03:22.123456|JKTC|DPS|2024-04-30|1087300.0
2024-04-30 18:58:45.123456|JKTC|DPS|2024-04-30|1087300.0
2024-05-01 14:48:29.123456|JKTC|DPS|2024-05-01|1088000.0
2024-05-01 16:06:27.123456|JKTC|DPS|2024-05-01|1083000.0
2024-05-02 17:01:02.123456|JKTC|DPS|2024-05-02|1051700.0
2024-05-02 13:34:49.123456|JKTC|DPS|2024-05-02|1051700.0
2024-05-02 16:26:22.123456|JKTC|DPS|2024-05-02|1051700.0
2024-05-03 12:36:37.123456|JKTC|DPS|2024-05-03|1110300.0
2024-05-03 20:35:12.123456|JKTC|DPS|2024-05-03|1120300.0
2024-05-04 21:29:09.123456|JKTC|DPS|2024-05-04|1102900.0
2024-05-04 11:56:29.123456|JKTC|DPS|2024-05-04|1102900.0
2024-05-04 16:06:24.123456|JKTC|DPS|2024-05-04|1107900.0
2024-05-04 16:29:13.123456|JKTC|DPS|2024-05-04|1102900.0
2024-05-05 18:48:35.123456|JKTC|DPS|2024-05-05|1127100.0
2024-05-05 10:10:47.123456|JKTC|DPS|2024-05-05|1132100.0
2024-05-06 20:55:09.123456|JKTC|DPS|2024-05-06|921400.0
2024-05-06 13:41:48.123456|JKTC|DPS|2024-05-06|931400.0
2024-05-07 12:17:28.123456|JKTC|DPS|2024-05-07|963300.0
2024-05-07 18:46:07.123456|JKTC|DPS|2024-05-07|978300.0
2024-05-08 08:01:29.123456|JKTC|DPS|2024-05-08|949400.0
2024-05-08 12:03:21.123456|JKTC|DPS|2024-05-08|954400.0
2024-05-08 10:47:18.123456|JKTC|DPS|2024-05-08|959400.0
2024-05-09 19:36:10.123456|JKTC|DPS|2024-05-09|980300.0
2024-05-09 21:47:48.123456|JKTC|DPS|2024-05-09|980300.0
2024-05-09 21:41:16.123456|JKTC|DPS|2024-05-09|980300.0
2024-05-09 12:09:45.123456|JKTC|DPS|2024-05-09|985300.0
2024-05-10 17:42:49.123456|JKTC|DPS|2024-05-10|1007200.0
2024-05-10 12:11:11.123456|JKTC|DPS|2024-05-10|1007200.0
2024-05-10 11:22:49.123456|JKTC|DPS|2024-05-10|1012200.0
2024-05-10 21:00:26.123456|JKTC|DPS|2024-05-10|1002200.0
2024-05-11 09:31:19.123456|JKTC|DPS|2024-05-11|1048900.0
2024-05-11 12:29:56.123456|JKTC|DPS|2024-05-11|1053900.0
2024-05-12 15:02:20.123456|JKTC|DPS|2024-05-12|1024800.0
2024-05-12 15:12:33.123456|JKTC|DPS|2024-05-12|1019800.0
2024-05-13 20:25:43.123456|JKTC|DPS|2024-05-13|891900.0
2024-05-13 17:57:20.123456|JKTC|DPS|2024-05-13|896900.0
2024-05-14 12:50:57.123456|JKTC|DPS|2024-05-14|858200.0
2024-05-14 14:02:23.123456|JKTC|DPS|2024-05-14|848200.0
2024-05-14 16:57:26.123456|JKTC|DPS|2024-05-14|848200.0
2024-05-14 09:02:29.123456|JKTC|DPS|2024-05-14|843200.0
2024-05-15 18:10:53.123456|JKTC|DPS|2024-05-15|930400.0
2024-05-15 13:53:08.123456|JKTC|DPS|2024-05-15|945400.0
2024-05-15 10:34:38.123456|JKTC|DPS|2024-05-15|930400.0
2024-05-15 16:20:50.123456|JKTC|DPS|2024-05-15|935400.0
2024-05-16 10:40:45.123456|JKTC|DPS|2024-05-16|949500.0
2024-05-16 11:42:30.123456|JKTC|DPS|2024-05-16|939500.0
2024-05-16 21:54:03.123456|JKTC|DPS|2024-05-16|944500.0
2024-05-17 10:48:21.123456|JKTC|DPS|2024-05-17|1063600.0
2024-05-17 10:26:35.123456|JKTC|DPS|2024-05-17|1058600.0
2024-05-18 10:50:42.123456|JKTC|DPS|2024-05-18|1143200.0
2024-05-18 12:07:30.123456|JKTC|DPS|2024-05-18|1138200.0
2024-05-18 19:24:01.123456|JKTC|DPS|2024-05-18|1148200.0
2024-05-18 17:54:22.123456|JKTC|DPS|2024-05-18|1153200.0
2024-05-19 11:00:08.123456|JKTC|DPS|2024-05-19|1096900.0
2024-05-19 14:07:44.123456|JKTC|DPS|2024-05-19|1091900.0
2024-05-19 18:58:41.123456|JKTC|DPS|2024-05-19|1086900.0
2024-05-19 12:31:10.123456|JKTC|DPS|2024-05-19|1096900.0
2024-05-20 21:52:21.123456|JKTC|DPS|2024-05-20|939800.0
2024-05-20 20:20:13.123456|JKTC|DPS|2024-05-20|954800.0
2024-05-21 14:23:09.123456|JKTC|DPS|2024-05-21|924900.0
2024-05-21 16:35:57.123456|JKTC|DPS|2024-05-21|924900.0
2024-05-21 15:37:06.123456|JKTC|DPS|2024-05-21|934900.0
2024-05-22 18:32:47.123456|JKTC|DPS|2024-05-22|1009900.0
2024-05-22 11:30:35.123456|JKTC|DPS|2024-05-22|1014900.0
2024-05-22 11:52:11.123456|JKTC|DPS|2024-05-22|1014900.0
2024-05-23 09:51:08.123456|JKTC|DPS|2024-05-23|935800.0
2024-05-23 10:19:07.123456|JKTC|DPS|2024-05-23|930800.0
2024-05-23 21:26:39.123456|JKTC|DPS|2024-05-23|940800.0
2024-05-23 15:19:16.123456|JKTC|DPS|2024-05-23|935800.0
2024-05-24 17:24:43.123456|JKTC|DPS|2024-05-24|1100800.0
2024-05-24 12:38:37.123456|JKTC|DPS|2024-05-24|1110800.0
2024-05-24 17:07:45.123456|JKTC|DPS|2024-05-24|1110800.0
2024-05-25 19:07:33.123456|JKTC|DPS|2024-05-25|1104200.0
2024-05-25 12:57:09.123456|JKTC|DPS|2024-05-25|1094200.0
2024-05-26 08:03:45.123456|JKTC|DPS|2024-05-26|1076700.0
2024-05-26 20:26:26.123456|JKTC|DPS|2024-05-26|1081700.0
2024-05-26 09:48:55.123456|JKTC|DPS|2024-05-26|1081700.0
2024-05-26 13:02:29.123456|JKTC|DPS|2024-05-26|1086700.0
2024-05-27 18:49:04.123456|JKTC|DPS|2024-05-27|969600.0
2024-05-27 21:31:16.123456|JKTC|DPS|2024-05-27|974600.0
2024-05-28 21:28:22.123456|JKTC|DPS|2024-05-28|994000.0
2024-05-28 19:01:50.123456|JKTC|DPS|2024-05-28|1004000.0
2024-05-28 17:17:02.123456|JKTC|DPS|2024-05-28|989000.0
2024-05-28 17:42:27.123456|JKTC|DPS|2024-05-28|1004000.0
2024-05-29 13:14:55.123456|JKTC|DPS|2024-05-29|939700.0
2024-05-29 17:42:09.123456|JKTC|DPS|2024-05-29|939700.0
2024-05-29 17:41:38.123456|JKTC|DPS|2024-05-29|929700.0
2024-05-30 20:46:23.123456|JKTC|DPS|2024-05-30|899900.0
2024-05-30 13:00:21.123456|JKTC|DPS|2024-05-30|894900.0
2024-05-30 18:04:01.123456|JKTC|DPS|2024-05-30|899900.0
2024-05-30 20:08:29.123456|JKTC|DPS|2024-05-30|904900.0
2024-05-31 13:27:53.123456|JKTC|DPS|2024-05-31|961200.0
2024-05-31 18:00:36.123456|JKTC|DPS|2024-05-31|961200.0
2024-05-31 20:18:41.123456|JKTC|DPS|2024-05-31|946200.0
2024-06-01 19:33:27.123456|JKTC|DPS|2024-06-01|1029200.0
2024-06-01 08:15:05.123456|JKTC|DPS|2024-06-01|1029200.0
2024-06-01 10:00:08.123456|JKTC|DPS|2024-06-01|1044200.0
2024-06-02 11:51:13.123456|JKTC|DPS|2024-06-02|981400.0
2024-06-02 08:47:06.123456|JKTC|DPS|2024-06-02|976400.0
2024-06-02 14:50:22.123456|JKTC|DPS|2024-06-02|976400.0
2024-06-03 12:36:05.123456|JKTC|DPS|2024-06-03|943500.0
2024-06-03 12:39:03.123456|JKTC|DPS|2024-06-03|943500.0
2024-06-03 18:55:46.123456|JKTC|DPS|2024-06-03|943500.0
2024-06-03 14:29:13.123456|JKTC|DPS|2024-06-03|943500.0
2024-06-04 09:49:03.123456|JKTC|DPS|2024-06-04|831500.0
2024-06-04 16:17:38.123456|JKTC|DPS|2024-06-04|826500.0
2024-06-05 18:17:12.123456|JKTC|DPS|2024-06-05|954800.0
2024-06-05 15:36:08.123456|JKTC|DPS|2024-06-05|954800.0
2024-06-06 10:33:27.123456|JKTC|DPS|2024-06-06|937500.0
2024-06-06 13:58:22.123456|JKTC|DPS|2024-06-06|942500.0
2024-06-06 17:30:31.123456|JKTC|DPS|2024-06-06|932500.0
2024-06-06 09:25:10.123456|JKTC|DPS|2024-06-06|927500.0
2024-06-07 21:16:19.123456|JKTC|DPS|2024-06-07|990300.0
2024-06-07 08:01:31.123456|JKTC|DPS|2024-06-07|990300.0
2024-06-07 15:31:37.123456|JKTC|DPS|2024-06-07|985300.0
2024-06-07 17:27:09.123456|JKTC|DPS|2024-06-07|995300.0
2024-06-08 20:33:21.123456|JKTC|DPS|2024-06-08|980400.0
2024-06-08 18:51:16.123456|JKTC|DPS|2024-06-08|980400.0
2024-06-08 19:19:39.123456|JKTC|DPS|2024-06-08|980400.0
2024-06-09 12:22:11.123456|JKTC|DPS|2024-06-09|892500.0
2024-06-09 11:50:51.123456|JKTC|DPS|2024-06-09|907500.0
2024-06-09 17:01:42.123456|JKTC|DPS|2024-06-09|897500.0
2024-06-10 19:56:02.123456|JKTC|DPS|2024-06-10|891800.0
2024-06-10 16:12:46.123456|JKTC|DPS|2024-06-10|881800.0
2024-06-10 11:38:31.123456|JKTC|DPS|2024-06-10|881800.0
2024-06-11 10:16:26.123456|JKTC|DPS|2024-06-11|885700.0
2024-06-11 11:08:44.123456|JKTC|DPS|2024-06-11|885700.0
2024-06-11 09:08:15.123456|JKTC|DPS|2024-06-11|885700.0
2024-06-12 09:25:41.123456|JKTC|DPS|2024-06-12|864500.0
2024-06-12 08:04:46.123456|JKTC|DPS|2024-06-12|854500.0
2024-06-12 14:29:13.123456|JKTC|DPS|2024-06-12|859500.0
2024-06-13 11:44:45.123456|JKTC|DPS|2024-06-13|846400.0
2024-06-13 15:33:51.123456|JKTC|DPS|2024-06-13|841400.0
2024-06-14 12:02:01.123456|JKTC|DPS|2024-06-14|968300.0
2024-06-14 19:57:42.123456|JKTC|DPS|2024-06-14|958300.0
2024-06-14 18:30:03.123456|JKTC|DPS|2024-06-14|963300.0
2024-06-15 19:28:16.123456|JKTC|DPS|2024-06-15|1045100.0
2024-06-15 10:55:12.123456|JKTC|DPS|2024-06-15|1045100.0
2024-06-15 10:13:44.123456|JKTC|DPS|2024-06-15|1050100.0
2024-06-15 20:42:28.123456|JKTC|DPS|2024-06-15|1045100.0
2024-06-16 20:57:42.123456|JKTC|DPS|2024-06-16|969000.0
2024-06-16 21:53:33.123456|JKTC|DPS|2024-06-16|959000.0
2024-06-17 21:03:37.123456|JKTC|DPS|2024-06-17|883500.0
2024-06-17 14:34:27.123456|JKTC|DPS|2024-06-17|888500.0
2024-06-18 09:34:38.123456|JKTC|DPS|2024-06-18|856000.0
2024-06-18 10:41:40.123456|JKTC|DPS|2024-06-18|866000.0
2024-06-18 18:15:03.123456|JKTC|DPS|2024-06-18|866000.0
2024-06-19 18:07:43.123456|JKTC|DPS|2024-06-19|871900.0
2024-06-19 16:09:14.123456|JKTC|DPS|2024-06-19|866900.0
2024-06-19 12:51:26.123456|JKTC|DPS|2024-06-19|871900.0
2024-06-20 13:52:47.123456|JKTC|DPS|2024-06-20|906000.0
2024-06-20 11:36:19.123456|JKTC|DPS|2024-06-20|891000.0
2024-06-20 21:22:22.123456|JKTC|DPS|2024-06-20|891000.0
2024-06-21 11:53:32.123456|JKTC|DPS|2024-06-21|1028300.0
2024-06-21 18:12:37.123456|JKTC|DPS|2024-06-21|1028300.0
2024-06-21 13:12:43.123456|JKTC|DPS|2024-06-21|1018300.0
2024-06-22 09:54:39.123456|JKTC|DPS|2024-06-22|1040900.0
2024-06-22 14:12:25.123456|JKTC|DPS|2024-06-22|1045900.0
2024-06-22 13:53:47.123456|JKTC|DPS|2024-06-22|1030900.0
2024-06-23 21:04:10.123456|JKTC|DPS|2024-06-23|1089200.0
2024-06-23 09:22:04.123456|JKTC|DPS|2024-06-23|1099200.0
2024-06-23 16:45:09.123456|JKTC|DPS|2024-06-23|1094200.0
2024-06-23 17:58:37.123456|JKTC|DPS|2024-06-23|1094200.0
2024-06-24 15:47:17.123456|JKTC|DPS|2024-06-24|957600.0
2024-06-24 13:19:32.123456|JKTC|DPS|2024-06-24|952600.0
2024-06-24 16:36:16.123456|JKTC|DPS|2024-06-24|942600.0
2024-06-24 21:19:28.123456|JKTC|DPS|2024-06-24|947600.0
2024-06-25 10:24:38.123456|JKTC|DPS|2024-06-25|917200.0
2024-06-25 15:01:13.123456|JKTC|DPS|2024-06-25|922200.0
2024-06-25 21:45:48.123456|JKTC|DPS|2024-06-25|927200.0
2024-06-25 16:10:30.123456|JKTC|DPS|2024-06-25|922200.0
2024-06-26 08:16:51.123456|JKTC|DPS|2024-06-26|897500.0
2024-06-26 09:25:25.123456|JKTC|DPS|2024-06-26|887500.0
2024-06-26 11:41:47.123456|JKTC|DPS|2024-06-26|902500.0
2023-01-01 13:10:30.123456|JKTC|SUB|2023-01-01|790400.0
2023-01-01 19:11:39.123456|JKTC|SUB|2023-01-01|790400.0
2023-01-01 15:05:20.123456|JKTC|SUB|2023-01-01|785400.0
2023-01-01 16:41:19.123456|JKTC|SUB|2023-01-01|790400.0
2023-01-02 15:30:56.123456|JKTC|SUB|2023-01-02|659000.0
2023-01-02 12:52:32.123456|JKTC|SUB|2023-01-02|649000.0
2023-01-02 11:18:54.123456|JKTC|SUB|2023-01-02|644000.0
2023-01-03 13:31:33.123456|JKTC|SUB|2023-01-03|699500.0
2023-01-03 16:34:34.123456|JKTC|SUB|2023-01-03|694500.0
2023-01-03 08:32:33.123456|JKTC|SUB|2023-01-03|694500.0
2023-01-03 20:17:24.123456|JKTC|SUB|2023-01-03|694500.0
2023-01-04 17:28:28.123456|JKTC|SUB|2023-01-04|647100.0
2023-01-04 09:38:32.123456|JKTC|SUB|2023-01-04|657100.0
2023-01-04 12:48:15.123456|JKTC|SUB|2023-01-04|662100.0
2023-01-04 20:18:57.123456|JKTC|SUB|2023-01-04|647100.0
2023-01-05 18:15:55.123456|JKTC|SUB|2023-01-05|617900.0
2023-01-05 17:52:13.123456|JKTC|SUB|2023-01-05|612900.0
2023-01-06 18:55:14.123456|JKTC|SUB|2023-01-06|786400.0
2023-01-06 12:17:23.123456|JKTC|SUB|2023-01-06|776400.0
2023-01-07 10:50:18.123456|JKTC|SUB|2023-01-07|760600.0
2023-01-07 16:50:07.123456|JKTC|SUB|2023-01-07|775600.0
2023-01-07 16:08:39.123456|JKTC|SUB|2023-01-07|775600.0
2023-01-07 08:20:57.123456|JKTC|SUB|2023-01-07|765600.0
2023-01-08 12:41:32.123456|JKTC|SUB|2023-01-08|690500.0
2023-01-08 20:54:50.123456|JKTC|SUB|2023-01-08|685500.0
2023-01-08 13:44:18.123456|JKTC|SUB|2023-01-08|680500.0
2023-01-08 17:22:54.123456|JKTC|SUB|2023-01-08|690500.0
2023-01-09 18:25:17.123456|JKTC|SUB|2023-01-09|611700.0
2023-01-09 16:26:47.123456|JKTC|SUB|2023-01-09|616700.0
2023-01-09 10:46:23.123456|JKTC|SUB|2023-01-09|616700.0
2023-01-09 20:16:12.123456|JKTC|SUB|2023-01-09|616700.0
2023-01-10 15:07:17.123456|JKTC|SUB|2023-01-10|652200.0
2023-01-10 12:37:57.123456|JKTC|SUB|2023-01-10|662200.0
2023-01-11 12:48:42.123456|JKTC|SUB|2023-01-11|665200.0
2023-01-11 08:41:15.123456|JKTC|SUB|2023-01-11|655200.0
2023-01-11 10:48:52.123456|JKTC|SUB|2023-01-11|655200.0
2023-01-12 14:04:31.123456|JKTC|SUB|2023-01-12|663600.0
2023-01-12 21:06:44.123456|JKTC|SUB|2023-01-12|663600.0
2023-01-12 09:35:29.123456|JKTC|SUB|2023-01-12|668600.0
2023-01-12 09:06:16.123456|JKTC|SUB|2023-01-12|653600.0
2023-01-13 18:48:51.123456|JKTC|SUB|2023-01-13|666400.0
2023-01-13 18:10:12.123456|JKTC|SUB|2023-01-13|671400.0
2023-01-13 11:11:46.123456|JKTC|SUB|2023-01-13|676400.0
2023-01-14 18:20:18.123456|JKTC|SUB|2023-01-14|703100.0
2023-01-14 18:26:13.123456|JKTC|SUB|2023-01-14|693100.0
2023-01-14 21:45:40.123456|JKTC|SUB|2023-01-14|693100.0
2023-01-15 18:58:04.123456|JKTC|SUB|2023-01-15|712600.0
2023-01-15 09:20:49.123456|JKTC|SUB|2023-01-15|697600.0
2023-01-15 13:53:16.123456|JKTC|SUB|2023-01-15|702600.0
2023-01-15 12:36:56.123456|JKTC|SUB|2023-01-15|707600.0
2023-01-16 11:22:56.123456|JKTC|SUB|2023-01-16|633700.0
2023-01-16 14:08:17.123456|JKTC|SUB|2023-01-16|638700.0
2023-01-17 08:40:35.123456|JKTC|SUB|2023-01-17|587400.0
2023-01-17 20:51:58.123456|JKTC|SUB|2023-01-17|587400.0
2023-01-18 15:05:16.123456|JKTC|SUB|2023-01-18|654100.0
2023-01-18 16:08:10.123456|JKTC|SUB|2023-01-18|659100.0
2023-01-19 10:10:54.123456|JKTC|SUB|2023-01-19|615500.0
2023-01-19 11:44:53.123456|JKTC|SUB|2023-01-19|600500.0
2023-01-20 19:31:46.123456|JKTC|SUB|2023-01-20|729800.0
2023-01-20 13:15:16.123456|JKTC|SUB|2023-01-20|729800.0
2023-01-20 17:41:41.123456|JKTC|SUB|2023-01-20|724800.0
2023-01-21 18:33:53.123456|JKTC|SUB|2023-01-21|695200.0
2023-01-21 16:55:03.123456|JKTC|SUB|2023-01-21|700200.0
2023-01-21 17:53:42.123456|JKTC|SUB|2023-01-21|690200.0
2023-01-21 15:56:20.123456|JKTC|SUB|2023-01-21|705200.0
2023-01-22 09:30:18.123456|JKTC|SUB|2023-01-22|735800.0
2023-01-22 16:41:08.123456|JKTC|SUB|2023-01-22|735800.0
2023-01-23 20:30:30.123456|JKTC|SUB|2023-01-23|635100.0
2023-01-23 10:54:51.123456|JKTC|SUB|2023-01-23|630100.0
2023-01-23 19:41:48.123456|JKTC|SUB|2023-01-23|635100.0
2023-01-24 19:19:23.123456|JKTC|SUB|2023-01-24|659700.0
2023-01-24 15:09:22.123456|JKTC|SUB|2023-01-24|664700.0
2023-01-24 18:06:07.123456|JKTC|SUB|2023-01-24|659700.0
2023-01-24 13:13:49.123456|JKTC|SUB|2023-01-24|649700.0
2023-01-25 12:17:49.123456|JKTC|SUB|2023-01-25|678500.0
2023-01-25 15:17:36.123456|JKTC|SUB|2023-01-25|673500.0
2023-01-25 18:44:40.123456|JKTC|SUB|2023-01-25|673500.0
2023-01-25 18:51:25.123456|JKTC|SUB|2023-01-25|683500.0
2023-01-26 10:09:08.123456|JKTC|SUB|2023-01-26|617200.0
2023-01-26 09:34:40.123456|JKTC|SUB|2023-01-26|622200.0
2023-01-26 15:26:34.123456|JKTC|SUB|2023-01-26|622200.0
2023-01-26 17:55:40.123456|JKTC|SUB|2023-01-26|622200.0
2023-01-27 08:29:27.123456|JKTC|SUB|2023-01-27|761600.0
2023-01-27 20:06:55.123456|JKTC|SUB|2023-01-27|761600.0
2023-01-27 20:21:38.123456|JKTC|SUB|2023-01-27|756600.0
2023-01-28 14:50:44.123456|JKTC|SUB|2023-01-28|762600.0
2023-01-28 10:10:54.123456|JKTC|SUB|2023-01-28|757600.0
2023-01-28 14:09:48.123456|JKTC|SUB|2023-01-28|767600.0
2023-01-28 15:40:07.123456|JKTC|SUB|2023-01-28|772600.0
2023-01-29 21:45:22.123456|JKTC|SUB|2023-01-29|778300.0
2023-01-29 19:17:47.123456|JKTC|SUB|2023-01-29|783300.0
2023-01-29 13:44:46.123456|JKTC|SUB|2023-01-29|783300.0
2023-01-30 09:54:23.123456|JKTC|SUB|2023-01-30|680300.0
2023-01-30 19:42:53.123456|JKTC|SUB|2023-01-30|680300.0
2023-01-30 18:57:13.123456|JKTC|SUB|2023-01-30|685300.0
2023-01-30 21:10:04.123456|JKTC|SUB|2023-01-30|685300.0
2023-01-31 16:02:00.123456|JKTC|SUB|2023-01-31|689100.0
2023-01-31 14:04:07.123456|JKTC|SUB|2023-01-31|689100.0
2023-01-31 14:44:09.123456|JKTC|SUB|2023-01-31|699100.0
2023-01-31 10:52:22.123456|JKTC|SUB|2023-01-31|699100.0
2023-02-01 12:52:41.123456|JKTC|SUB|2023-02-01|694100.0
2023-02-01 14:45:26.123456|JKTC|SUB|2023-02-01|694100.0
2023-02-02 14:48:30.123456|JKTC|SUB|2023-02-02|721100.0
2023-02-02 18:45:54.123456|JKTC|SUB|2023-02-02|716100.0
2023-02-03 21:41:41.123456|JKTC|SUB|2023-02-03|754100.0
2023-02-03 16:11:00.123456|JKTC|SUB|2023-02-03|754100.0
2023-02-04 20:21:53.123456|JKTC|SUB|2023-02-04|750300.0
2023-02-04 08:09:01.123456|JKTC|SUB|2023-02-04|755300.0
2023-02-04 11:22:08.123456|JKTC|SUB|2023-02-04|745300.0
2023-02-04 14:35:10.123456|JKTC|SUB|2023-02-04|750300.0
2023-02-05 16:42:43.123456|JKTC|SUB|2023-02-05|751400.0
2023-02-05 11:11:00.123456|JKTC|SUB|2023-02-05|766400.0
2023-02-05 12:54:56.123456|JKTC|SUB|2023-02-05|766400.0
2023-02-05 12:37:20.123456|JKTC|SUB|2023-02-05|766400.0
2023-02-06 20:25:13.123456|JKTC|SUB|2023-02-06|689600.0
2023-02-06 18:02:31.123456|JKTC|SUB|2023-02-06|689600.0
2023-02-06 08:10:33.123456|JKTC|SUB|2023-02-06|684600.0
2023-02-07 14:23:00.123456|JKTC|SUB|2023-02-07|685400.0
2023-02-07 12:01:24.123456|JKTC|SUB|2023-02-07|700400.0
2023-02-08 13:01:24.123456|JKTC|SUB|2023-02-08|692100.0
2023-02-08 10:26:05.123456|JKTC|SUB|2023-02-08|692100.0
2023-02-09 08:54:08.123456|JKTC|SUB|2023-02-09|689200.0
2023-02-09 12:19:38.123456|JKTC|SUB|2023-02-09|704200.0
2023-02-09 18:13:13.123456|JKTC|SUB|2023-02-09|699200.0
2023-02-09 13:13:52.123456|JKTC|SUB|2023-02-09|689200.0
2023-02-10 16:17:11.123456|JKTC|SUB|2023-02-10|712500.0
2023-02-10 08:54:22.123456|JKTC|SUB|2023-02-10|727500.0
2023-02-11 08:17:27.123456|JKTC|SUB|2023-02-11|752500.0
2023-02-11 20:02:11.123456|JKTC|SUB|2023-02-11|757500.0
2023-02-11 19:30:55.123456|JKTC|SUB|2023-02-11|757500.0
2023-02-12 16:16:56.123456|JKTC|SUB|2023-02-12|734800.0
2023-02-12 11:24:16.123456|JKTC|SUB|2023-02-12|734800.0
2023-02-13 11:28:19.123456|JKTC|SUB|2023-02-13|710400.0
2023-02-13 21:45:05.123456|JKTC|SUB|2023-02-13|710400.0
2023-02-14 20:13:21.123456|JKTC|SUB|2023-02-14|692900.0
2023-02-14 17:10:10.123456|JKTC|SUB|2023-02-14|677900.0
2023-02-14 17:51:05.123456|JKTC|SUB|2023-02-14|692900.0
2023-02-14 13:16:48.123456|JKTC|SUB|2023-02-14|687900.0
2023-02-15 10:16:20.123456|JKTC|SUB|2023-02-15|646500.0
2023-02-15 17:39:41.123456|JKTC|SUB|2023-02-15|651500.0
2023-02-15 10:10:42.123456|JKTC|SUB|2023-02-15|641500.0
2023-02-16 18:06:39.123456|JKTC|SUB|2023-02-16|651800.0
2023-02-16 17:15:42.123456|JKTC|SUB|2023-02-16|646800.0
2023-02-17 19:06:08.123456|JKTC|SUB|2023-02-17|690000.0
2023-02-17 14:28:13.123456|JKTC|SUB|2023-02-17|675000.0
2023-02-17 13:49:36.123456|JKTC|SUB|2023-02-17|685000.0
2023-02-18 10:38:50.123456|JKTC|SUB|2023-02-18|767700.0
2023-02-18 11:15:14.123456|JKTC|SUB|2023-02-18|767700.0
2023-02-19 20:14:31.123456|JKTC|SUB|2023-02-19|697000.0
2023-02-19 18:06:49.123456|JKTC|SUB|2023-02-19|687000.0
2023-02-20 20:18:53.123456|JKTC|SUB|2023-02-20|655200.0
2023-02-20 20:36:30.123456|JKTC|SUB|2023-02-20|650200.0
2023-02-21 13:32:11.123456|JKTC|SUB|2023-02-21|688400.0
2023-02-21 10:54:48.123456|JKTC|SUB|2023-02-21|683400.0
2023-02-21 13:12:47.123456|JKTC|SUB|2023-02-21|678400.0
2023-02-22 21:34:57.123456|JKTC|SUB|2023-02-22|693200.0
2023-02-22 16:04:29.123456|JKTC|SUB|2023-02-22|698200.0
2023-02-23 09:34:00.123456|JKTC|SUB|2023-02-23|739100.0
2023-02-23 13:19:21.123456|JKTC|SUB|2023-02-23|734100.0
2023-02-23 19:25:25.123456|JKTC|SUB|2023-02-23|729100.0
2023-02-23 20:49:14.123456|JKTC|SUB|2023-02-23|724100.0
2023-02-24 12:02:24.123456|JKTC|SUB|2023-02-24|729600.0
2023-02-24 17:11:47.123456|JKTC|SUB|2023-02-24|729600.0
2023-02-25 17:56:33.123456|JKTC|SUB|2023-02-25|760900.0
2023-02-25 20:35:15.123456|JKTC|SUB|2023-02-25|760900.0
2023-02-25 21:32:21.123456|JKTC|SUB|2023-02-25|760900.0
2023-02-25 16:39:21.123456|JKTC|SUB|2023-02-25|755900.0
2023-02-26 08:35:32.123456|JKTC|SUB|2023-02-26|824700.0
2023-02-26 11:54:13.123456|JKTC|SUB|2023-02-26|824700.0
2023-02-27 13:24:12.123456|JKTC|SUB|2023-02-27|730800.0
2023-02-27 20:03:47.123456|JKTC|SUB|2023-02-27|740800.0
2023-02-28 09:48:28.123456|JKTC|SUB|2023-02-28|751500.0
2023-02-28 19:05:34.123456|JKTC|SUB|2023-02-28|746500.0
2023-02-28 14:22:40.123456|JKTC|SUB|2023-02-28|746500.0
2023-02-28 18:41:02.123456|JKTC|SUB|2023-02-28|751500.0
2023-03-01 17:23:16.123456|JKTC|SUB|2023-03-01|714600.0
2023-03-01 17:22:33.123456|JKTC|SUB|2023-03-01|714600.0
2023-03-02 16:09:18.123456|JKTC|SUB|2023-03-02|720000.0
2023-03-02 15:29:19.123456|JKTC|SUB|2023-03-02|715000.0
2023-03-03 10:39:41.123456|JKTC|SUB|2023-03-03|789900.0
2023-03-03 18:26:47.123456|JKTC|SUB|2023-03-03|794900.0
2023-03-04 09:40:48.123456|JKTC|SUB|2023-03-04|810700.0
2023-03-04 20:14:07.123456|JKTC|SUB|2023-03-04|815700.0
2023-03-04 09:34:50.123456|JKTC|SUB|2023-03-04|800700.0
2023-03-04 14:52:57.123456|JKTC|SUB|2023-03-04|800700.0
2023-03-05 21:14:04.123456|JKTC|SUB|2023-03-05|805500.0
2023-03-05 12:43:46.123456|JKTC|SUB|2023-03-05|815500.0
2023-03-05 19:45:15.123456|JKTC|SUB|2023-03-05|805500.0
2023-03-06 11:06:07.123456|JKTC|SUB|2023-03-06|690600.0
2023-03-06 10:49:01.123456|JKTC|SUB|2023-03-06|680600.0
2023-03-07 08:24:41.123456|JKTC|SUB|2023-03-07|712400.0
2023-03-07 18:08:07.123456|JKTC|SUB|2023-03-07|697400.0
2023-03-07 19:09:49.123456|JKTC|SUB|2023-03-07|702400.0
2023-03-08 18:49:36.123456|JKTC|SUB|2023-03-08|727700.0
2023-03-08 11:07:24.123456|JKTC|SUB|2023-03-08|732700.0
2023-03-08 08:32:44.123456|JKTC|SUB|2023-03-08|737700.0
2023-03-08 09:57:25.123456|JKTC|SUB|2023-03-08|732700.0
2023-03-09 15:18:34.123456|JKTC|SUB|2023-03-09|734500.0
2023-03-09 19:18:04.123456|JKTC|SUB|2023-03-09|749500.0
2023-03-09 09:50:05.123456|JKTC|SUB|2023-03-09|739500.0
2023-03-10 18:45:05.123456|JKTC|SUB|2023-03-10|771600.0
2023-03-10 18:56:25.123456|JKTC|SUB|2023-03-10|776600.0
2023-03-11 19:48:49.123456|JKTC|SUB|2023-03-11|806300.0
2023-03-11 19:24:18.123456|JKTC|SUB|2023-03-11|816300.0
2023-03-11 10:46:14.123456|JKTC|SUB|2023-03-11|811300.0
2023-03-11 16:55:42.123456|JKTC|SUB|2023-03-11|806300.0
2023-03-12 18:32:36.123456|JKTC|SUB|2023-03-12|791300.0
2023-03-12 10:39:19.123456|JKTC|SUB|2023-03-12|801300.0
2023-03-12 13:45:12.123456|JKTC|SUB|2023-03-12|796300.0
2023-03-13 21:48:38.123456|JKTC|SUB|2023-03-13|694700.0
2023-03-13 14:33:58.123456|JKTC|SUB|2023-03-13|684700.0
2023-03-13 08:23:47.123456|JKTC|SUB|2023-03-13|699700.0
2023-03-14 14:10:17.123456|JKTC|SUB|2023-03-14|676400.0
2023-03-14 18:45:13.123456|JKTC|SUB|2023-03-14|676400.0
2023-03-15 15:50:42.123456|JKTC|SUB|2023-03-15|682200.0
2023-03-15 19:23:09.123456|JKTC|SUB|2023-03-15|682200.0
2023-03-15 10:12:55.123456|JKTC|SUB|2023-03-15|682200.0
2023-03-16 11:48:40.123456|JKTC|SUB|2023-03-16|702900.0
2023-03-16 17:45:16.123456|JKTC|SUB|2023-03-16|712900.0
2023-03-16 17:26:39.123456|JKTC|SUB|2023-03-16|702900.0
2023-03-16 19:32:14.123456|JKTC|SUB|2023-03-16|707900.0
2023-03-17 12:58:19.123456|JKTC|SUB|2023-03-17|751500.0
2023-03-17 10:26:36.123456|JKTC|SUB|2023-03-17|761500.0
2023-03-17 17:02:03.123456|JKTC|SUB|2023-03-17|756500.0
2023-03-17 12:33:54.123456|JKTC|SUB|2023-03-17|746500.0
2023-03-18 15:50:48.123456|JKTC|SUB|2023-03-18|827600.0
2023-03-18 15:26:22.123456|JKTC|SUB|2023-03-18|842600.0
2023-03-18 18:02:16.123456|JKTC|SUB|2023-03-18|827600.0
2023-03-19 17:57:55.123456|JKTC|SUB|2023-03-19|776500.0
2023-03-19 10:36:03.123456|JKTC|SUB|2023-03-19|776500.0
2023-03-19 11:09:21.123456|JKTC|SUB|2023-03-19|781500.0
2023-03-19 20:50:52.123456|JKTC|SUB|2023-03-19|781500.0
2023-03-20 11:29:09.123456|JKTC|SUB|2023-03-20|693500.0
2023-03-20 10:14:28.123456|JKTC|SUB|2023-03-20|693500.0
2023-03-20 12:04:53.123456|JKTC|SUB|2023-03-20|678500.0
2023-03-21 17:42:00.123456|JKTC|SUB|2023-03-21|717000.0
2023-03-21 09:46:06.123456|JKTC|SUB|2023-03-21|712000.0
2023-03-21 17:41:36.123456|JKTC|SUB|2023-03-21|707000.0
2023-03-21 16:44:15.123456|JKTC|SUB|2023-03-21|712000.0
2023-03-22 21:36:05.123456|JKTC|SUB|2023-03-22|703100.0
2023-03-22 19:39:49.123456|JKTC|SUB|2023-03-22|688100.0
2023-03-22 08:26:13.123456|JKTC|SUB|2023-03-22|698100.0
2023-03-22 09:03:22.123456|JKTC|SUB|2023-03-22|703100.0
2023-03-23 20:39:28.123456|JKTC|SUB|2023-03-23|723000.0
2023-03-23 14:12:52.123456|JKTC|SUB|2023-03-23|728000.0
2023-03-23 13:28:11.123456|JKTC|SUB|2023-03-23|728000.0
2023-03-23 17:32:04.123456|JKTC|SUB|2023-03-23|738000.0
2023-03-24 08:55:38.123456|JKTC|SUB|2023-03-24|761300.0
2023-03-24 15:49:49.123456|JKTC|SUB|2023-03-24|761300.0
2023-03-24 14:41:05.123456|JKTC|SUB|2023-03-24|761300.0
2023-03-24 09:09:05.123456|JKTC|SUB|2023-03-24|771300.0
2023-03-25 13:06:07.123456|JKTC|SUB|2023-03-25|852500.0
2023-03-25 20:03:01.123456|JKTC|SUB|2023-03-25|842500.0
2023-03-25 08:31:52.123456|JKTC|SUB|2023-03-25|847500.0
2023-03-26 20:10:41.123456|JKTC|SUB|2023-03-26|813800.0
2023-03-26 18:12:54.123456|JKTC|SUB|2023-03-26|823800.0
2023-03-26 17:30:51.123456|JKTC|SUB|2023-03-26|813800.0
2023-03-26 19:24:10.123456|JKTC|SUB|2023-03-26|808800.0
2023-03-27 21:48:21.123456|JKTC|SUB|2023-03-27|689900.0
2023-03-27 08:34:00.123456|JKTC|SUB|2023-03-27|694900.0
2023-03-28 17:11:53.123456|JKTC|SUB|2023-03-28|749400.0
2023-03-28 17:12:50.123456|JKTC|SUB|2023-03-28|734400.0
2023-03-28 08:45:29.123456|JKTC|SUB|2023-03-28|749400.0
2023-03-28 19:25:32.123456|JKTC|SUB|2023-03-28|749400.0
2023-03-29 17:20:37.123456|JKTC|SUB|2023-03-29|760900.0
2023-03-29 11:49:16.123456|JKTC|SUB|2023-03-29|760900.0
2023-03-29 20:53:54.123456|JKTC|SUB|2023-03-29|745900.0
2023-03-30 12:03:24.123456|JKTC|SUB|2023-03-30|783100.0
2023-03-30 14:37:32.123456|JKTC|SUB|2023-03-30|788100.0
2023-03-31 09:09:48.123456|JKTC|SUB|2023-03-31|770700.0
2023-03-31 21:11:38.123456|JKTC|SUB|2023-03-31|770700.0
2023-03-31 11:00:36.123456|JKTC|SUB|2023-03-31|785700.0
2023-03-31 18:11:05.123456|JKTC|SUB|2023-03-31|780700.0
2023-04-01 14:12:34.123456|JKTC|SUB|2023-04-01|839500.0
2023-04-01 14:31:28.123456|JKTC|SUB|2023-04-01|839500.0
2023-04-01 09:45:06.123456|JKTC|SUB|2023-04-01|824500.0
2023-04-02 14:17:46.123456|JKTC|SUB|2023-04-02|821800.0
2023-04-02 16:34:33.123456|JKTC|SUB|2023-04-02|826800.0
2023-04-03 14:53:23.123456|JKTC|SUB|2023-04-03|732700.0
2023-04-03 20:19:40.123456|JKTC|SUB|2023-04-03|727700.0
2023-04-03 18:11:25.123456|JKTC|SUB|2023-04-03|737700.0
2023-04-03 19:12:12.123456|JKTC|SUB|2023-04-03|722700.0
2023-04-04 12:20:41.123456|JKTC|SUB|2023-04-04|768000.0
2023-04-04 13:44:35.123456|JKTC|SUB|2023-04-04|758000.0
2023-04-04 14:54:39.123456|JKTC|SUB|2023-04-04|753000.0
2023-04-04 15:31:27.123456|JKTC|SUB|2023-04-04|768000.0
2023-04-05 19:46:44.123456|JKTC|SUB|2023-04-05|718400.0
2023-04-05 21:14:29.123456|JKTC|SUB|2023-04-05|708400.0
2023-04-06 20:29:04.123456|JKTC|SUB|2023-04-06|780200.0
2023-04-06 12:46:34.123456|JKTC|SUB|2023-04-06|775200.0
2023-04-06 19:56:10.123456|JKTC|SUB|2023-04-06|775200.0
2023-04-06 09:04:06.123456|JKTC|SUB|2023-04-06|785200.0
2023-04-07 10:44:25.123456|JKTC|SUB|2023-04-07|831800.0
2023-04-07 18:40:04.123456|JKTC|SUB|2023-04-07|836800.0
2023-04-07 19:01:26.123456|JKTC|SUB|2023-04-07|831800.0
2023-04-08 12:46:21.123456|JKTC|SUB|2023-04-08|864500.0
2023-04-08 09:08:44.123456|JKTC|SUB|2023-04-08|849500.0
2023-04-08 09:24:35.123456|JKTC|SUB|2023-04-08|854500.0
2023-04-09 08:00:17.123456|JKTC|SUB|2023-04-09|878700.0
2023-04-09 13:49:03.123456|JKTC|SUB|2023-04-09|893700.0
2023-04-10 13:27:50.123456|JKTC|SUB|2023-04-10|760700.0
2023-04-10 12:32:42.123456|JKTC|SUB|2023-04-10|765700.0
2023-04-11 20:53:13.123456|JKTC|SUB|2023-04-11|823800.0
2023-04-11 12:00:44.123456|JKTC|SUB|2023-04-11|818800.0
2023-04-11 17:21:56.123456|JKTC|SUB|2023-04-11|813800.0
2023-04-12 13:38:56.123456|JKTC|SUB|2023-04-12|857200.0
2023-04-12 16:48:21.123456|JKTC|SUB|2023-04-12|842200.0
2023-04-13 12:40:12.123456|JKTC|SUB|2023-04-13|861300.0
2023-04-13 12:51:31.123456|JKTC|SUB|2023-04-13|856300.0
2023-04-13 19:04:18.123456|JKTC|SUB|2023-04-13|861300.0
2023-04-13 08:24:00.123456|JKTC|SUB|2023-04-13|861300.0
2023-04-14 17:20:18.123456|JKTC|SUB|2023-04-14|985000.0
2023-04-14 12:22:23.123456|JKTC|SUB|2023-04-14|985000.0
2023-04-14 12:21:31.123456|JKTC|SUB|2023-04-14|990000.0
2023-04-14 17:58:46.123456|JKTC|SUB|2023-04-14|980000.0
2023-04-15 14:35:44.123456|JKTC|SUB|2023-04-15|936800.0
2023-04-15 13:41:15.123456|JKTC|SUB|2023-04-15|926800.0
2023-04-15 12:19:51.123456|JKTC|SUB|2023-04-15|936800.0
2023-04-15 10:22:06.123456|JKTC|SUB|2023-04-15|926800.0
2023-04-16 17:47:30.123456|JKTC|SUB|2023-04-16|990000.0
2023-04-16 19:08:18.123456|JKTC|SUB|2023-04-16|990000.0
2023-04-16 10:10:11.123456|JKTC|SUB|2023-04-16|975000.0
2023-04-16 15:57:36.123456|JKTC|SUB|2023-04-16|980000.0
2023-04-17 10:34:57.123456|JKTC|SUB|2023-04-17|920200.0
2023-04-17 08:16:32.123456|JKTC|SUB|2023-04-17|915200.0
2023-04-17 18:16:23.123456|JKTC|SUB|2023-04-17|915200.0
2023-04-18 11:27:53.123456|JKTC|SUB|2023-04-18|919200.0
2023-04-18 20:44:11.123456|JKTC|SUB|2023-04-18|924200.0
2023-04-19 14:03:05.123456|JKTC|SUB|2023-04-19|933100.0
2023-04-19 21:24:24.123456|JKTC|SUB|2023-04-19|948100.0
2023-04-19 12:21:02.123456|JKTC|SUB|2023-04-19|933100.0
2023-04-20 20:50:03.123456|JKTC|SUB|2023-04-20|917500.0
2023-04-20 17:33:43.123456|JKTC|SUB|2023-04-20|912500.0
2023-04-20 11:20:52.123456|JKTC|SUB|2023-04-20|922500.0
2023-04-20 15:11:51.123456|JKTC|SUB|2023-04-20|927500.0
2023-04-21 09:16:42.123456|JKTC|SUB|2023-04-21|975000.0
2023-04-21 16:39:19.123456|JKTC|SUB|2023-04-21|980000.0
2023-04-22 18:56:40.123456|JKTC|SUB|2023-04-22|980000.0
2023-04-22 20:39:17.123456|JKTC|SUB|2023-04-22|975000.0
2023-04-23 17:56:49.123456|JKTC|SUB|2023-04-23|985000.0
2023-04-23 17:48:50.123456|JKTC|SUB|2023-04-23|985000.0
2023-04-23 09:40:05.123456|JKTC|SUB|2023-04-23|985000.0
2023-04-24 18:51:43.123456|JKTC|SUB|2023-04-24|980000.0
2023-04-24 21:50:46.123456|JKTC|SUB|2023-04-24|975000.0
2023-04-25 14:16:57.123456|JKTC|SUB|2023-04-25|985000.0
2023-04-25 13:32:31.123456|JKTC|SUB|2023-04-25|985000.0
2023-04-25 13:32:27.123456|JKTC|SUB|2023-04-25|990000.0
2023-04-26 15:57:03.123456|JKTC|SUB|2023-04-26|961500.0
2023-04-26 12:22:15.123456|JKTC|SUB|2023-04-26|961500.0
2023-04-26 13:27:15.123456|JKTC|SUB|2023-04-26|956500.0
2023-04-26 10:23:17.123456|JKTC|SUB|2023-04-26|951500.0
2023-04-27 16:17:56.123456|JKTC|SUB|2023-04-27|938700.0
2023-04-27 18:18:53.123456|JKTC|SUB|2023-04-27|943700.0
2023-04-28 19:22:30.123456|JKTC|SUB|2023-04-28|975500.0
2023-04-28 19:28:16.123456|JKTC|SUB|2023-04-28|980500.0
2023-04-28 17:52:17.123456|JKTC|SUB|2023-04-28|965500.0
2023-04-28 20:33:30.123456|JKTC|SUB|2023-04-28|980500.0
2023-04-29 16:20:27.123456|JKTC|SUB|2023-04-29|954400.0
2023-04-29 11:52:17.123456|JKTC|SUB|2023-04-29|959400.0
2023-04-29 16:17:28.123456|JKTC|SUB|2023-04-29|959400.0
2023-04-29 08:17:44.123456|JKTC|SUB|2023-04-29|959400.0
2023-04-30 10:04:13.123456|JKTC|SUB|2023-04-30|943600.0
2023-04-30 14:46:38.123456|JKTC|SUB|2023-04-30|953600.0
2023-04-30 18:24:38.123456|JKTC|SUB|2023-04-30|943600.0
2023-05-01 20:07:18.123456|JKTC|SUB|2023-05-01|875400.0
2023-05-01 11:44:46.123456|JKTC|SUB|2023-05-01|875400.0
2023-05-01 21:04:49.123456|JKTC|SUB|2023-05-01|865400.0
2023-05-01 18:12:53.123456|JKTC|SUB|2023-05-01|875400.0
2023-05-02 19:24:35.123456|JKTC|SUB|2023-05-02|768600.0
2023-05-02 09:48:37.123456|JKTC|SUB|2023-05-02|773600.0
2023-05-02 17:48:51.123456|JKTC|SUB|2023-05-02|768600.0
2023-05-02 16:34:32.123456|JKTC|SUB|2023-05-02|773600.0
2023-05-03 11:00:24.123456|JKTC|SUB|2023-05-03|819600.0
2023-05-03 11:09:17.123456|JKTC|SUB|2023-05-03|819600.0
2023-05-03 10:20:10.123456|JKTC|SUB|2023-05-03|824600.0
2023-05-04 09:52:48.123456|JKTC|SUB|2023-05-04|756000.0
2023-05-04 13:02:28.123456|JKTC|SUB|2023-05-04|766000.0
2023-05-05 08:47:29.123456|JKTC|SUB|2023-05-05|829000.0
2023-05-05 20:08:16.123456|JKTC|SUB|2023-05-05|829000.0
2023-05-06 09:30:18.123456|JKTC|SUB|2023-05-06|824800.0
2023-05-06 12:52:00.123456|JKTC|SUB|2023-05-06|819800.0
2023-05-07 13:43:27.123456|JKTC|SUB|2023-05-07|782800.0
2023-05-07 18:00:51.123456|JKTC|SUB|2023-05-07|777800.0
2023-05-07 16:52:26.123456|JKTC|SUB|2023-05-07|792800.0
2023-05-07 16:20:47.123456|JKTC|SUB|2023-05-07|792800.0
2023-05-08 08:36:42.123456|JKTC|SUB|2023-05-08|677800.0
2023-05-08 14:13:29.123456|JKTC|SUB|2023-05-08|682800.0
2023-05-08 19:41:11.123456|JKTC|SUB|2023-05-08|682800.0
2023-05-08 12:00:26.123456|JKTC|SUB|2023-05-08|677800.0
2023-05-09 19:03:30.123456|JKTC|SUB|2023-05-09|712800.0
2023-05-09 20:35:31.123456|JKTC|SUB|2023-05-09|717800.0
2023-05-09 09:06:39.123456|JKTC|SUB|2023-05-09|717800.0
2023-05-09 12:29:09.123456|JKTC|SUB|2023-05-09|707800.0
2023-05-10 13:03:15.123456|JKTC|SUB|2023-05-10|709900.0
2023-05-10 10:37:42.123456|JKTC|SUB|2023-05-10|709900.0
2023-05-11 08:14:31.123456|JKTC|SUB|2023-05-11|655100.0
2023-05-11 15:32:45.123456|JKTC|SUB|2023-05-11|660100.0
2023-05-11 10:41:30.123456|JKTC|SUB|2023-05-11|650100.0
2023-05-11 19:32:23.123456|JKTC|SUB|2023-05-11|650100.0
2023-05-12 12:05:15.123456|JKTC|SUB|2023-05-12|745400.0
2023-05-12 09:14:16.123456|JKTC|SUB|2023-05-12|745400.0
2023-05-13 10:20:49.123456|JKTC|SUB|2023-05-13|745800.0
2023-05-13 16:39:49.123456|JKTC|SUB|2023-05-13|750800.0
2023-05-13 21:36:13.123456|JKTC|SUB|2023-05-13|750800.0
2023-05-13 13:19:05.123456|JKTC|SUB|2023-05-13|735800.0
2023-05-14 14:34:08.123456|JKTC|SUB|2023-05-14|750100.0
2023-05-14 14:39:23.123456|JKTC|SUB|2023-05-14|755100.0
2023-05-14 12:31:24.123456|JKTC|SUB|2023-05-14|755100.0
2023-05-14 15:42:10.123456|JKTC|SUB|2023-05-14|765100.0
2023-05-15 14:22:24.123456|JKTC|SUB|2023-05-15|656200.0
2023-05-15 20:56:08.123456|JKTC|SUB|2023-05-15|646200.0
2023-05-15 08:46:26.123456|JKTC|SUB|2023-05-15|656200.0
2023-05-16 13:15:57.123456|JKTC|SUB|2023-05-16|662600.0
2023-05-16 08:15:40.123456|JKTC|SUB|2023-05-16|677600.0
2023-05-17 08:39:18.123456|JKTC|SUB|2023-05-17|663900.0
2023-05-17 16:19:27.123456|JKTC|SUB|2023-05-17|663900.0
2023-05-17 17:20:41.123456|JKTC|SUB|2023-05-17|678900.0
2023-05-18 20:55:58.123456|JKTC|SUB|2023-05-18|641000.0
2023-05-18 10:53:58.123456|JKTC|SUB|2023-05-18|636000.0
2023-05-18 18:09:25.123456|JKTC|SUB|2023-05-18|636000.0
2023-05-19 08:31:14.123456|JKTC|SUB|2023-05-19|711800.0
2023-05-19 12:30:49.123456|JKTC|SUB|2023-05-19|706800.0
2023-05-19 17:03:15.123456|JKTC|SUB|2023-05-19|721800.0
2023-05-20 17:11:56.123456|JKTC|SUB|2023-05-20|728300.0
2023-05-20 14:51:04.123456|JKTC|SUB|2023-05-20|728300.0
2023-05-20 08:09:19.123456|JKTC|SUB|2023-05-20|733300.0
2023-05-20 20:23:44.123456|JKTC|SUB|2023-05-20|743300.0
2023-05-21 21:55:56.123456|JKTC|SUB|2023-05-21|767800.0
2023-05-21 16:28:52.123456|JKTC|SUB|2023-05-21|762800.0
2023-05-21 18:51:25.123456|JKTC|SUB|2023-05-21|777800.0
2023-05-22 14:26:21.123456|JKTC|SUB|2023-05-22|678200.0
2023-05-22 15:23:54.123456|JKTC|SUB|2023-05-22|678200.0
2023-05-22 21:00:46.123456|JKTC|SUB|2023-05-22|688200.0
2023-05-22 15:16:37.123456|JKTC|SUB|2023-05-22|693200.0
2023-05-23 12:51:33.123456|JKTC|SUB|2023-05-23|672900.0
2023-05-23 21:55:41.123456|JKTC|SUB|2023-05-23|677900.0
2023-05-23 09:56:06.123456|JKTC|SUB|2023-05-23|667900.0
2023-05-23 12:04:08.123456|JKTC|SUB|2023-05-23|672900.0
2023-05-24 11:27:30.123456|JKTC|SUB|2023-05-24|696700.0
2023-05-24 17:57:35.123456|JKTC|SUB|2023-05-24|696700.0
2023-05-25 21:46:05.123456|JKTC|SUB|2023-05-25|678600.0
2023-05-25 11:25:56.123456|JKTC|SUB|2023-05-25|678600.0
2023-05-25 08:49:35.123456|JKTC|SUB|2023-05-25|668600.0
2023-05-25 19:53:01.123456|JKTC|SUB|2023-05-25|683600.0
2023-05-26 16:12:11.123456|JKTC|SUB|2023-05-26|804200.0
2023-05-26 10:22:33.123456|JKTC|SUB|2023-05-26|804200.0
2023-05-26 12:53:54.123456|JKTC|SUB|2023-05-26|804200.0
2023-05-27 12:32:51.123456|JKTC|SUB|2023-05-27|786200.0
2023-05-27 10:08:42.123456|JKTC|SUB|2023-05-27|771200.0
2023-05-28 15:19:49.123456|JKTC|SUB|2023-05-28|758900.0
2023-05-28 08:57:21.123456|JKTC|SUB|2023-05-28|753900.0
2023-05-28 20:54:34.123456|JKTC|SUB|2023-05-28|758900.0
2023-05-28 13:01:41.123456|JKTC|SUB|2023-05-28|748900.0
2023-05-29 17:40:56.123456|JKTC|SUB|2023-05-29|701500.0
2023-05-29 18:23:36.123456|JKTC|SUB|2023-05-29|701500.0
2023-05-29 14:40:42.123456|JKTC|SUB|2023-05-29|696500.0
2023-05-30 08:41:32.123456|JKTC|SUB|2023-05-30|703700.0
2023-05-30 14:52:41.123456|JKTC|SUB|2023-05-30|718700.0
2023-05-31 13:47:02.123456|JKTC|SUB|2023-05-31|719900.0
2023-05-31 15:49:00.123456|JKTC|SUB|2023-05-31|724900.0
2023-05-31 19:19:28.123456|JKTC|SUB|2023-05-31|714900.0
2023-05-31 09:13:50.123456|JKTC|SUB|2023-05-31|719900.0
2023-06-01 08:12:06.123456|JKTC|SUB|2023-06-01|737000.0
2023-06-01 18:44:38.123456|JKTC|SUB|2023-06-01|737000.0
2023-06-01 15:37:19.123456|JKTC|SUB|2023-06-01|752000.0
2023-06-01 14:36:14.123456|JKTC|SUB|2023-06-01|742000.0
2023-06-02 15:44:30.123456|JKTC|SUB|2023-06-02|745600.0
2023-06-02 18:52:31.123456|JKTC|SUB|2023-06-02|740600.0
2023-06-02 14:50:22.123456|JKTC|SUB|2023-06-02|750600.0
2023-06-03 13:47:43.123456|JKTC|SUB|2023-06-03|795300.0
2023-06-03 11:54:29.123456|JKTC|SUB|2023-06-03|800300.0
2023-06-04 10:49:52.123456|JKTC|SUB|2023-06-04|755000.0
2023-06-04 20:31:00.123456|JKTC|SUB|2023-06-04|765000.0
2023-06-04 17:30:26.123456|JKTC|SUB|2023-06-04|755000.0
2023-06-04 14:10:41.123456|JKTC|SUB|2023-06-04|760000.0
2023-06-05 11:35:17.123456|JKTC|SUB|2023-06-05|711200.0
2023-06-05 10:40:02.123456|JKTC|SUB|2023-06-05|721200.0
2023-06-06 21:22:43.123456|JKTC|SUB|2023-06-06|675400.0
2023-06-06 15:32:55.123456|JKTC|SUB|2023-06-06|660400.0
2023-06-06 09:02:33.123456|JKTC|SUB|2023-06-06|660400.0
2023-06-06 08:35:40.123456|JKTC|SUB|2023-06-06|670400.0
2023-06-07 21:31:05.123456|JKTC|SUB|2023-06-07|673500.0
2023-06-07 08:10:52.123456|JKTC|SUB|2023-06-07|673500.0
2023-06-07 14:09:13.123456|JKTC|SUB|2023-06-07|663500.0
2023-06-07 09:22:57.123456|JKTC|SUB|2023-06-07|663500.0
2023-06-08 15:32:48.123456|JKTC|SUB|2023-06-08|638200.0
2023-06-08 21:26:19.123456|JKTC|SUB|2023-06-08|643200.0
2023-06-08 13:11:50.123456|JKTC|SUB|2023-06-08|638200.0
2023-06-09 17:39:46.123456|JKTC|SUB|2023-06-09|713000.0
2023-06-09 11:46:43.123456|JKTC|SUB|2023-06-09|713000.0
2023-06-09 16:14:36.123456|JKTC|SUB|2023-06-09|713000.0
2023-06-10 08:32:33.123456|JKTC|SUB|2023-06-10|737700.0
2023-06-10 13:05:52.123456|JKTC|SUB|2023-06-10|732700.0
2023-06-11 21:12:11.123456|JKTC|SUB|2023-06-11|656900.0
2023-06-11 18:50:05.123456|JKTC|SUB|2023-06-11|661900.0
2023-06-11 17:38:13.123456|JKTC|SUB|2023-06-11|651900.0
2023-06-12 15:03:09.123456|JKTC|SUB|2023-06-12|582600.0
2023-06-12 11:27:29.123456|JKTC|SUB|2023-06-12|587600.0
2023-06-12 16:03:06.123456|JKTC|SUB|2023-06-12|582600.0
2023-06-13 20:36:57.123456|JKTC|SUB|2023-06-13|673400.0
2023-06-13 11:20:36.123456|JKTC|SUB|2023-06-13|668400.0
2023-06-13 16:05:26.123456|JKTC|SUB|2023-06-13|658400.0
2023-06-13 09:14:04.123456|JKTC|SUB|2023-06-13|658400.0
2023-06-14 14:48:37.123456|JKTC|SUB|2023-06-14|645600.0
2023-06-14 20:27:46.123456|JKTC|SUB|2023-06-14|645600.0
2023-06-15 18:35:01.123456|JKTC|SUB|2023-06-15|661200.0
2023-06-15 18:02:53.123456|JKTC|SUB|2023-06-15|661200.0
2023-06-15 20:45:39.123456|JKTC|SUB|2023-06-15|671200.0
2023-06-16 12:56:34.123456|JKTC|SUB|2023-06-16|703700.0
2023-06-16 14:48:11.123456|JKTC|SUB|2023-06-16|698700.0
2023-06-17 11:22:20.123456|JKTC|SUB|2023-06-17|744400.0
2023-06-17 21:14:31.123456|JKTC|SUB|2023-06-17|734400.0
2023-06-18 20:12:30.123456|JKTC|SUB|2023-06-18|693500.0
2023-06-18 16:54:07.123456|JKTC|SUB|2023-06-18|688500.0
2023-06-18 12:11:19.123456|JKTC|SUB|2023-06-18|683500.0
2023-06-18 18:53:21.123456|JKTC|SUB|2023-06-18|683500.0
2023-06-19 13:35:33.123456|JKTC|SUB|2023-06-19|696900.0
2023-06-19 21:39:32.123456|JKTC|SUB|2023-06-19|691900.0
2023-06-20 12:34:51.123456|JKTC|SUB|2023-06-20|599100.0
2023-06-20 20:15:01.123456|JKTC|SUB|2023-06-20|594100.0
2023-06-20 18:30:49.123456|JKTC|SUB|2023-06-20|589100.0
2023-06-20 09:09:04.123456|JKTC|SUB|2023-06-20|584100.0
2023-06-21 14:21:12.123456|JKTC|SUB|2023-06-21|593500.0
2023-06-21 19:04:14.123456|JKTC|SUB|2023-06-21|598500.0
2023-06-21 18:47:07.123456|JKTC|SUB|2023-06-21|593500.0
2023-06-22 20:02:54.123456|JKTC|SUB|2023-06-22|633400.0
2023-06-22 16:01:42.123456|JKTC|SUB|2023-06-22|638400.0
2023-06-22 16:49:25.123456|JKTC|SUB|2023-06-22|638400.0
2023-06-22 17:12:40.123456|JKTC|SUB|2023-06-22|633400.0
2023-06-23 20:29:40.123456|JKTC|SUB|2023-06-23|734200.0
2023-06-23 12:50:08.123456|JKTC|SUB|2023-06-23|729200.0
2023-06-23 18:29:56.123456|JKTC|SUB|2023-06-23|739200.0
2023-06-23 14:00:25.123456|JKTC|SUB|2023-06-23|729200.0
2023-06-24 21:35:14.123456|JKTC|SUB|2023-06-24|729900.0
2023-06-24 20:24:27.123456|JKTC|SUB|2023-06-24|719900.0
2023-06-25 15:08:39.123456|JKTC|SUB|2023-06-25|776700.0
2023-06-25 21:43:24.123456|JKTC|SUB|2023-06-25|771700.0
2023-06-25 18:04:22.123456|JKTC|SUB|2023-06-25|771700.0
2023-06-26 19:29:29.123456|JKTC|SUB|2023-06-26|690500.0
2023-06-26 21:20:37.123456|JKTC|SUB|2023-06-26|685500.0
2023-06-26 15:25:51.123456|JKTC|SUB|2023-06-26|690500.0
2023-06-26 18:47:19.123456|JKTC|SUB|2023-06-26|695500.0
2023-06-27 17:11:53.123456|JKTC|SUB|2023-06-27|645200.0
2023-06-27 14:01:37.123456|JKTC|SUB|2023-06-27|655200.0
2023-06-27 21:28:50.123456|JKTC|SUB|2023-06-27|655200.0
2023-06-28 21:53:38.123456|JKTC|SUB|2023-06-28|642100.0
2023-06-28 21:44:50.123456|JKTC|SUB|2023-06-28|642100.0
2023-06-28 19:48:37.123456|JKTC|SUB|2023-06-28|632100.0
2023-06-28 18:50:21.123456|JKTC|SUB|2023-06-28|627100.0
2023-06-29 13:05:40.123456|JKTC|SUB|2023-06-29|661700.0
2023-06-29 12:47:13.123456|JKTC|SUB|2023-06-29|661700.0
2023-06-29 09:49:33.123456|JKTC|SUB|2023-06-29|646700.0
2023-06-30 15:17:03.123456|JKTC|SUB|2023-06-30|738900.0
2023-06-30 08:07:58.123456|JKTC|SUB|2023-06-30|748900.0
2023-06-30 21:13:21.123456|JKTC|SUB|2023-06-30|753900.0
2023-07-01 12:47:18.123456|JKTC|SUB|2023-07-01|721700.0
2023-07-01 11:19:12.123456|JKTC|SUB|2023-07-01|716700.0
2023-07-01 10:35:09.123456|JKTC|SUB|2023-07-01|731700.0
2023-07-02 11:04:46.123456|JKTC|SUB|2023-07-02|691100.0
2023-07-02 09:09:19.123456|JKTC|SUB|2023-07-02|686100.0
2023-07-03 09:28:15.123456|JKTC|SUB|2023-07-03|639300.0
2023-07-03 21:31:50.123456|JKTC|SUB|2023-07-03|629300.0
2023-07-03 11:08:11.123456|JKTC|SUB|2023-07-03|634300.0
2023-07-04 11:50:30.123456|JKTC|SUB|2023-07-04|655300.0
2023-07-04 11:25:53.123456|JKTC|SUB|2023-07-04|640300.0
2023-07-04 10:31:53.123456|JKTC|SUB|2023-07-04|645300.0
2023-07-04 09:45:12.123456|JKTC|SUB|2023-07-04|645300.0
2023-07-05 19:15:39.123456|JKTC|SUB|2023-07-05|619400.0
2023-07-05 15:53:56.123456|JKTC|SUB|2023-07-05|609400.0
2023-07-05 16:23:26.123456|JKTC|SUB|2023-07-05|614400.0
2023-07-05 11:18:31.123456|JKTC|SUB|2023-07-05|609400.0
2023-07-06 12:01:31.123456|JKTC|SUB|2023-07-06|665100.0
2023-07-06 18:48:15.123456|JKTC|SUB|2023-07-06|670100.0
2023-07-06 16:13:37.123456|JKTC|SUB|2023-07-06|670100.0
2023-07-06 21:23:14.123456|JKTC|SUB|2023-07-06|680100.0
2023-07-07 08:54:01.123456|JKTC|SUB|2023-07-07|675900.0
2023-07-07 10:51:05.123456|JKTC|SUB|2023-07-07|680900.0
2023-07-07 17:53:27.123456|JKTC|SUB|2023-07-07|680900.0
2023-07-07 11:05:42.123456|JKTC|SUB|2023-07-07|680900.0
2023-07-08 12:00:44.123456|JKTC|SUB|2023-07-08|689000.0
2023-07-08 12:54:26.123456|JKTC|SUB|2023-07-08|684000.0
2023-07-08 14:15:13.123456|JKTC|SUB|2023-07-08|689000.0
2023-07-08 19:54:32.123456|JKTC|SUB|2023-07-08|694000.0
2023-07-09 18:30:58.123456|JKTC|SUB|2023-07-09|699600.0
2023-07-09 16:21:13.123456|JKTC|SUB|2023-07-09|704600.0
2023-07-10 20:49:05.123456|JKTC|SUB|2023-07-10|586700.0
2023-07-10 13:17:02.123456|JKTC|SUB|2023-07-10|591700.0
2023-07-11 10:34:05.123456|JKTC|SUB|2023-07-11|597500.0
2023-07-11 13:20:42.123456|JKTC|SUB|2023-07-11|592500.0
2023-07-11 10:54:55.123456|JKTC|SUB|2023-07-11|602500.0
2023-07-11 16:26:13.123456|JKTC|SUB|2023-07-11|602500.0
2023-07-12 19:31:35.123456|JKTC|SUB|2023-07-12|631900.0
2023-07-12 13:40:19.123456|JKTC|SUB|2023-07-12|631900.0
2023-07-13 21:15:18.123456|JKTC|SUB|2023-07-13|551200.0
2023-07-13 15:23:42.123456|JKTC|SUB|2023-07-13|561200.0
2023-07-13 11:18:51.123456|JKTC|SUB|2023-07-13|561200.0
2023-07-13 17:33:00.123456|JKTC|SUB|2023-07-13|546200.0
2023-07-14 08:58:29.123456|JKTC|SUB|2023-07-14|646600.0
2023-07-14 20:36:08.123456|JKTC|SUB|2023-07-14|641600.0
2023-07-14 16:39:34.123456|JKTC|SUB|2023-07-14|641600.0
2023-07-14 21:56:11.123456|JKTC|SUB|2023-07-14|646600.0
2023-07-15 17:13:03.123456|JKTC|SUB|2023-07-15|584600.0
2023-07-15 10:17:52.123456|JKTC|SUB|2023-07-15|594600.0
2023-07-15 09:17:28.123456|JKTC|SUB|2023-07-15|584600.0
2023-07-16 18:36:34.123456|JKTC|SUB|2023-07-16|669800.0
2023-07-16 14:03:05.123456|JKTC|SUB|2023-07-16|669800.0
2023-07-16 18:44:56.123456|JKTC|SUB|2023-07-16|664800.0
2023-07-17 13:07:39.123456|JKTC|SUB|2023-07-17|586700.0
2023-07-17 10:58:45.123456|JKTC|SUB|2023-07-17|581700.0
2023-07-17 10:26:00.123456|JKTC|SUB|2023-07-17|591700.0
2023-07-18 21:23:28.123456|JKTC|SUB|2023-07-18|581000.0
2023-07-18 19:07:03.123456|JKTC|SUB|2023-07-18|586000.0
2023-07-18 18:14:58.123456|JKTC|SUB|2023-07-18|586000.0
2023-07-18 17:30:34.123456|JKTC|SUB|2023-07-18|576000.0
2023-07-19 15:22:49.123456|JKTC|SUB|2023-07-19|596200.0
2023-07-19 14:31:19.123456|JKTC|SUB|2023-07-19|596200.0
2023-07-19 20:32:21.123456|JKTC|SUB|2023-07-19|606200.0
2023-07-20 11:34:11.123456|JKTC|SUB|2023-07-20|631500.0
2023-07-20 12:40:56.123456|JKTC|SUB|2023-07-20|621500.0
2023-07-21 17:23:37.123456|JKTC|SUB|2023-07-21|721800.0
2023-07-21 16:53:33.123456|JKTC|SUB|2023-07-21|706800.0
2023-07-22 09:16:02.123456|JKTC|SUB|2023-07-22|665000.0
2023-07-22 18:22:54.123456|JKTC|SUB|2023-07-22|660000.0
2023-07-23 14:11:49.123456|JKTC|SUB|2023-07-23|651300.0
2023-07-23 11:12:00.123456|JKTC|SUB|2023-07-23|646300.0
2023-07-23 19:41:00.123456|JKTC|SUB|2023-07-23|646300.0
2023-07-23 08:14:21.123456|JKTC|SUB|2023-07-23|651300.0
2023-07-24 14:13:01.123456|JKTC|SUB|2023-07-24|589000.0
2023-07-24 17:30:44.123456|JKTC|SUB|2023-07-24|589000.0
2023-07-24 13:26:17.123456|JKTC|SUB|2023-07-24|594000.0
2023-07-25 13:25:48.123456|JKTC|SUB|2023-07-25|591700.0
2023-07-25 12:55:54.123456|JKTC|SUB|2023-07-25|576700.0
2023-07-25 09:46:14.123456|JKTC|SUB|2023-07-25|591700.0
2023-07-25 17:49:56.123456|JKTC|SUB|2023-07-25|576700.0
2023-07-26 11:20:21.123456|JKTC|SUB|2023-07-26|589100.0
2023-07-26 16:19:23.123456|JKTC|SUB|2023-07-26|594100.0
2023-07-26 20:33:58.123456|JKTC|SUB|2023-07-26|589100.0
2023-07-27 14:03:09.123456|JKTC|SUB|2023-07-27|602100.0
2023-07-27 21:14:15.123456|JKTC|SUB|2023-07-27|592100.0
2023-07-27 21:52:32.123456|JKTC|SUB|2023-07-27|587100.0
2023-07-27 11:03:13.123456|JKTC|SUB|2023-07-27|602100.0
2023-07-28 17:19:40.123456|JKTC|SUB|2023-07-28|681500.0
2023-07-28 18:17:04.123456|JKTC|SUB|2023-07-28|686500.0
2023-07-28 16:42:35.123456|JKTC|SUB|2023-07-28|686500.0
2023-07-29 09:09:07.123456|JKTC|SUB|2023-07-29|683800.0
2023-07-29 13:34:17.123456|JKTC|SUB|2023-07-29|683800.0
2023-07-30 21:20:26.123456|JKTC|SUB|2023-07-30|692500.0
2023-07-30 14:14:09.123456|JKTC|SUB|2023-07-30|682500.0
2023-07-30 15:29:25.123456|JKTC|SUB|2023-07-30|677500.0
2023-07-31 09:48:08.123456|JKTC|SUB|2023-07-31|608500.0
2023-07-31 08:18:50.123456|JKTC|SUB|2023-07-31|608500.0
2023-07-31 09:28:17.123456|JKTC|SUB|2023-07-31|613500.0
2023-08-01 17:16:09.123456|JKTC|SUB|2023-08-01|610600.0
2023-08-01 09:36:10.123456|JKTC|SUB|2023-08-01|610600.0
2023-08-02 21:13:14.123456|JKTC|SUB|2023-08-02|559100.0
2023-08-02 13:23:44.123456|JKTC|SUB|2023-08-02|554100.0
2023-08-02 12:25:23.123456|JKTC|SUB|2023-08-02|559100.0
2023-08-03 08:47:32.123456|JKTC|SUB|2023-08-03|575000.0
2023-08-03 15:58:29.123456|JKTC|SUB|2023-08-03|585000.0
2023-08-04 15:46:05.123456|JKTC|SUB|2023-08-04|624200.0
2023-08-04 14:23:09.123456|JKTC|SUB|2023-08-04|629200.0
2023-08-04 11:07:44.123456|JKTC|SUB|2023-08-04|629200.0
2023-08-05 21:01:07.123456|JKTC|SUB|2023-08-05|665300.0
2023-08-05 10:16:02.123456|JKTC|SUB|2023-08-05|655300.0
2023-08-06 19:45:17.123456|JKTC|SUB|2023-08-06|675500.0
2023-08-06 10:04:45.123456|JKTC|SUB|2023-08-06|665500.0
2023-08-06 18:27:56.123456|JKTC|SUB|2023-08-06|660500.0
2023-08-07 11:43:13.123456|JKTC|SUB|2023-08-07|539100.0
2023-08-07 21:24:23.123456|JKTC|SUB|2023-08-07|539100.0
2023-08-08 19:33:14.123456|JKTC|SUB|2023-08-08|562000.0
2023-08-08 10:48:04.123456|JKTC|SUB|2023-08-08|562000.0
2023-08-09 18:09:35.123456|JKTC|SUB|2023-08-09|578000.0
2023-08-09 21:19:04.123456|JKTC|SUB|2023-08-09|568000.0
2023-08-09 15:09:33.123456|JKTC|SUB|2023-08-09|578000.0
2023-08-10 17:04:44.123456|JKTC|SUB|2023-08-10|519400.0
2023-08-10 12:45:10.123456|JKTC|SUB|2023-08-10|519400.0
2023-08-10 21:29:28.123456|JKTC|SUB|2023-08-10|514400.0
2023-08-11 10:07:10.123456|JKTC|SUB|2023-08-11|579900.0
2023-08-11 15:57:49.123456|JKTC|SUB|2023-08-11|584900.0
2023-08-11 11:42:18.123456|JKTC|SUB|2023-08-11|569900.0
2023-08-11 08:47:40.123456|JKTC|SUB|2023-08-11|584900.0
2023-08-12 15:56:32.123456|JKTC|SUB|2023-08-12|567200.0
2023-08-12 10:24:01.123456|JKTC|SUB|2023-08-12|567200.0
2023-08-12 10:40:49.123456|JKTC|SUB|2023-08-12|572200.0
2023-08-13 14:37:23.123456|JKTC|SUB|2023-08-13|585900.0
2023-08-13 16:52:22.123456|JKTC|SUB|2023-08-13|580900.0
2023-08-13 11:57:11.123456|JKTC|SUB|2023-08-13|580900.0
2023-08-13 13:41:44.123456|JKTC|SUB|2023-08-13|585900.0
2023-08-14 08:42:16.123456|JKTC|SUB|2023-08-14|469400.0
2023-08-14 21:24:30.123456|JKTC|SUB|2023-08-14|474400.0
2023-08-14 17:23:21.123456|JKTC|SUB|2023-08-14|479400.0
2023-08-14 11:13:42.123456|JKTC|SUB|2023-08-14|474400.0
2023-08-15 11:50:03.123456|JKTC|SUB|2023-08-15|524700.0
2023-08-15 18:15:51.123456|JKTC|SUB|2023-08-15|534700.0
2023-08-15 11:15:43.123456|JKTC|SUB|2023-08-15|534700.0
2023-08-16 16:01:16.123456|JKTC|SUB|2023-08-16|505800.0
2023-08-16 12:00:01.123456|JKTC|SUB|2023-08-16|510800.0
2023-08-17 16:23:10.123456|JKTC|SUB|2023-08-17|561200.0
2023-08-17 15:49:39.123456|JKTC|SUB|2023-08-17|561200.0
2023-08-18 13:02:48.123456|JKTC|SUB|2023-08-18|608200.0
2023-08-18 08:16:39.123456|JKTC|SUB|2023-08-18|608200.0
2023-08-18 09:00:05.123456|JKTC|SUB|2023-08-18|608200.0
2023-08-18 08:27:05.123456|JKTC|SUB|2023-08-18|608200.0
2023-08-19 13:09:40.123456|JKTC|SUB|2023-08-19|566900.0
2023-08-19 18:24:40.123456|JKTC|SUB|2023-08-19|566900.0
2023-08-19 08:47:30.123456|JKTC|SUB|2023-08-19|556900.0
2023-08-20 18:25:50.123456|JKTC|SUB|2023-08-20|604600.0
2023-08-20 19:55:40.123456|JKTC|SUB|2023-08-20|599600.0
2023-08-20 09:04:58.123456|JKTC|SUB|2023-08-20|589600.0
2023-08-21 10:37:23.123456|JKTC|SUB|2023-08-21|590900.0
2023-08-21 15:22:18.123456|JKTC|SUB|2023-08-21|575900.0
2023-08-21 08:29:22.123456|JKTC|SUB|2023-08-21|590900.0
2023-08-21 09:31:55.123456|JKTC|SUB|2023-08-21|575900.0
2023-08-22 11:22:26.123456|JKTC|SUB|2023-08-22|557500.0
2023-08-22 19:20:13.123456|JKTC|SUB|2023-08-22|552500.0
2023-08-22 17:49:30.123456|JKTC|SUB|2023-08-22|547500.0
2023-08-23 10:54:09.123456|JKTC|SUB|2023-08-23|551700.0
2023-08-23 20:56:20.123456|JKTC|SUB|2023-08-23|551700.0
2023-08-23 13:03:22.123456|JKTC|SUB|2023-08-23|551700.0
2023-08-24 18:21:35.123456|JKTC|SUB|2023-08-24|533600.0
2023-08-24 09:24:58.123456|JKTC|SUB|2023-08-24|533600.0
2023-08-25 08:03:06.123456|JKTC|SUB|2023-08-25|636900.0
2023-08-25 18:13:42.123456|JKTC|SUB|2023-08-25|646900.0
2023-08-25 08:52:18.123456|JKTC|SUB|2023-08-25|636900.0
2023-08-26 19:35:17.123456|JKTC|SUB|2023-08-26|661100.0
2023-08-26 08:22:40.123456|JKTC|SUB|2023-08-26|656100.0
2023-08-26 21:52:36.123456|JKTC|SUB|2023-08-26|651100.0
2023-08-26 20:22:10.123456|JKTC|SUB|2023-08-26|661100.0
2023-08-27 11:26:04.123456|JKTC|SUB|2023-08-27|615000.0
2023-08-27 09:46:32.123456|JKTC|SUB|2023-08-27|625000.0
2023-08-27 10:15:07.123456|JKTC|SUB|2023-08-27|625000.0
2023-08-27 18:33:55.123456|JKTC|SUB|2023-08-27|625000.0
2023-08-28 20:27:18.123456|JKTC|SUB|2023-08-28|580300.0
2023-08-28 16:32:00.123456|JKTC|SUB|2023-08-28|580300.0
2023-08-28 20:39:45.123456|JKTC|SUB|2023-08-28|580300.0
2023-08-28 14:37:30.123456|JKTC|SUB|2023-08-28|590300.0
2023-08-29 15:45:26.123456|JKTC|SUB|2023-08-29|620200.0
2023-08-29 10:58:44.123456|JKTC|SUB|2023-08-29|620200.0
2023-08-30 13:54:57.123456|JKTC|SUB|2023-08-30|562700.0
2023-08-30 12:39:53.123456|JKTC|SUB|2023-08-30|567700.0
2023-08-31 10:11:51.123456|JKTC|SUB|2023-08-31|549500.0
2023-08-31 09:14:38.123456|JKTC|SUB|2023-08-31|554500.0
2023-09-01 21:47:17.123456|JKTC|SUB|2023-09-01|630900.0
2023-09-01 19:11:33.123456|JKTC|SUB|2023-09-01|630900.0
2023-09-01 08:38:50.123456|JKTC|SUB|2023-09-01|635900.0
2023-09-01 18:49:09.123456|JKTC|SUB|2023-09-01|625900.0
2023-09-02 21:33:24.123456|JKTC|SUB|2023-09-02|636500.0
2023-09-02 08:08:03.123456|JKTC|SUB|2023-09-02|636500.0
2023-09-02 21:54:51.123456|JKTC|SUB|2023-09-02|636500.0
2023-09-02 10:12:45.123456|JKTC|SUB|2023-09-02|626500.0
2023-09-03 17:34:10.123456|JKTC|SUB|2023-09-03|642700.0
2023-09-03 12:03:57.123456|JKTC|SUB|2023-09-03|627700.0
2023-09-03 20:58:02.123456|JKTC|SUB|2023-09-03|627700.0
2023-09-03 09:48:16.123456|JKTC|SUB|2023-09-03|637700.0
2023-09-04 21:31:36.123456|JKTC|SUB|2023-09-04|536500.0
2023-09-04 16:28:44.123456|JKTC|SUB|2023-09-04|521500.0
2023-09-04 15:36:50.123456|JKTC|SUB|2023-09-04|531500.0
2023-09-05 13:56:51.123456|JKTC|SUB|2023-09-05|539700.0
2023-09-05 20:48:19.123456|JKTC|SUB|2023-09-05|544700.0
2023-09-05 08:44:37.123456|JKTC|SUB|2023-09-05|539700.0
2023-09-05 10:56:39.123456|JKTC|SUB|2023-09-05|544700.0
2023-09-06 08:35:41.123456|JKTC|SUB|2023-09-06|581000.0
2023-09-06 18:15:22.123456|JKTC|SUB|2023-09-06|576000.0
2023-09-07 17:36:43.123456|JKTC|SUB|2023-09-07|539800.0
2023-09-07 20:43:29.123456|JKTC|SUB|2023-09-07|534800.0
2023-09-07 16:49:21.123456|JKTC|SUB|2023-09-07|529800.0
2023-09-08 10:05:25.123456|JKTC|SUB|2023-09-08|592900.0
2023-09-08 09:45:12.123456|JKTC|SUB|2023-09-08|577900.0
2023-09-08 10:12:19.123456|JKTC|SUB|2023-09-08|577900.0
2023-09-09 17:37:28.123456|JKTC|SUB|2023-09-09|528600.0
2023-09-09 15:29:36.123456|JKTC|SUB|2023-09-09|533600.0
2023-09-09 14:06:58.123456|JKTC|SUB|2023-09-09|533600.0
2023-09-09 10:54:39.123456|JKTC|SUB|2023-09-09|528600.0
2023-09-10 19:55:35.123456|JKTC|SUB|2023-09-10|576500.0
2023-09-10 20:05:09.123456|JKTC|SUB|2023-09-10|586500.0
2023-09-10 21:11:24.123456|JKTC|SUB|2023-09-10|586500.0
2023-09-11 10:57:33.123456|JKTC|SUB|2023-09-11|555200.0
2023-09-11 19:22:08.123456|JKTC|SUB|2023-09-11|565200.0
2023-09-12 12:35:34.123456|JKTC|SUB|2023-09-12|457100.0
2023-09-12 15:20:57.123456|JKTC|SUB|2023-09-12|457100.0
2023-09-13 09:48:28.123456|JKTC|SUB|2023-09-13|420000.0
2023-09-13 20:07:00.123456|JKTC|SUB|2023-09-13|420000.0
2023-09-13 12:08:50.123456|JKTC|SUB|2023-09-13|430000.0
2023-09-13 13:16:53.123456|JKTC|SUB|2023-09-13|415000.0
2023-09-14 16:43:09.123456|JKTC|SUB|2023-09-14|484900.0
2023-09-14 14:22:24.123456|JKTC|SUB|2023-09-14|474900.0
2023-09-14 12:34:31.123456|JKTC|SUB|2023-09-14|469900.0
2023-09-15 08:21:54.123456|JKTC|SUB|2023-09-15|546000.0
2023-09-15 10:44:03.123456|JKTC|SUB|2023-09-15|561000.0
2023-09-16 17:52:32.123456|JKTC|SUB|2023-09-16|599500.0
2023-09-16 10:09:46.123456|JKTC|SUB|2023-09-16|594500.0
2023-09-16 21:16:33.123456|JKTC|SUB|2023-09-16|599500.0
2023-09-17 21:18:05.123456|JKTC|SUB|2023-09-17|548800.0
2023-09-17 18:56:42.123456|JKTC|SUB|2023-09-17|548800.0
2023-09-18 09:53:23.123456|JKTC|SUB|2023-09-18|538800.0
2023-09-18 18:45:01.123456|JKTC|SUB|2023-09-18|533800.0
2023-09-18 20:21:24.123456|JKTC|SUB|2023-09-18|533800.0
2023-09-19 10:25:47.123456|JKTC|SUB|2023-09-19|529000.0
2023-09-19 15:10:55.123456|JKTC|SUB|2023-09-19|539000.0
2023-09-20 10:06:07.123456|JKTC|SUB|2023-09-20|545800.0
2023-09-20 16:27:28.123456|JKTC|SUB|2023-09-20|540800.0
2023-09-20 12:27:34.123456|JKTC|SUB|2023-09-20|535800.0
2023-09-20 11:49:21.123456|JKTC|SUB|2023-09-20|540800.0
2023-09-21 20:43:25.123456|JKTC|SUB|2023-09-21|550300.0
2023-09-21 14:10:14.123456|JKTC|SUB|2023-09-21|555300.0
2023-09-22 10:04:36.123456|JKTC|SUB|2023-09-22|600600.0
2023-09-22 21:10:18.123456|JKTC|SUB|2023-09-22|600600.0
2023-09-22 12:54:26.123456|JKTC|SUB|2023-09-22|605600.0
2023-09-23 18:30:25.123456|JKTC|SUB|2023-09-23|635000.0
2023-09-23 15:44:38.123456|JKTC|SUB|2023-09-23|630000.0
2023-09-23 13:52:08.123456|JKTC|SUB|2023-09-23|640000.0
2023-09-24 16:00:26.123456|JKTC|SUB|2023-09-24|603700.0
2023-09-24 21:04:38.123456|JKTC|SUB|2023-09-24|603700.0
2023-09-24 10:37:03.123456|JKTC|SUB|2023-09-24|618700.0
2023-09-24 19:22:05.123456|JKTC|SUB|2023-09-24|603700.0
2023-09-25 09:52:42.123456|JKTC|SUB|2023-09-25|545300.0
2023-09-25 21:30:40.123456|JKTC|SUB|2023-09-25|550300.0
2023-09-25 11:41:22.123456|JKTC|SUB|2023-09-25|550300.0
2023-09-26 17:10:39.123456|JKTC|SUB|2023-09-26|553500.0
2023-09-26 08:06:15.123456|JKTC|SUB|2023-09-26|563500.0
2023-09-26 13:13:04.123456|JKTC|SUB|2023-09-26|568500.0
2023-09-26 19:13:46.123456|JKTC|SUB|2023-09-26|558500.0
2023-09-27 14:42:20.123456|JKTC|SUB|2023-09-27|535300.0
2023-09-27 10:44:02.123456|JKTC|SUB|2023-09-27|530300.0
2023-09-28 11:10:28.123456|JKTC|SUB|2023-09-28|597400.0
2023-09-28 19:17:48.123456|JKTC|SUB|2023-09-28|602400.0
2023-09-29 09:24:48.123456|JKTC|SUB|2023-09-29|657500.0
2023-09-29 13:45:56.123456|JKTC|SUB|2023-09-29|652500.0
2023-09-29 13:24:58.123456|JKTC|SUB|2023-09-29|662500.0
2023-09-29 20:18:16.123456|JKTC|SUB|2023-09-29|662500.0
2023-09-30 11:44:13.123456|JKTC|SUB|2023-09-30|634000.0
2023-09-30 20:42:08.123456|JKTC|SUB|2023-09-30|629000.0
2023-09-30 20:13:43.123456|JKTC|SUB|2023-09-30|634000.0
2023-10-01 09:43:01.123456|JKTC|SUB|2023-10-01|624200.0
2023-10-01 18:09:44.123456|JKTC|SUB|2023-10-01|639200.0
2023-10-01 18:20:26.123456|JKTC|SUB|2023-10-01|624200.0
2023-10-02 15:16:57.123456|JKTC|SUB|2023-10-02|542600.0
2023-10-02 21:05:34.123456|JKTC|SUB|2023-10-02|542600.0
2023-10-03 20:24:09.123456|JKTC|SUB|2023-10-03|569000.0
2023-10-03 12:57:58.123456|JKTC|SUB|2023-10-03|574000.0
2023-10-04 20:40:09.123456|JKTC|SUB|2023-10-04|534900.0
2023-10-04 16:05:58.123456|JKTC|SUB|2023-10-04|534900.0
2023-10-04 08:22:20.123456|JKTC|SUB|2023-10-04|549900.0
2023-10-04 09:20:33.123456|JKTC|SUB|2023-10-04|549900.0
2023-10-05 17:10:40.123456|JKTC|SUB|2023-10-05|513000.0
2023-10-05 08:30:52.123456|JKTC|SUB|2023-10-05|508000.0
2023-10-05 08:21:21.123456|JKTC|SUB|2023-10-05|513000.0
2023-10-05 14:20:44.123456|JKTC|SUB|2023-10-05|508000.0
2023-10-06 12:45:40.123456|JKTC|SUB|2023-10-06|539400.0
2023-10-06 11:06:42.123456|JKTC|SUB|2023-10-06|534400.0
2023-10-06 21:31:19.123456|JKTC|SUB|2023-10-06|549400.0
2023-10-06 18:53:34.123456|JKTC|SUB|2023-10-06|544400.0
2023-10-07 10:56:41.123456|JKTC|SUB|2023-10-07|613700.0
2023-10-07 12:28:48.123456|JKTC|SUB|2023-10-07|603700.0
2023-10-07 19:52:37.123456|JKTC|SUB|2023-10-07|598700.0
2023-10-08 13:43:50.123456|JKTC|SUB|2023-10-08|544000.0
2023-10-08 11:36:02.123456|JKTC|SUB|2023-10-08|549000.0
2023-10-08 17:17:31.123456|JKTC|SUB|2023-10-08|539000.0
2023-10-08 10:19:31.123456|JKTC|SUB|2023-10-08|544000.0
2023-10-09 11:36:17.123456|JKTC|SUB|2023-10-09|508600.0
2023-10-09 12:42:29.123456|JKTC|SUB|2023-10-09|513600.0
2023-10-09 21:29:13.123456|JKTC|SUB|2023-10-09|518600.0
2023-10-10 20:50:08.123456|JKTC|SUB|2023-10-10|509700.0
2023-10-10 18:26:23.123456|JKTC|SUB|2023-10-10|514700.0
2023-10-10 15:34:22.123456|JKTC|SUB|2023-10-10|504700.0
2023-10-10 19:52:00.123456|JKTC|SUB|2023-10-10|509700.0
2023-10-11 13:53:47.123456|JKTC|SUB|2023-10-11|502800.0
2023-10-11 19:02:04.123456|JKTC|SUB|2023-10-11|497800.0
2023-10-11 12:19:48.123456|JKTC|SUB|2023-10-11|502800.0
2023-10-11 17:44:31.123456|JKTC|SUB|2023-10-11|502800.0
2023-10-12 12:57:21.123456|JKTC|SUB|2023-10-12|517600.0
2023-10-12 10:09:30.123456|JKTC|SUB|2023-10-12|522600.0
2023-10-13 16:02:46.123456|JKTC|SUB|2023-10-13|581500.0
2023-10-13 14:15:30.123456|JKTC|SUB|2023-10-13|581500.0
2023-10-14 15:07:07.123456|JKTC|SUB|2023-10-14|577100.0
2023-10-14 13:39:06.123456|JKTC|SUB|2023-10-14|572100.0
2023-10-14 12:52:35.123456|JKTC|SUB|2023-10-14|587100.0
2023-10-15 12:44:27.123456|JKTC|SUB|2023-10-15|560800.0
2023-10-15 09:29:51.123456|JKTC|SUB|2023-10-15|560800.0
2023-10-15 19:00:09.123456|JKTC|SUB|2023-10-15|550800.0
2023-10-15 15:01:25.123456|JKTC|SUB|2023-10-15|560800.0
2023-10-16 12:13:34.123456|JKTC|SUB|2023-10-16|526500.0
2023-10-16 08:47:22.123456|JKTC|SUB|2023-10-16|541500.0
2023-10-16 21:25:05.123456|JKTC|SUB|2023-10-16|526500.0
2023-10-17 16:12:26.123456|JKTC|SUB|2023-10-17|512300.0
2023-10-17 16:35:25.123456|JKTC|SUB|2023-10-17|512300.0
2023-10-18 10:45:02.123456|JKTC|SUB|2023-10-18|483400.0
2023-10-18 13:03:30.123456|JKTC|SUB|2023-10-18|488400.0
2023-10-18 14:03:36.123456|JKTC|SUB|2023-10-18|483400.0
2023-10-18 11:40:15.123456|JKTC|SUB|2023-10-18|498400.0
2023-10-19 10:28:30.123456|JKTC|SUB|2023-10-19|588500.0
2023-10-19 14:23:23.123456|JKTC|SUB|2023-10-19|578500.0
2023-10-20 14:23:38.123456|JKTC|SUB|2023-10-20|606500.0
2023-10-20 13:45:36.123456|JKTC|SUB|2023-10-20|606500.0
2023-10-21 11:21:46.123456|JKTC|SUB|2023-10-21|591200.0
2023-10-21 11:29:55.123456|JKTC|SUB|2023-10-21|591200.0
2023-10-22 20:12:25.123456|JKTC|SUB|2023-10-22|631700.0
2023-10-22 12:33:10.123456|JKTC|SUB|2023-10-22|626700.0
2023-10-23 08:47:43.123456|JKTC|SUB|2023-10-23|547000.0
2023-10-23 08:46:20.123456|JKTC|SUB|2023-10-23|547000.0
2023-10-23 10:49:46.123456|JKTC|SUB|2023-10-23|542000.0
2023-10-24 18:58:44.123456|JKTC|SUB|2023-10-24|556400.0
2023-10-24 15:57:30.123456|JKTC|SUB|2023-10-24|561400.0
2023-10-24 16:27:44.123456|JKTC|SUB|2023-10-24|571400.0
2023-10-25 08:51:45.123456|JKTC|SUB|2023-10-25|536300.0
2023-10-25 17:47:14.123456|JKTC|SUB|2023-10-25|541300.0
2023-10-26 16:18:13.123456|JKTC|SUB|2023-10-26|595900.0
2023-10-26 14:39:57.123456|JKTC|SUB|2023-10-26|595900.0
2023-10-26 10:36:18.123456|JKTC|SUB|2023-10-26|590900.0
2023-10-26 09:36:13.123456|JKTC|SUB|2023-10-26|590900.0
2023-10-27 18:25:17.123456|JKTC|SUB|2023-10-27|636000.0
2023-10-27 20:25:44.123456|JKTC|SUB|2023-10-27|631000.0
2023-10-28 16:46:50.123456|JKTC|SUB|2023-10-28|591200.0
2023-10-28 21:17:53.123456|JKTC|SUB|2023-10-28|596200.0
2023-10-28 09:31:07.123456|JKTC|SUB|2023-10-28|606200.0
2023-10-28 10:28:21.123456|JKTC|SUB|2023-10-28|601200.0
2023-10-29 17:43:04.123456|JKTC|SUB|2023-10-29|669700.0
2023-10-29 10:03:39.123456|JKTC|SUB|2023-10-29|674700.0
2023-10-30 20:22:39.123456|JKTC|SUB|2023-10-30|605000.0
2023-10-30 14:28:09.123456|JKTC|SUB|2023-10-30|605000.0
2023-10-30 15:47:25.123456|JKTC|SUB|2023-10-30|605000.0
2023-10-31 16:45:29.123456|JKTC|SUB|2023-10-31|555500.0
2023-10-31 20:19:43.123456|JKTC|SUB|2023-10-31|550500.0
2023-10-31 10:41:14.123456|JKTC|SUB|2023-10-31|555500.0
2023-11-01 14:40:13.123456|JKTC|SUB|2023-11-01|553400.0
2023-11-01 15:45:41.123456|JKTC|SUB|2023-11-01|553400.0
2023-11-01 15:24:34.123456|JKTC|SUB|2023-11-01|553400.0
2023-11-02 10:17:51.123456|JKTC|SUB|2023-11-02|599800.0
2023-11-02 20:39:26.123456|JKTC|SUB|2023-11-02|604800.0
2023-11-03 20:57:05.123456|JKTC|SUB|2023-11-03|664100.0
2023-11-03 20:53:31.123456|JKTC|SUB|2023-11-03|674100.0
2023-11-04 09:30:36.123456|JKTC|SUB|2023-11-04|650000.0
2023-11-04 14:09:52.123456|JKTC|SUB|2023-11-04|650000.0
2023-11-05 15:56:09.123456|JKTC|SUB|2023-11-05|595500.0
2023-11-05 12:57:14.123456|JKTC|SUB|2023-11-05|605500.0
2023-11-05 21:00:42.123456|JKTC|SUB|2023-11-05|595500.0
2023-11-05 15:35:37.123456|JKTC|SUB|2023-11-05|595500.0
2023-11-06 08:28:24.123456|JKTC|SUB|2023-11-06|536700.0
2023-11-06 10:11:17.123456|JKTC|SUB|2023-11-06|536700.0
2023-11-06 15:43:27.123456|JKTC|SUB|2023-11-06|531700.0
2023-11-06 08:44:54.123456|JKTC|SUB|2023-11-06|546700.0
2023-11-07 18:51:35.123456|JKTC|SUB|2023-11-07|511200.0
2023-11-07 15:31:46.123456|JKTC|SUB|2023-11-07|516200.0
2023-11-08 17:13:33.123456|JKTC|SUB|2023-11-08|562900.0
2023-11-08 12:14:51.123456|JKTC|SUB|2023-11-08|577900.0
2023-11-09 15:41:52.123456|JKTC|SUB|2023-11-09|541800.0
2023-11-09 15:13:54.123456|JKTC|SUB|2023-11-09|541800.0
2023-11-10 14:29:27.123456|JKTC|SUB|2023-11-10|569400.0
2023-11-10 15:24:48.123456|JKTC|SUB|2023-11-10|564400.0
2023-11-10 17:03:31.123456|JKTC|SUB|2023-11-10|559400.0
2023-11-10 21:27:50.123456|JKTC|SUB|2023-11-10|559400.0
2023-11-11 16:21:02.123456|JKTC|SUB|2023-11-11|597300.0
2023-11-11 21:41:11.123456|JKTC|SUB|2023-11-11|582300.0
2023-11-11 10:10:44.123456|JKTC|SUB|2023-11-11|587300.0
2023-11-12 14:01:44.123456|JKTC|SUB|2023-11-12|609100.0
2023-11-12 18:45:57.123456|JKTC|SUB|2023-11-12|619100.0
2023-11-12 18:49:46.123456|JKTC|SUB|2023-11-12|604100.0
2023-11-12 10:37:20.123456|JKTC|SUB|2023-11-12|619100.0
2023-11-13 20:14:19.123456|JKTC|SUB|2023-11-13|500100.0
2023-11-13 12:03:52.123456|JKTC|SUB|2023-11-13|510100.0
2023-11-13 08:33:45.123456|JKTC|SUB|2023-11-13|510100.0
2023-11-14 15:04:21.123456|JKTC|SUB|2023-11-14|558700.0
2023-11-14 09:28:33.123456|JKTC|SUB|2023-11-14|563700.0
2023-11-14 21:48:05.123456|JKTC|SUB|2023-11-14|558700.0
2023-11-14 11:41:43.123456|JKTC|SUB|2023-11-14|563700.0
2023-11-15 08:09:25.123456|JKTC|SUB|2023-11-15|507400.0
2023-11-15 20:21:31.123456|JKTC|SUB|2023-11-15|517400.0
2023-11-15 15:05:58.123456|JKTC|SUB|2023-11-15|522400.0
2023-11-15 18:52:30.123456|JKTC|SUB|2023-11-15|512400.0
2023-11-16 10:14:30.123456|JKTC|SUB|2023-11-16|559000.0
2023-11-16 17:58:29.123456|JKTC|SUB|2023-11-16|564000.0
2023-11-17 21:34:23.123456|JKTC|SUB|2023-11-17|675300.0
2023-11-17 13:13:12.123456|JKTC|SUB|2023-11-17|660300.0
2023-11-18 08:00:04.123456|JKTC|SUB|2023-11-18|621900.0
2023-11-18 10:25:40.123456|JKTC|SUB|2023-11-18|631900.0
2023-11-18 08:40:10.123456|JKTC|SUB|2023-11-18|621900.0
2023-11-19 09:00:53.123456|JKTC|SUB|2023-11-19|641100.0
2023-11-19 11:09:52.123456|JKTC|SUB|2023-11-19|646100.0
2023-11-19 10:29:12.123456|JKTC|SUB|2023-11-19|646100.0
2023-11-20 09:00:46.123456|JKTC|SUB|2023-11-20|538900.0
2023-11-20 15:54:31.123456|JKTC|SUB|2023-11-20|528900.0
2023-11-20 09:19:26.123456|JKTC|SUB|2023-11-20|543900.0
2023-11-20 20:15:36.123456|JKTC|SUB|2023-11-20|538900.0
2023-11-21 15:57:34.123456|JKTC|SUB|2023-11-21|542500.0
2023-11-21 13:08:19.123456|JKTC|SUB|2023-11-21|547500.0
2023-11-22 14:27:04.123456|JKTC|SUB|2023-11-22|580000.0
2023-11-22 12:37:35.123456|JKTC|SUB|2023-11-22|590000.0
2023-11-22 15:40:46.123456|JKTC|SUB|2023-11-22|580000.0
2023-11-23 09:37:07.123456|JKTC|SUB|2023-11-23|572700.0
2023-11-23 16:00:52.123456|JKTC|SUB|2023-11-23|562700.0
2023-11-23 21:02:39.123456|JKTC|SUB|2023-11-23|562700.0
2023-11-24 15:15:38.123456|JKTC|SUB|2023-11-24|623600.0
2023-11-24 10:05:57.123456|JKTC|SUB|2023-11-24|623600.0
2023-11-24 16:29:49.123456|JKTC|SUB|2023-11-24|628600.0
2023-11-25 18:58:07.123456|JKTC|SUB|2023-11-25|675100.0
2023-11-25 19:19:08.123456|JKTC|SUB|2023-11-25|675100.0
2023-11-25 16:50:48.123456|JKTC|SUB|2023-11-25|665100.0
2023-11-25 21:47:48.123456|JKTC|SUB|2023-11-25|660100.0
2023-11-26 11:21:01.123456|JKTC|SUB|2023-11-26|646500.0
2023-11-26 19:54:20.123456|JKTC|SUB|2023-11-26|646500.0
2023-11-27 21:00:20.123456|JKTC|SUB|2023-11-27|607200.0
2023-11-27 14:32:31.123456|JKTC|SUB|2023-11-27|607200.0
2023-11-27 12:54:02.123456|JKTC|SUB|2023-11-27|602200.0
2023-11-27 12:54:16.123456|JKTC|SUB|2023-11-27|602200.0
2023-11-28 21:21:27.123456|JKTC|SUB|2023-11-28|669700.0
2023-11-28 12:10:25.123456|JKTC|SUB|2023-11-28|669700.0
2023-11-28 15:12:05.123456|JKTC|SUB|2023-11-28|674700.0
2023-11-28 20:55:09.123456|JKTC|SUB|2023-11-28|669700.0
2023-11-29 12:30:24.123456|JKTC|SUB|2023-11-29|633200.0
2023-11-29 14:39:32.123456|JKTC|SUB|2023-11-29|623200.0
2023-11-30 20:21:55.123456|JKTC|SUB|2023-11-30|617800.0
2023-11-30 08:40:55.123456|JKTC|SUB|2023-11-30|617800.0
2023-11-30 21:54:53.123456|JKTC|SUB|2023-11-30|612800.0
2023-12-01 11:11:42.123456|JKTC|SUB|2023-12-01|632600.0
2023-12-01 11:42:04.123456|JKTC|SUB|2023-12-01|627600.0
2023-12-02 11:17:20.123456|JKTC|SUB|2023-12-02|664400.0
2023-12-02 13:13:44.123456|JKTC|SUB|2023-12-02|674400.0
2023-12-02 19:35:08.123456|JKTC|SUB|2023-12-02|669400.0
2023-12-02 09:03:09.123456|JKTC|SUB|2023-12-02|679400.0
2023-12-03 20:19:26.123456|JKTC|SUB|2023-12-03|676000.0
2023-12-03 18:44:23.123456|JKTC|SUB|2023-12-03|661000.0
2023-12-03 16:53:52.123456|JKTC|SUB|2023-12-03|666000.0
2023-12-04 16:10:03.123456|JKTC|SUB|2023-12-04|544000.0
2023-12-04 14:24:51.123456|JKTC|SUB|2023-12-04|529000.0
2023-12-04 13:13:22.123456|JKTC|SUB|2023-12-04|544000.0
2023-12-04 15:34:26.123456|JKTC|SUB|2023-12-04|529000.0
2023-12-05 20:02:53.123456|JKTC|SUB|2023-12-05|573200.0
2023-12-05 16:25:10.123456|JKTC|SUB|2023-12-05|558200.0
2023-12-06 10:43:57.123456|JKTC|SUB|2023-12-06|613200.0
2023-12-06 17:53:31.123456|JKTC|SUB|2023-12-06|608200.0
2023-12-06 18:23:06.123456|JKTC|SUB|2023-12-06|608200.0
2023-12-06 08:25:09.123456|JKTC|SUB|2023-12-06|608200.0
2023-12-07 12:20:24.123456|JKTC|SUB|2023-12-07|568300.0
2023-12-07 21:20:25.123456|JKTC|SUB|2023-12-07|568300.0
2023-12-07 14:34:23.123456|JKTC|SUB|2023-12-07|563300.0
2023-12-08 19:31:07.123456|JKTC|SUB|2023-12-08|588200.0
2023-12-08 16:41:03.123456|JKTC|SUB|2023-12-08|583200.0
2023-12-09 14:15:07.123456|JKTC|SUB|2023-12-09|616600.0
2023-12-09 15:11:13.123456|JKTC|SUB|2023-12-09|611600.0
2023-12-09 10:29:05.123456|JKTC|SUB|2023-12-09|606600.0
2023-12-10 09:14:41.123456|JKTC|SUB|2023-12-10|648400.0
2023-12-10 10:53:33.123456|JKTC|SUB|2023-12-10|643400.0
2023-12-10 21:11:39.123456|JKTC|SUB|2023-12-10|633400.0
2023-12-11 12:48:11.123456|JKTC|SUB|2023-12-11|552900.0
2023-12-11 18:12:05.123456|JKTC|SUB|2023-12-11|552900.0
2023-12-12 18:58:12.123456|JKTC|SUB|2023-12-12|593600.0
2023-12-12 18:43:17.123456|JKTC|SUB|2023-12-12|588600.0
2023-12-12 17:27:33.123456|JKTC|SUB|2023-12-12|603600.0
2023-12-13 12:25:25.123456|JKTC|SUB|2023-12-13|604300.0
2023-12-13 12:14:53.123456|JKTC|SUB|2023-12-13|599300.0
2023-12-14 08:43:04.123456|JKTC|SUB|2023-12-14|598500.0
2023-12-14 11:46:13.123456|JKTC|SUB|2023-12-14|598500.0
2023-12-14 19:08:03.123456|JKTC|SUB|2023-12-14|593500.0
2023-12-14 16:47:23.123456|JKTC|SUB|2023-12-14|593500.0
2023-12-15 10:34:26.123456|JKTC|SUB|2023-12-15|672800.0
2023-12-15 21:30:37.123456|JKTC|SUB|2023-12-15|677800.0
2023-12-15 10:41:26.123456|JKTC|SUB|2023-12-15|662800.0
2023-12-15 19:09:54.123456|JKTC|SUB|2023-12-15|677800.0
2023-12-16 18:49:48.123456|JKTC|SUB|2023-12-16|696000.0
2023-12-16 19:28:55.123456|JKTC|SUB|2023-12-16|686000.0
2023-12-16 20:22:13.123456|JKTC|SUB|2023-12-16|686000.0
2023-12-16 20:23:42.123456|JKTC|SUB|2023-12-16|686000.0
2023-12-17 12:40:22.123456|JKTC|SUB|2023-12-17|735500.0
2023-12-17 15:19:45.123456|JKTC|SUB|2023-12-17|725500.0
2023-12-17 11:52:04.123456|JKTC|SUB|2023-12-17|720500.0
2023-12-17 17:10:53.123456|JKTC|SUB|2023-12-17|735500.0
2023-12-18 12:07:13.123456|JKTC|SUB|2023-12-18|633400.0
2023-12-18 19:46:13.123456|JKTC|SUB|2023-12-18|643400.0
2023-12-18 12:07:45.123456|JKTC|SUB|2023-12-18|628400.0
2023-12-19 11:07:06.123456|JKTC|SUB|2023-12-19|707400.0
2023-12-19 19:43:37.123456|JKTC|SUB|2023-12-19|717400.0
2023-12-19 11:38:43.123456|JKTC|SUB|2023-12-19|707400.0
2023-12-19 21:38:24.123456|JKTC|SUB|2023-12-19|717400.0
2023-12-20 09:26:45.123456|JKTC|SUB|2023-12-20|711600.0
2023-12-20 13:09:44.123456|JKTC|SUB|2023-12-20|701600.0
2023-12-20 13:03:57.123456|JKTC|SUB|2023-12-20|696600.0
2023-12-20 10:03:45.123456|JKTC|SUB|2023-12-20|711600.0
2023-12-21 20:45:13.123456|JKTC|SUB|2023-12-21|730700.0
2023-12-21 14:10:46.123456|JKTC|SUB|2023-12-21|745700.0
2023-12-21 14:27:20.123456|JKTC|SUB|2023-12-21|740700.0
2023-12-21 09:53:07.123456|JKTC|SUB|2023-12-21|740700.0
2023-12-22 08:19:18.123456|JKTC|SUB|2023-12-22|856000.0
2023-12-22 12:29:18.123456|JKTC|SUB|2023-12-22|851000.0
2023-12-22 15:04:12.123456|JKTC|SUB|2023-12-22|851000.0
2023-12-23 09:26:24.123456|JKTC|SUB|2023-12-23|905800.0
2023-12-23 15:41:11.123456|JKTC|SUB|2023-12-23|900800.0
2023-12-23 16:05:54.123456|JKTC|SUB|2023-12-23|910800.0
2023-12-24 18:00:17.123456|JKTC|SUB|2023-12-24|972300.0
2023-12-24 14:13:33.123456|JKTC|SUB|2023-12-24|977300.0
2023-12-24 21:29:30.123456|JKTC|SUB|2023-12-24|977300.0
2023-12-25 17:05:49.123456|JKTC|SUB|2023-12-25|852200.0
2023-12-25 19:19:15.123456|JKTC|SUB|2023-12-25|842200.0
2023-12-25 14:34:37.123456|JKTC|SUB|2023-12-25|852200.0
2023-12-26 16:23:41.123456|JKTC|SUB|2023-12-26|865800.0
2023-12-26 14:36:01.123456|JKTC|SUB|2023-12-26|870800.0
2023-12-27 17:54:55.123456|JKTC|SUB|2023-12-27|838100.0
2023-12-27 15:11:32.123456|JKTC|SUB|2023-12-27|838100.0
2023-12-28 09:47:50.123456|JKTC|SUB|2023-12-28|896600.0
2023-12-28 12:03:50.123456|JKTC|SUB|2023-12-28|891600.0
2023-12-28 19:20:06.123456|JKTC|SUB|2023-12-28|881600.0
2023-12-28 11:00:45.123456|JKTC|SUB|2023-12-28|896600.0
2023-12-29 16:57:45.123456|JKTC|SUB|2023-12-29|945100.0
2023-12-29 18:42:23.123456|JKTC|SUB|2023-12-29|945100.0
2023-12-29 20:53:51.123456|JKTC|SUB|2023-12-29|950100.0
2023-12-29 19:55:04.123456|JKTC|SUB|2023-12-29|950100.0
2023-12-30 18:06:56.123456|JKTC|SUB|2023-12-30|891200.0
2023-12-30 18:28:24.123456|JKTC|SUB|2023-12-30|901200.0
2023-12-31 09:20:31.123456|JKTC|SUB|2023-12-31|949900.0
2023-12-31 21:17:34.123456|JKTC|SUB|2023-12-31|949900.0
2023-12-31 11:44:18.123456|JKTC|SUB|2023-12-31|959900.0
2024-01-01 21:25:56.123456|JKTC|SUB|2024-01-01|795200.0
2024-01-01 08:09:04.123456|JKTC|SUB|2024-01-01|790200.0
2024-01-01 16:16:16.123456|JKTC|SUB|2024-01-01|790200.0
2024-01-02 12:13:33.123456|JKTC|SUB|2024-01-02|740900.0
2024-01-02 08:07:12.123456|JKTC|SUB|2024-01-02|740900.0
2024-01-02 21:33:08.123456|JKTC|SUB|2024-01-02|735900.0
2024-01-02 10:00:29.123456|JKTC|SUB|2024-01-02|730900.0
2024-01-03 15:22:19.123456|JKTC|SUB|2024-01-03|752000.0
2024-01-03 08:57:19.123456|JKTC|SUB|2024-01-03|747000.0
2024-01-03 09:20:05.123456|JKTC|SUB|2024-01-03|752000.0
2024-01-04 17:07:55.123456|JKTC|SUB|2024-01-04|740900.0
2024-01-04 20:28:41.123456|JKTC|SUB|2024-01-04|755900.0
2024-01-04 20:36:47.123456|JKTC|SUB|2024-01-04|740900.0
2024-01-05 21:21:41.123456|JKTC|SUB|2024-01-05|744500.0
2024-01-05 19:26:24.123456|JKTC|SUB|2024-01-05|754500.0
2024-01-06 09:36:25.123456|JKTC|SUB|2024-01-06|780200.0
2024-01-06 15:44:15.123456|JKTC|SUB|2024-01-06|780200.0
2024-01-06 13:48:34.123456|JKTC|SUB|2024-01-06|770200.0
2024-01-06 09:47:42.123456|JKTC|SUB|2024-01-06|770200.0
2024-01-07 15:49:44.123456|JKTC|SUB|2024-01-07|732200.0
2024-01-07 10:35:07.123456|JKTC|SUB|2024-01-07|747200.0
2024-01-08 21:11:32.123456|JKTC|SUB|2024-01-08|608700.0
2024-01-08 20:33:04.123456|JKTC|SUB|2024-01-08|618700.0
2024-01-08 17:49:21.123456|JKTC|SUB|2024-01-08|603700.0
2024-01-08 15:22:30.123456|JKTC|SUB|2024-01-08|613700.0
2024-01-09 20:15:44.123456|JKTC|SUB|2024-01-09|621900.0
2024-01-09 08:42:01.123456|JKTC|SUB|2024-01-09|611900.0
2024-01-10 21:39:54.123456|JKTC|SUB|2024-01-10|608000.0
2024-01-10 11:53:09.123456|JKTC|SUB|2024-01-10|608000.0
2024-01-10 16:44:57.123456|JKTC|SUB|2024-01-10|613000.0
2024-01-10 12:38:55.123456|JKTC|SUB|2024-01-10|613000.0
2024-01-11 16:52:06.123456|JKTC|SUB|2024-01-11|562200.0
2024-01-11 10:22:39.123456|JKTC|SUB|2024-01-11|567200.0
2024-01-11 21:53:37.123456|JKTC|SUB|2024-01-11|567200.0
2024-01-11 12:23:40.123456|JKTC|SUB|2024-01-11|572200.0
2024-01-12 21:28:24.123456|JKTC|SUB|2024-01-12|702700.0
2024-01-12 11:22:25.123456|JKTC|SUB|2024-01-12|707700.0
2024-01-13 09:54:00.123456|JKTC|SUB|2024-01-13|702900.0
2024-01-13 15:42:06.123456|JKTC|SUB|2024-01-13|687900.0
2024-01-13 16:39:34.123456|JKTC|SUB|2024-01-13|692900.0
2024-01-13 16:27:02.123456|JKTC|SUB|2024-01-13|692900.0
2024-01-14 08:23:18.123456|JKTC|SUB|2024-01-14|683100.0
2024-01-14 11:05:35.123456|JKTC|SUB|2024-01-14|693100.0
2024-01-14 18:08:14.123456|JKTC|SUB|2024-01-14|688100.0
2024-01-14 08:57:06.123456|JKTC|SUB|2024-01-14|683100.0
2024-01-15 18:01:00.123456|JKTC|SUB|2024-01-15|649500.0
2024-01-15 15:24:17.123456|JKTC|SUB|2024-01-15|649500.0
2024-01-15 11:57:28.123456|JKTC|SUB|2024-01-15|639500.0
2024-01-16 17:29:10.123456|JKTC|SUB|2024-01-16|671700.0
2024-01-16 09:56:14.123456|JKTC|SUB|2024-01-16|666700.0
2024-01-16 14:49:53.123456|JKTC|SUB|2024-01-16|676700.0
2024-01-16 14:14:40.123456|JKTC|SUB|2024-01-16|661700.0
2024-01-17 19:39:47.123456|JKTC|SUB|2024-01-17|660100.0
2024-01-17 14:41:29.123456|JKTC|SUB|2024-01-17|675100.0
2024-01-18 20:14:06.123456|JKTC|SUB|2024-01-18|627500.0
2024-01-18 16:14:21.123456|JKTC|SUB|2024-01-18|622500.0
2024-01-19 11:33:00.123456|JKTC|SUB|2024-01-19|741100.0
2024-01-19 21:30:16.123456|JKTC|SUB|2024-01-19|731100.0
2024-01-19 10:15:08.123456|JKTC|SUB|2024-01-19|731100.0
2024-01-20 13:58:21.123456|JKTC|SUB|2024-01-20|743700.0
2024-01-20 10:20:03.123456|JKTC|SUB|2024-01-20|748700.0
2024-01-21 20:55:27.123456|JKTC|SUB|2024-01-21|717100.0
2024-01-21 09:21:33.123456|JKTC|SUB|2024-01-21|732100.0
2024-01-22 17:40:07.123456|JKTC|SUB|2024-01-22|707900.0
2024-01-22 15:07:12.123456|JKTC|SUB|2024-01-22|707900.0
2024-01-22 19:14:35.123456|JKTC|SUB|2024-01-22|707900.0
2024-01-23 15:48:48.123456|JKTC|SUB|2024-01-23|692000.0
2024-01-23 10:47:49.123456|JKTC|SUB|2024-01-23|687000.0
2024-01-23 13:13:09.123456|JKTC|SUB|2024-01-23|692000.0
2024-01-23 20:44:33.123456|JKTC|SUB|2024-01-23|692000.0
2024-01-24 12:56:39.123456|JKTC|SUB|2024-01-24|654400.0
2024-01-24 21:42:48.123456|JKTC|SUB|2024-01-24|649400.0
2024-01-25 10:30:10.123456|JKTC|SUB|2024-01-25|722100.0
2024-01-25 11:16:55.123456|JKTC|SUB|2024-01-25|717100.0
2024-01-26 15:43:13.123456|JKTC|SUB|2024-01-26|678000.0
2024-01-26 19:58:14.123456|JKTC|SUB|2024-01-26|683000.0
2024-01-26 13:51:04.123456|JKTC|SUB|2024-01-26|683000.0
2024-01-27 19:07:48.123456|JKTC|SUB|2024-01-27|822800.0
2024-01-27 09:23:34.123456|JKTC|SUB|2024-01-27|817800.0
2024-01-27 13:57:11.123456|JKTC|SUB|2024-01-27|832800.0
2024-01-28 15:32:42.123456|JKTC|SUB|2024-01-28|786000.0
2024-01-28 19:09:03.123456|JKTC|SUB|2024-01-28|781000.0
2024-01-28 20:05:03.123456|JKTC|SUB|2024-01-28|781000.0
2024-01-29 21:45:53.123456|JKTC|SUB|2024-01-29|657500.0
2024-01-29 10:40:29.123456|JKTC|SUB|2024-01-29|667500.0
2024-01-29 14:40:46.123456|JKTC|SUB|2024-01-29|662500.0
2024-01-29 14:20:26.123456|JKTC|SUB|2024-01-29|662500.0
2024-01-30 14:36:10.123456|JKTC|SUB|2024-01-30|623000.0
2024-01-30 19:18:23.123456|JKTC|SUB|2024-01-30|618000.0
2024-01-30 17:48:42.123456|JKTC|SUB|2024-01-30|633000.0
2024-01-30 10:14:11.123456|JKTC|SUB|2024-01-30|618000.0
2024-01-31 21:06:37.123456|JKTC|SUB|2024-01-31|656400.0
2024-01-31 12:16:44.123456|JKTC|SUB|2024-01-31|646400.0
2024-01-31 14:07:07.123456|JKTC|SUB|2024-01-31|656400.0
2024-02-01 08:30:24.123456|JKTC|SUB|2024-02-01|670800.0
2024-02-01 18:30:12.123456|JKTC|SUB|2024-02-01|675800.0
2024-02-01 19:36:32.123456|JKTC|SUB|2024-02-01|660800.0
2024-02-01 18:16:56.123456|JKTC|SUB|2024-02-01|675800.0
2024-02-02 10:58:07.123456|JKTC|SUB|2024-02-02|755500.0
2024-02-02 14:14:42.123456|JKTC|SUB|2024-02-02|760500.0
2024-02-02 16:18:04.123456|JKTC|SUB|2024-02-02|760500.0
2024-02-03 17:36:30.123456|JKTC|SUB|2024-02-03|800800.0
2024-02-03 14:34:45.123456|JKTC|SUB|2024-02-03|800800.0
2024-02-03 12:43:15.123456|JKTC|SUB|2024-02-03|815800.0
2024-02-03 15:08:12.123456|JKTC|SUB|2024-02-03|815800.0
2024-02-04 14:42:14.123456|JKTC|SUB|2024-02-04|770900.0
2024-02-04 11:38:31.123456|JKTC|SUB|2024-02-04|765900.0
2024-02-04 15:09:37.123456|JKTC|SUB|2024-02-04|775900.0
2024-02-04 17:12:11.123456|JKTC|SUB|2024-02-04|770900.0
2024-02-05 13:51:48.123456|JKTC|SUB|2024-02-05|652300.0
2024-02-05 19:09:18.123456|JKTC|SUB|2024-02-05|652300.0
2024-02-06 12:33:51.123456|JKTC|SUB|2024-02-06|666000.0
2024-02-06 18:37:55.123456|JKTC|SUB|2024-02-06|676000.0
2024-02-06 17:29:29.123456|JKTC|SUB|2024-02-06|671000.0
2024-02-06 08:45:36.123456|JKTC|SUB|2024-02-06|676000.0
2024-02-07 11:28:36.123456|JKTC|SUB|2024-02-07|668000.0
2024-02-07 08:21:55.123456|JKTC|SUB|2024-02-07|678000.0
2024-02-08 21:54:26.123456|JKTC|SUB|2024-02-08|638900.0
2024-02-08 19:42:58.123456|JKTC|SUB|2024-02-08|648900.0
2024-02-09 17:00:41.123456|JKTC|SUB|2024-02-09|684500.0
2024-02-09 13:55:30.123456|JKTC|SUB|2024-02-09|689500.0
2024-02-10 19:07:35.123456|JKTC|SUB|2024-02-10|763500.0
2024-02-10 09:53:53.123456|JKTC|SUB|2024-02-10|763500.0
2024-02-10 17:20:20.123456|JKTC|SUB|2024-02-10|758500.0
2024-02-10 16:10:40.123456|JKTC|SUB|2024-02-10|768500.0
2024-02-11 21:50:51.123456|JKTC|SUB|2024-02-11|743500.0
2024-02-11 16:52:44.123456|JKTC|SUB|2024-02-11|733500.0
2024-02-11 08:25:40.123456|JKTC|SUB|2024-02-11|733500.0
2024-02-12 08:04:34.123456|JKTC|SUB|2024-02-12|668000.0
2024-02-12 19:16:14.123456|JKTC|SUB|2024-02-12|658000.0
2024-02-12 21:00:11.123456|JKTC|SUB|2024-02-12|658000.0
2024-02-12 14:50:06.123456|JKTC|SUB|2024-02-12|658000.0
2024-02-13 12:41:40.123456|JKTC|SUB|2024-02-13|668900.0
2024-02-13 11:22:02.123456|JKTC|SUB|2024-02-13|653900.0
2024-02-13 11:07:51.123456|JKTC|SUB|2024-02-13|663900.0
2024-02-14 13:27:41.123456|JKTC|SUB|2024-02-14|651100.0
2024-02-14 12:03:51.123456|JKTC|SUB|2024-02-14|641100.0
2024-02-14 17:16:09.123456|JKTC|SUB|2024-02-14|636100.0
2024-02-15 14:08:09.123456|JKTC|SUB|2024-02-15|722500.0
2024-02-15 20:32:06.123456|JKTC|SUB|2024-02-15|717500.0
2024-02-16 09:52:20.123456|JKTC|SUB|2024-02-16|772000.0
2024-02-16 11:37:08.123456|JKTC|SUB|2024-02-16|782000.0
2024-02-16 12:01:07.123456|JKTC|SUB|2024-02-16|772000.0
2024-02-17 19:54:28.123456|JKTC|SUB|2024-02-17|711200.0
2024-02-17 21:40:49.123456|JKTC|SUB|2024-02-17|726200.0
2024-02-17 09:03:36.123456|JKTC|SUB|2024-02-17|721200.0
2024-02-18 12:29:28.123456|JKTC|SUB|2024-02-18|746900.0
2024-02-18 12:03:00.123456|JKTC|SUB|2024-02-18|756900.0
2024-02-18 19:41:04.123456|JKTC|SUB|2024-02-18|746900.0
2024-02-19 14:13:12.123456|JKTC|SUB|2024-02-19|675300.0
2024-02-19 20:52:23.123456|JKTC|SUB|2024-02-19|665300.0
2024-02-19 11:30:56.123456|JKTC|SUB|2024-02-19|680300.0
2024-02-19 11:43:06.123456|JKTC|SUB|2024-02-19|680300.0
2024-02-20 17:28:38.123456|JKTC|SUB|2024-02-20|688200.0
2024-02-20 16:41:41.123456|JKTC|SUB|2024-02-20|688200.0
2024-02-21 12:39:26.123456|JKTC|SUB|2024-02-21|715700.0
2024-02-21 21:49:15.123456|JKTC|SUB|2024-02-21|720700.0
2024-02-22 16:20:25.123456|JKTC|SUB|2024-02-22|797500.0
2024-02-22 20:48:53.123456|JKTC|SUB|2024-02-22|792500.0
2024-02-23 20:04:18.123456|JKTC|SUB|2024-02-23|835300.0
2024-02-23 16:45:45.123456|JKTC|SUB|2024-02-23|830300.0
2024-02-24 17:40:26.123456|JKTC|SUB|2024-02-24|827000.0
2024-02-24 08:16:52.123456|JKTC|SUB|2024-02-24|812000.0
2024-02-25 20:25:24.123456|JKTC|SUB|2024-02-25|815400.0
2024-02-25 12:40:29.123456|JKTC|SUB|2024-02-25|805400.0
2024-02-25 14:47:48.123456|JKTC|SUB|2024-02-25|810400.0
2024-02-25 09:58:19.123456|JKTC|SUB|2024-02-25|800400.0
2024-02-26 20:11:34.123456|JKTC|SUB|2024-02-26|749200.0
2024-02-26 19:09:26.123456|JKTC|SUB|2024-02-26|749200.0
2024-02-26 15:32:36.123456|JKTC|SUB|2024-02-26|744200.0
2024-02-27 11:09:29.123456|JKTC|SUB|2024-02-27|726500.0
2024-02-27 19:26:21.123456|JKTC|SUB|2024-02-27|721500.0
2024-02-27 17:55:16.123456|JKTC|SUB|2024-02-27|721500.0
2024-02-27 18:23:05.123456|JKTC|SUB|2024-02-27|736500.0
2024-02-28 10:31:14.123456|JKTC|SUB|2024-02-28|738400.0
2024-02-28 15:21:13.123456|JKTC|SUB|2024-02-28|748400.0
2024-02-29 17:27:43.123456|JKTC|SUB|2024-02-29|677400.0
2024-02-29 14:55:44.123456|JKTC|SUB|2024-02-29|692400.0
2024-03-01 08:46:25.123456|JKTC|SUB|2024-03-01|768600.0
2024-03-01 21:12:47.123456|JKTC|SUB|2024-03-01|773600.0
2024-03-01 19:25:30.123456|JKTC|SUB|2024-03-01|778600.0
2024-03-02 16:57:33.123456|JKTC|SUB|2024-03-02|832600.0
2024-03-02 08:24:52.123456|JKTC|SUB|2024-03-02|847600.0
2024-03-02 15:51:30.123456|JKTC|SUB|2024-03-02|847600.0
2024-03-03 09:48:29.123456|JKTC|SUB|2024-03-03|775400.0
2024-03-03 18:54:33.123456|JKTC|SUB|2024-03-03|765400.0
2024-03-03 14:31:26.123456|JKTC|SUB|2024-03-03|770400.0
2024-03-04 19:12:26.123456|JKTC|SUB|2024-03-04|691600.0
2024-03-04 10:11:09.123456|JKTC|SUB|2024-03-04|691600.0
2024-03-05 17:06:55.123456|JKTC|SUB|2024-03-05|757100.0
2024-03-05 16:48:39.123456|JKTC|SUB|2024-03-05|742100.0
2024-03-05 14:58:26.123456|JKTC|SUB|2024-03-05|742100.0
2024-03-06 18:01:50.123456|JKTC|SUB|2024-03-06|690600.0
2024-03-06 08:51:58.123456|JKTC|SUB|2024-03-06|705600.0
2024-03-06 18:33:01.123456|JKTC|SUB|2024-03-06|705600.0
2024-03-06 10:25:33.123456|JKTC|SUB|2024-03-06|700600.0
2024-03-07 21:22:38.123456|JKTC|SUB|2024-03-07|716200.0
2024-03-07 08:53:26.123456|JKTC|SUB|2024-03-07|711200.0
2024-03-08 12:49:43.123456|JKTC|SUB|2024-03-08|758100.0
2024-03-08 16:14:16.123456|JKTC|SUB|2024-03-08|753100.0
2024-03-09 17:42:09.123456|JKTC|SUB|2024-03-09|764400.0
2024-03-09 21:54:48.123456|JKTC|SUB|2024-03-09|764400.0
2024-03-09 09:12:26.123456|JKTC|SUB|2024-03-09|774400.0
2024-03-10 21:50:53.123456|JKTC|SUB|2024-03-10|730400.0
2024-03-10 09:34:19.123456|JKTC|SUB|2024-03-10|735400.0
2024-03-11 12:50:07.123456|JKTC|SUB|2024-03-11|670300.0
2024-03-11 14:34:25.123456|JKTC|SUB|2024-03-11|670300.0
2024-03-11 18:25:20.123456|JKTC|SUB|2024-03-11|660300.0
2024-03-12 11:15:24.123456|JKTC|SUB|2024-03-12|622300.0
2024-03-12 08:29:21.123456|JKTC|SUB|2024-03-12|627300.0
2024-03-12 14:47:08.123456|JKTC|SUB|2024-03-12|632300.0
2024-03-12 12:47:25.123456|JKTC|SUB|2024-03-12|627300.0
2024-03-13 21:43:03.123456|JKTC|SUB|2024-03-13|649200.0
2024-03-13 15:31:32.123456|JKTC|SUB|2024-03-13|649200.0
2024-03-14 11:44:18.123456|JKTC|SUB|2024-03-14|712700.0
2024-03-14 14:25:41.123456|JKTC|SUB|2024-03-14|717700.0
2024-03-14 19:04:30.123456|JKTC|SUB|2024-03-14|702700.0
2024-03-15 13:13:31.123456|JKTC|SUB|2024-03-15|779300.0
2024-03-15 19:03:40.123456|JKTC|SUB|2024-03-15|764300.0
2024-03-15 18:31:26.123456|JKTC|SUB|2024-03-15|764300.0
2024-03-16 19:42:34.123456|JKTC|SUB|2024-03-16|756600.0
2024-03-16 10:26:52.123456|JKTC|SUB|2024-03-16|766600.0
2024-03-16 16:15:46.123456|JKTC|SUB|2024-03-16|751600.0
2024-03-16 10:04:26.123456|JKTC|SUB|2024-03-16|756600.0
2024-03-17 21:24:34.123456|JKTC|SUB|2024-03-17|839700.0
2024-03-17 16:55:28.123456|JKTC|SUB|2024-03-17|849700.0
2024-03-17 14:18:03.123456|JKTC|SUB|2024-03-17|854700.0
2024-03-18 18:45:06.123456|JKTC|SUB|2024-03-18|662900.0
2024-03-18 17:22:39.123456|JKTC|SUB|2024-03-18|677900.0
2024-03-18 10:29:56.123456|JKTC|SUB|2024-03-18|672900.0
2024-03-19 13:52:02.123456|JKTC|SUB|2024-03-19|704200.0
2024-03-19 13:29:41.123456|JKTC|SUB|2024-03-19|709200.0
2024-03-19 19:43:19.123456|JKTC|SUB|2024-03-19|714200.0
2024-03-20 21:17:18.123456|JKTC|SUB|2024-03-20|718700.0
2024-03-20 21:36:26.123456|JKTC|SUB|2024-03-20|733700.0
2024-03-21 15:04:03.123456|JKTC|SUB|2024-03-21|712500.0
2024-03-21 11:52:18.123456|JKTC|SUB|2024-03-21|727500.0
2024-03-21 21:10:06.123456|JKTC|SUB|2024-03-21|712500.0
2024-03-22 13:46:24.123456|JKTC|SUB|2024-03-22|848800.0
2024-03-22 12:18:58.123456|JKTC|SUB|2024-03-22|863800.0
2024-03-23 16:05:17.123456|JKTC|SUB|2024-03-23|817200.0
2024-03-23 11:46:15.123456|JKTC|SUB|2024-03-23|812200.0
2024-03-23 14:19:26.123456|JKTC|SUB|2024-03-23|822200.0
2024-03-23 11:19:02.123456|JKTC|SUB|2024-03-23|822200.0
2024-03-24 15:41:06.123456|JKTC|SUB|2024-03-24|800500.0
2024-03-24 13:38:52.123456|JKTC|SUB|2024-03-24|785500.0
2024-03-24 16:56:45.123456|JKTC|SUB|2024-03-24|790500.0
2024-03-25 20:08:37.123456|JKTC|SUB|2024-03-25|738400.0
2024-03-25 19:23:44.123456|JKTC|SUB|2024-03-25|738400.0
2024-03-26 21:57:49.123456|JKTC|SUB|2024-03-26|732500.0
2024-03-26 14:25:21.123456|JKTC|SUB|2024-03-26|732500.0
2024-03-26 19:04:57.123456|JKTC|SUB|2024-03-26|727500.0
2024-03-27 08:42:11.123456|JKTC|SUB|2024-03-27|687300.0
2024-03-27 12:44:47.123456|JKTC|SUB|2024-03-27|677300.0
2024-03-27 20:18:52.123456|JKTC|SUB|2024-03-27|682300.0
2024-03-27 21:31:45.123456|JKTC|SUB|2024-03-27|687300.0
2024-03-28 19:09:13.123456|JKTC|SUB|2024-03-28|716700.0
2024-03-28 09:43:39.123456|JKTC|SUB|2024-03-28|731700.0
2024-03-28 16:28:54.123456|JKTC|SUB|2024-03-28|726700.0
2024-03-28 09:10:38.123456|JKTC|SUB|2024-03-28|731700.0
2024-03-29 11:02:39.123456|JKTC|SUB|2024-03-29|803500.0
2024-03-29 10:10:28.123456|JKTC|SUB|2024-03-29|803500.0
2024-03-29 14:48:43.123456|JKTC|SUB|2024-03-29|813500.0
2024-03-30 17:54:07.123456|JKTC|SUB|2024-03-30|806600.0
2024-03-30 09:17:29.123456|JKTC|SUB|2024-03-30|806600.0
2024-03-30 19:42:57.123456|JKTC|SUB|2024-03-30|811600.0
2024-03-31 15:09:08.123456|JKTC|SUB|2024-03-31|807300.0
2024-03-31 10:24:01.123456|JKTC|SUB|2024-03-31|802300.0
2024-03-31 21:13:09.123456|JKTC|SUB|2024-03-31|817300.0
2024-03-31 10:34:31.123456|JKTC|SUB|2024-03-31|802300.0
2024-04-01 21:31:51.123456|JKTC|SUB|2024-04-01|742900.0
2024-04-01 10:29:58.123456|JKTC|SUB|2024-04-01|747900.0
2024-04-01 09:49:54.123456|JKTC|SUB|2024-04-01|752900.0
2024-04-01 20:00:07.123456|JKTC|SUB|2024-04-01|742900.0
2024-04-02 10:49:13.123456|JKTC|SUB|2024-04-02|732800.0
2024-04-02 16:18:03.123456|JKTC|SUB|2024-04-02|722800.0
2024-04-02 12:39:04.123456|JKTC|SUB|2024-04-02|717800.0
2024-04-02 11:55:44.123456|JKTC|SUB|2024-04-02|722800.0
2024-04-03 11:36:45.123456|JKTC|SUB|2024-04-03|685300.0
2024-04-03 21:42:12.123456|JKTC|SUB|2024-04-03|675300.0
2024-04-03 08:58:48.123456|JKTC|SUB|2024-04-03|685300.0
2024-04-03 18:17:13.123456|JKTC|SUB|2024-04-03|685300.0
2024-04-04 10:00:50.123456|JKTC|SUB|2024-04-04|723200.0
2024-04-04 16:10:49.123456|JKTC|SUB|2024-04-04|723200.0
2024-04-05 17:32:57.123456|JKTC|SUB|2024-04-05|819000.0
2024-04-05 10:48:02.123456|JKTC|SUB|2024-04-05|829000.0
2024-04-05 14:22:52.123456|JKTC|SUB|2024-04-05|814000.0
2024-04-06 11:02:09.123456|JKTC|SUB|2024-04-06|825500.0
2024-04-06 16:14:58.123456|JKTC|SUB|2024-04-06|835500.0
2024-04-07 16:28:51.123456|JKTC|SUB|2024-04-07|831900.0
2024-04-07 18:31:13.123456|JKTC|SUB|2024-04-07|836900.0
2024-04-07 19:40:14.123456|JKTC|SUB|2024-04-07|836900.0
2024-04-08 19:10:33.123456|JKTC|SUB|2024-04-08|753200.0
2024-04-08 13:10:23.123456|JKTC|SUB|2024-04-08|758200.0
2024-04-09 11:44:10.123456|JKTC|SUB|2024-04-09|808300.0
2024-04-09 12:18:04.123456|JKTC|SUB|2024-04-09|818300.0
2024-04-10 13:42:43.123456|JKTC|SUB|2024-04-10|819200.0
2024-04-10 17:24:52.123456|JKTC|SUB|2024-04-10|819200.0
2024-04-11 10:09:06.123456|JKTC|SUB|2024-04-11|834700.0
2024-04-11 19:19:54.123456|JKTC|SUB|2024-04-11|834700.0
2024-04-11 11:16:54.123456|JKTC|SUB|2024-04-11|844700.0
2024-04-11 19:04:39.123456|JKTC|SUB|2024-04-11|839700.0
2024-04-12 16:11:43.123456|JKTC|SUB|2024-04-12|908800.0
2024-04-12 15:42:32.123456|JKTC|SUB|2024-04-12|908800.0
2024-04-13 15:47:49.123456|JKTC|SUB|2024-04-13|961600.0
2024-04-13 09:49:58.123456|JKTC|SUB|2024-04-13|946600.0
2024-04-13 11:06:54.123456|JKTC|SUB|2024-04-13|956600.0
2024-04-13 20:10:18.123456|JKTC|SUB|2024-04-13|951600.0
2024-04-14 11:35:24.123456|JKTC|SUB|2024-04-14|968300.0
2024-04-14 12:49:19.123456|JKTC|SUB|2024-04-14|983300.0
2024-04-14 13:05:47.123456|JKTC|SUB|2024-04-14|973300.0
2024-04-15 16:37:41.123456|JKTC|SUB|2024-04-15|934100.0
2024-04-15 12:15:15.123456|JKTC|SUB|2024-04-15|939100.0
2024-04-15 14:05:00.123456|JKTC|SUB|2024-04-15|934100.0
2024-04-15 11:09:23.123456|JKTC|SUB|2024-04-15|934100.0
2024-04-16 21:14:08.123456|JKTC|SUB|2024-04-16|907200.0
2024-04-16 17:44:12.123456|JKTC|SUB|2024-04-16|902200.0
2024-04-16 12:58:09.123456|JKTC|SUB|2024-04-16|892200.0
2024-04-16 12:34:05.123456|JKTC|SUB|2024-04-16|907200.0
2024-04-17 19:29:13.123456|JKTC|SUB|2024-04-17|988000.0
2024-04-17 12:00:56.123456|JKTC|SUB|2024-04-17|988000.0
2024-04-17 10:58:19.123456|JKTC|SUB|2024-04-17|983000.0
2024-04-17 14:22:00.123456|JKTC|SUB|2024-04-17|973000.0
2024-04-18 20:46:29.123456|JKTC|SUB|2024-04-18|985000.0
2024-04-18 10:21:06.123456|JKTC|SUB|2024-04-18|980000.0
2024-04-18 08:56:48.123456|JKTC|SUB|2024-04-18|990000.0
2024-04-19 08:44:16.123456|JKTC|SUB|2024-04-19|975000.0
2024-04-19 10:55:29.123456|JKTC|SUB|2024-04-19|990000.0
2024-04-19 21:56:39.123456|JKTC|SUB|2024-04-19|975000.0
2024-04-20 14:17:39.123456|JKTC|SUB|2024-04-20|975000.0
2024-04-20 20:23:09.123456|JKTC|SUB|2024-04-20|975000.0
2024-04-20 12:50:35.123456|JKTC|SUB|2024-04-20|990000.0
2024-04-21 11:01:11.123456|JKTC|SUB|2024-04-21|975000.0
2024-04-21 18:56:58.123456|JKTC|SUB|2024-04-21|980000.0
2024-04-21 12:56:01.123456|JKTC|SUB|2024-04-21|990000.0
2024-04-22 08:41:58.123456|JKTC|SUB|2024-04-22|982200.0
2024-04-22 19:20:41.123456|JKTC|SUB|2024-04-22|972200.0
2024-04-22 16:47:58.123456|JKTC|SUB|2024-04-22|977200.0
2024-04-22 11:23:15.123456|JKTC|SUB|2024-04-22|982200.0
2024-04-23 10:17:15.123456|JKTC|SUB|2024-04-23|975000.0
2024-04-23 18:48:34.123456|JKTC|SUB|2024-04-23|980000.0
2024-04-23 20:52:50.123456|JKTC|SUB|2024-04-23|975000.0
2024-04-23 08:55:46.123456|JKTC|SUB|2024-04-23|985000.0
2024-04-24 13:47:14.123456|JKTC|SUB|2024-04-24|957100.0
2024-04-24 21:48:01.123456|JKTC|SUB|2024-04-24|962100.0
2024-04-25 12:56:35.123456|JKTC|SUB|2024-04-25|940600.0
2024-04-25 13:53:01.123456|JKTC|SUB|2024-04-25|950600.0
2024-04-25 15:41:53.123456|JKTC|SUB|2024-04-25|940600.0
2024-04-26 09:02:34.123456|JKTC|SUB|2024-04-26|975000.0
2024-04-26 20:54:04.123456|JKTC|SUB|2024-04-26|985000.0
2024-04-26 19:05:28.123456|JKTC|SUB|2024-04-26|990000.0
2024-04-27 08:12:47.123456|JKTC|SUB|2024-04-27|975000.0
2024-04-27 21:26:08.123456|JKTC|SUB|2024-04-27|980000.0
2024-04-27 14:35:39.123456|JKTC|SUB|2024-04-27|985000.0
2024-04-28 18:10:16.123456|JKTC|SUB|2024-04-28|973000.0
2024-04-28 08:34:00.123456|JKTC|SUB|2024-04-28|988000.0
2024-04-28 14:17:27.123456|JKTC|SUB|2024-04-28|978000.0
2024-04-28 14:13:49.123456|JKTC|SUB|2024-04-28|978000.0
2024-04-29 19:49:21.123456|JKTC|SUB|2024-04-29|794300.0
2024-04-29 13:42:02.123456|JKTC|SUB|2024-04-29|799300.0
2024-04-29 08:03:03.123456|JKTC|SUB|2024-04-29|799300.0
2024-04-29 21:20:22.123456|JKTC|SUB|2024-04-29|804300.0
2024-04-30 09:34:01.123456|JKTC|SUB|2024-04-30|835700.0
2024-04-30 19:53:45.123456|JKTC|SUB|2024-04-30|840700.0
2024-04-30 13:45:29.123456|JKTC|SUB|2024-04-30|840700.0
2024-04-30 17:58:31.123456|JKTC|SUB|2024-04-30|850700.0
2024-05-01 20:18:18.123456|JKTC|SUB|2024-05-01|789400.0
2024-05-01 08:16:17.123456|JKTC|SUB|2024-05-01|789400.0
2024-05-01 15:02:38.123456|JKTC|SUB|2024-05-01|794400.0
2024-05-02 09:26:36.123456|JKTC|SUB|2024-05-02|753800.0
2024-05-02 19:23:09.123456|JKTC|SUB|2024-05-02|768800.0
2024-05-02 13:48:02.123456|JKTC|SUB|2024-05-02|753800.0
2024-05-02 11:37:39.123456|JKTC|SUB|2024-05-02|768800.0
2024-05-03 14:56:17.123456|JKTC|SUB|2024-05-03|766000.0
2024-05-03 20:03:00.123456|JKTC|SUB|2024-05-03|756000.0
2024-05-04 09:23:14.123456|JKTC|SUB|2024-05-04|825600.0
2024-05-04 11:25:47.123456|JKTC|SUB|2024-05-04|830600.0
2024-05-04 13:49:04.123456|JKTC|SUB|2024-05-04|820600.0
2024-05-04 20:03:36.123456|JKTC|SUB|2024-05-04|830600.0
2024-05-05 14:06:35.123456|JKTC|SUB|2024-05-05|773800.0
2024-05-05 10:18:35.123456|JKTC|SUB|2024-05-05|783800.0
2024-05-06 09:17:41.123456|JKTC|SUB|2024-05-06|705900.0
2024-05-06 20:03:20.123456|JKTC|SUB|2024-05-06|700900.0
2024-05-06 20:17:02.123456|JKTC|SUB|2024-05-06|690900.0
2024-05-06 09:34:49.123456|JKTC|SUB|2024-05-06|690900.0
2024-05-07 16:06:00.123456|JKTC|SUB|2024-05-07|680000.0
2024-05-07 09:38:07.123456|JKTC|SUB|2024-05-07|680000.0
2024-05-07 19:10:09.123456|JKTC|SUB|2024-05-07|690000.0
2024-05-08 19:39:06.123456|JKTC|SUB|2024-05-08|675100.0
2024-05-08 12:07:38.123456|JKTC|SUB|2024-05-08|665100.0
2024-05-08 21:10:54.123456|JKTC|SUB|2024-05-08|680100.0
2024-05-08 15:15:08.123456|JKTC|SUB|2024-05-08|665100.0
2024-05-09 10:42:55.123456|JKTC|SUB|2024-05-09|701300.0
2024-05-09 18:31:19.123456|JKTC|SUB|2024-05-09|706300.0
2024-05-10 13:14:19.123456|JKTC|SUB|2024-05-10|736900.0
2024-05-10 16:34:09.123456|JKTC|SUB|2024-05-10|746900.0
2024-05-10 14:46:30.123456|JKTC|SUB|2024-05-10|751900.0
2024-05-10 09:22:57.123456|JKTC|SUB|2024-05-10|736900.0
2024-05-11 16:00:55.123456|JKTC|SUB|2024-05-11|725100.0
2024-05-11 17:35:19.123456|JKTC|SUB|2024-05-11|720100.0
2024-05-11 13:23:13.123456|JKTC|SUB|2024-05-11|730100.0
2024-05-11 11:11:29.123456|JKTC|SUB|2024-05-11|730100.0
2024-05-12 15:41:58.123456|JKTC|SUB|2024-05-12|776400.0
2024-05-12 19:17:19.123456|JKTC|SUB|2024-05-12|776400.0
2024-05-12 13:16:44.123456|JKTC|SUB|2024-05-12|776400.0
2024-05-12 08:20:40.123456|JKTC|SUB|2024-05-12|776400.0
2024-05-13 13:35:45.123456|JKTC|SUB|2024-05-13|673600.0
2024-05-13 15:01:10.123456|JKTC|SUB|2024-05-13|673600.0
2024-05-14 14:50:50.123456|JKTC|SUB|2024-05-14|640200.0
2024-05-14 14:13:26.123456|JKTC|SUB|2024-05-14|635200.0
2024-05-15 14:18:44.123456|JKTC|SUB|2024-05-15|665600.0
2024-05-15 15:28:27.123456|JKTC|SUB|2024-05-15|670600.0
2024-05-16 18:45:40.123456|JKTC|SUB|2024-05-16|667000.0
2024-05-16 19:37:54.123456|JKTC|SUB|2024-05-16|677000.0
2024-05-17 14:48:16.123456|JKTC|SUB|2024-05-17|757100.0
2024-05-17 18:39:48.123456|JKTC|SUB|2024-05-17|742100.0
2024-05-18 10:14:15.123456|JKTC|SUB|2024-05-18|795100.0
2024-05-18 18:34:22.123456|JKTC|SUB|2024-05-18|795100.0
2024-05-18 16:23:19.123456|JKTC|SUB|2024-05-18|785100.0
2024-05-18 17:25:57.123456|JKTC|SUB|2024-05-18|795100.0
2024-05-19 12:02:55.123456|JKTC|SUB|2024-05-19|798300.0
2024-05-19 13:40:30.123456|JKTC|SUB|2024-05-19|788300.0
2024-05-20 21:36:40.123456|JKTC|SUB|2024-05-20|733800.0
2024-05-20 18:25:28.123456|JKTC|SUB|2024-05-20|728800.0
2024-05-21 09:29:05.123456|JKTC|SUB|2024-05-21|709200.0
2024-05-21 17:36:46.123456|JKTC|SUB|2024-05-21|714200.0
2024-05-21 09:36:40.123456|JKTC|SUB|2024-05-21|709200.0
2024-05-21 17:18:16.123456|JKTC|SUB|2024-05-21|719200.0
2024-05-22 12:58:57.123456|JKTC|SUB|2024-05-22|721900.0
2024-05-22 18:46:31.123456|JKTC|SUB|2024-05-22|721900.0
2024-05-23 12:58:15.123456|JKTC|SUB|2024-05-23|713700.0
2024-05-23 20:30:28.123456|JKTC|SUB|2024-05-23|713700.0
2024-05-23 19:29:28.123456|JKTC|SUB|2024-05-23|718700.0
2024-05-24 20:39:55.123456|JKTC|SUB|2024-05-24|774600.0
2024-05-24 15:52:26.123456|JKTC|SUB|2024-05-24|769600.0
2024-05-25 21:36:18.123456|JKTC|SUB|2024-05-25|805700.0
2024-05-25 21:54:17.123456|JKTC|SUB|2024-05-25|800700.0
2024-05-26 20:41:35.123456|JKTC|SUB|2024-05-26|757400.0
2024-05-26 18:03:22.123456|JKTC|SUB|2024-05-26|752400.0
2024-05-27 12:54:40.123456|JKTC|SUB|2024-05-27|698200.0
2024-05-27 10:32:14.123456|JKTC|SUB|2024-05-27|698200.0
2024-05-27 09:35:49.123456|JKTC|SUB|2024-05-27|693200.0
2024-05-27 08:22:15.123456|JKTC|SUB|2024-05-27|698200.0
2024-05-28 16:12:25.123456|JKTC|SUB|2024-05-28|717900.0
2024-05-28 08:26:10.123456|JKTC|SUB|2024-05-28|717900.0
2024-05-29 13:52:44.123456|JKTC|SUB|2024-05-29|713300.0
2024-05-29 17:41:23.123456|JKTC|SUB|2024-05-29|713300.0
2024-05-29 20:16:56.123456|JKTC|SUB|2024-05-29|703300.0
2024-05-30 09:29:49.123456|JKTC|SUB|2024-05-30|715800.0
2024-05-30 09:48:08.123456|JKTC|SUB|2024-05-30|720800.0
2024-05-30 14:11:14.123456|JKTC|SUB|2024-05-30|715800.0
2024-05-31 15:45:35.123456|JKTC|SUB|2024-05-31|717600.0
2024-05-31 16:13:29.123456|JKTC|SUB|2024-05-31|712600.0
2024-06-01 08:33:45.123456|JKTC|SUB|2024-06-01|783300.0
2024-06-01 08:17:17.123456|JKTC|SUB|2024-06-01|773300.0
2024-06-01 15:01:08.123456|JKTC|SUB|2024-06-01|788300.0
2024-06-01 20:15:40.123456|JKTC|SUB|2024-06-01|778300.0
2024-06-02 16:30:54.123456|JKTC|SUB|2024-06-02|738300.0
2024-06-02 18:22:22.123456|JKTC|SUB|2024-06-02|743300.0
2024-06-03 10:15:14.123456|JKTC|SUB|2024-06-03|664300.0
2024-06-03 21:45:26.123456|JKTC|SUB|2024-06-03|664300.0
2024-06-04 16:06:22.123456|JKTC|SUB|2024-06-04|672100.0
2024-06-04 19:39:25.123456|JKTC|SUB|2024-06-04|657100.0
2024-06-05 18:25:08.123456|JKTC|SUB|2024-06-05|615100.0
2024-06-05 13:45:48.123456|JKTC|SUB|2024-06-05|610100.0
2024-06-05 17:15:25.123456|JKTC|SUB|2024-06-05|605100.0
2024-06-06 16:35:12.123456|JKTC|SUB|2024-06-06|632300.0
2024-06-06 17:06:35.123456|JKTC|SUB|2024-06-06|632300.0
2024-06-06 17:43:47.123456|JKTC|SUB|2024-06-06|642300.0
2024-06-06 15:37:52.123456|JKTC|SUB|2024-06-06|637300.0
2024-06-07 16:45:05.123456|JKTC|SUB|2024-06-07|715200.0
2024-06-07 10:21:52.123456|JKTC|SUB|2024-06-07|725200.0
2024-06-08 15:43:48.123456|JKTC|SUB|2024-06-08|672500.0
2024-06-08 14:28:55.123456|JKTC|SUB|2024-06-08|677500.0
2024-06-08 11:27:43.123456|JKTC|SUB|2024-06-08|667500.0
2024-06-09 14:44:23.123456|JKTC|SUB|2024-06-09|661700.0
2024-06-09 21:16:00.123456|JKTC|SUB|2024-06-09|671700.0
2024-06-10 13:47:26.123456|JKTC|SUB|2024-06-10|617000.0
2024-06-10 12:03:52.123456|JKTC|SUB|2024-06-10|602000.0
2024-06-10 20:09:42.123456|JKTC|SUB|2024-06-10|617000.0
2024-06-11 21:52:51.123456|JKTC|SUB|2024-06-11|653700.0
2024-06-11 21:10:57.123456|JKTC|SUB|2024-06-11|668700.0
2024-06-11 19:54:56.123456|JKTC|SUB|2024-06-11|658700.0
2024-06-11 12:26:48.123456|JKTC|SUB|2024-06-11|668700.0
2024-06-12 17:31:14.123456|JKTC|SUB|2024-06-12|603100.0
2024-06-12 19:32:16.123456|JKTC|SUB|2024-06-12|603100.0
2024-06-12 12:35:57.123456|JKTC|SUB|2024-06-12|608100.0
2024-06-12 16:25:58.123456|JKTC|SUB|2024-06-12|608100.0
2024-06-13 15:49:11.123456|JKTC|SUB|2024-06-13|580000.0
2024-06-13 09:06:06.123456|JKTC|SUB|2024-06-13|580000.0
2024-06-13 13:05:54.123456|JKTC|SUB|2024-06-13|590000.0
2024-06-13 09:41:18.123456|JKTC|SUB|2024-06-13|575000.0
2024-06-14 08:10:03.123456|JKTC|SUB|2024-06-14|730400.0
2024-06-14 21:11:42.123456|JKTC|SUB|2024-06-14|715400.0
2024-06-14 20:07:43.123456|JKTC|SUB|2024-06-14|715400.0
2024-06-15 11:42:17.123456|JKTC|SUB|2024-06-15|684400.0
2024-06-15 10:03:30.123456|JKTC|SUB|2024-06-15|679400.0
2024-06-16 09:40:45.123456|JKTC|SUB|2024-06-16|726200.0
2024-06-16 16:21:49.123456|JKTC|SUB|2024-06-16|731200.0
2024-06-17 11:53:33.123456|JKTC|SUB|2024-06-17|644600.0
2024-06-17 10:19:22.123456|JKTC|SUB|2024-06-17|644600.0
2024-06-17 19:14:17.123456|JKTC|SUB|2024-06-17|639600.0
2024-06-17 20:34:12.123456|JKTC|SUB|2024-06-17|629600.0
2024-06-18 20:27:23.123456|JKTC|SUB|2024-06-18|666600.0
2024-06-18 11:53:43.123456|JKTC|SUB|2024-06-18|666600.0
2024-06-18 17:41:16.123456|JKTC|SUB|2024-06-18|666600.0
2024-06-19 14:50:57.123456|JKTC|SUB|2024-06-19|592000.0
2024-06-19 10:56:38.123456|JKTC|SUB|2024-06-19|587000.0
2024-06-19 15:13:01.123456|JKTC|SUB|2024-06-19|592000.0
2024-06-20 10:48:37.123456|JKTC|SUB|2024-06-20|668500.0
2024-06-20 14:06:44.123456|JKTC|SUB|2024-06-20|678500.0
2024-06-20 13:22:30.123456|JKTC|SUB|2024-06-20|668500.0
2024-06-21 10:23:48.123456|JKTC|SUB|2024-06-21|747500.0
2024-06-21 10:28:03.123456|JKTC|SUB|2024-06-21|737500.0
2024-06-21 13:09:43.123456|JKTC|SUB|2024-06-21|752500.0
2024-06-21 16:44:51.123456|JKTC|SUB|2024-06-21|742500.0
2024-06-22 10:36:54.123456|JKTC|SUB|2024-06-22|724600.0
2024-06-22 18:56:04.123456|JKTC|SUB|2024-06-22|719600.0
2024-06-22 12:09:56.123456|JKTC|SUB|2024-06-22|714600.0
2024-06-22 09:08:55.123456|JKTC|SUB|2024-06-22|729600.0
2024-06-23 13:55:43.123456|JKTC|SUB|2024-06-23|748600.0
2024-06-23 11:14:18.123456|JKTC|SUB|2024-06-23|758600.0
2024-06-23 16:06:43.123456|JKTC|SUB|2024-06-23|753600.0
2024-06-24 12:11:28.123456|JKTC|SUB|2024-06-24|642900.0
2024-06-24 12:36:13.123456|JKTC|SUB|2024-06-24|652900.0
2024-06-24 12:11:58.123456|JKTC|SUB|2024-06-24|637900.0
2024-06-25 12:57:00.123456|JKTC|SUB|2024-06-25|674400.0
2024-06-25 12:51:18.123456|JKTC|SUB|2024-06-25|674400.0
2024-06-25 14:17:46.123456|JKTC|SUB|2024-06-25|674400.0
2024-06-26 09:37:07.123456|JKTC|SUB|2024-06-26|636900.0
2024-06-26 16:43:23.123456|JKTC|SUB|2024-06-26|641900.0
2024-06-26 10:32:26.123456|JKTC|SUB|2024-06-26|646900.0
2023-01-01 19:18:21.123456|JKTC|KNO|2023-01-01|1391100.0
2023-01-01 12:04:03.123456|JKTC|KNO|2023-01-01|1376100.0
2023-01-01 17:28:35.123456|JKTC|KNO|2023-01-01|1391100.0
2023-01-02 19:23:00.123456|JKTC|KNO|2023-01-02|1229100.0
2023-01-02 14:20:35.123456|JKTC|KNO|2023-01-02|1229100.0
2023-01-02 15:25:51.123456|JKTC|KNO|2023-01-02|1229100.0
2023-01-03 13:54:01.123456|JKTC|KNO|2023-01-03|1271300.0
2023-01-03 17:37:23.123456|JKTC|KNO|2023-01-03|1271300.0
2023-01-04 20:54:31.123456|JKTC|KNO|2023-01-04|1218000.0
2023-01-04 18:31:41.123456|JKTC|KNO|2023-01-04|1233000.0
2023-01-05 12:42:28.123456|JKTC|KNO|2023-01-05|1140700.0
2023-01-05 09:47:55.123456|JKTC|KNO|2023-01-05|1145700.0
2023-01-05 11:43:34.123456|JKTC|KNO|2023-01-05|1140700.0
2023-01-05 14:55:48.123456|JKTC|KNO|2023-01-05|1140700.0
2023-01-06 18:17:01.123456|JKTC|KNO|2023-01-06|1353700.0
2023-01-06 18:50:36.123456|JKTC|KNO|2023-01-06|1348700.0
2023-01-06 14:54:30.123456|JKTC|KNO|2023-01-06|1363700.0
2023-01-07 14:49:15.123456|JKTC|KNO|2023-01-07|1324400.0
2023-01-07 19:27:25.123456|JKTC|KNO|2023-01-07|1314400.0
2023-01-08 19:53:37.123456|JKTC|KNO|2023-01-08|1407300.0
2023-01-08 13:29:20.123456|JKTC|KNO|2023-01-08|1397300.0
2023-01-09 19:18:37.123456|JKTC|KNO|2023-01-09|1181300.0
2023-01-09 16:03:03.123456|JKTC|KNO|2023-01-09|1166300.0
2023-01-09 15:25:10.123456|JKTC|KNO|2023-01-09|1181300.0
2023-01-09 08:38:42.123456|JKTC|KNO|2023-01-09|1176300.0
2023-01-10 21:31:25.123456|JKTC|KNO|2023-01-10|1260500.0
2023-01-10 13:51:21.123456|JKTC|KNO|2023-01-10|1275500.0
2023-01-10 10:22:57.123456|JKTC|KNO|2023-01-10|1270500.0
2023-01-11 20:09:11.123456|JKTC|KNO|2023-01-11|1171200.0
2023-01-11 17:34:07.123456|JKTC|KNO|2023-01-11|1171200.0
2023-01-11 16:25:54.123456|JKTC|KNO|2023-01-11|1176200.0
2023-01-11 14:46:45.123456|JKTC|KNO|2023-01-11|1171200.0
2023-01-12 12:55:55.123456|JKTC|KNO|2023-01-12|1100300.0
2023-01-12 11:36:17.123456|JKTC|KNO|2023-01-12|1100300.0
2023-01-13 13:15:51.123456|JKTC|KNO|2023-01-13|1294300.0
2023-01-13 18:50:23.123456|JKTC|KNO|2023-01-13|1294300.0
2023-01-13 15:58:20.123456|JKTC|KNO|2023-01-13|1294300.0
2023-01-13 14:20:58.123456|JKTC|KNO|2023-01-13|1309300.0
2023-01-14 15:54:10.123456|JKTC|KNO|2023-01-14|1317900.0
2023-01-14 16:24:10.123456|JKTC|KNO|2023-01-14|1317900.0
2023-01-14 14:08:50.123456|JKTC|KNO|2023-01-14|1327900.0
2023-01-15 12:43:52.123456|JKTC|KNO|2023-01-15|1240400.0
2023-01-15 15:36:30.123456|JKTC|KNO|2023-01-15|1240400.0
2023-01-15 18:05:17.123456|JKTC|KNO|2023-01-15|1235400.0
2023-01-16 14:51:49.123456|JKTC|KNO|2023-01-16|1106700.0
2023-01-16 12:31:21.123456|JKTC|KNO|2023-01-16|1106700.0
2023-01-16 14:27:05.123456|JKTC|KNO|2023-01-16|1111700.0
2023-01-16 11:08:21.123456|JKTC|KNO|2023-01-16|1111700.0
2023-01-17 12:12:44.123456|JKTC|KNO|2023-01-17|1250800.0
2023-01-17 14:42:54.123456|JKTC|KNO|2023-01-17|1240800.0
2023-01-17 18:54:04.123456|JKTC|KNO|2023-01-17|1240800.0
2023-01-18 13:57:09.123456|JKTC|KNO|2023-01-18|1230500.0
2023-01-18 21:21:41.123456|JKTC|KNO|2023-01-18|1225500.0
2023-01-18 08:53:24.123456|JKTC|KNO|2023-01-18|1220500.0
2023-01-18 16:57:22.123456|JKTC|KNO|2023-01-18|1225500.0
2023-01-19 16:52:57.123456|JKTC|KNO|2023-01-19|1162800.0
2023-01-19 16:10:00.123456|JKTC|KNO|2023-01-19|1177800.0
2023-01-20 21:38:55.123456|JKTC|KNO|2023-01-20|1268300.0
2023-01-20 18:22:05.123456|JKTC|KNO|2023-01-20|1263300.0
2023-01-21 20:00:39.123456|JKTC|KNO|2023-01-21|1311800.0
2023-01-21 15:52:16.123456|JKTC|KNO|2023-01-21|1306800.0
2023-01-21 13:24:40.123456|JKTC|KNO|2023-01-21|1306800.0
2023-01-22 16:53:51.123456|JKTC|KNO|2023-01-22|1278000.0
2023-01-22 20:43:07.123456|JKTC|KNO|2023-01-22|1273000.0
2023-01-22 13:08:23.123456|JKTC|KNO|2023-01-22|1268000.0
2023-01-22 16:53:02.123456|JKTC|KNO|2023-01-22|1283000.0
2023-01-23 17:18:58.123456|JKTC|KNO|2023-01-23|1236200.0
2023-01-23 20:28:18.123456|JKTC|KNO|2023-01-23|1241200.0
2023-01-23 20:15:21.123456|JKTC|KNO|2023-01-23|1251200.0
2023-01-24 10:39:03.123456|JKTC|KNO|2023-01-24|1194800.0
2023-01-24 09:47:21.123456|JKTC|KNO|2023-01-24|1194800.0
2023-01-25 10:36:34.123456|JKTC|KNO|2023-01-25|1234800.0
2023-01-25 11:04:43.123456|JKTC|KNO|2023-01-25|1234800.0
2023-01-26 12:36:02.123456|JKTC|KNO|2023-01-26|1285500.0
2023-01-26 19:30:44.123456|JKTC|KNO|2023-01-26|1275500.0
2023-01-26 14:04:49.123456|JKTC|KNO|2023-01-26|1290500.0
2023-01-27 12:31:18.123456|JKTC|KNO|2023-01-27|1453600.0
2023-01-27 21:41:12.123456|JKTC|KNO|2023-01-27|1463600.0
2023-01-27 14:16:10.123456|JKTC|KNO|2023-01-27|1458600.0
2023-01-27 19:40:22.123456|JKTC|KNO|2023-01-27|1458600.0
2023-01-28 10:53:38.123456|JKTC|KNO|2023-01-28|1405600.0
2023-01-28 19:51:08.123456|JKTC|KNO|2023-01-28|1390600.0
2023-01-29 13:10:30.123456|JKTC|KNO|2023-01-29|1354200.0
2023-01-29 20:37:12.123456|JKTC|KNO|2023-01-29|1349200.0
2023-01-29 10:23:37.123456|JKTC|KNO|2023-01-29|1349200.0
2023-01-29 17:49:47.123456|JKTC|KNO|2023-01-29|1359200.0
2023-01-30 12:06:52.123456|JKTC|KNO|2023-01-30|1201900.0
2023-01-30 18:50:24.123456|JKTC|KNO|2023-01-30|1211900.0
2023-01-31 13:05:30.123456|JKTC|KNO|2023-01-31|1308000.0
2023-01-31 19:46:33.123456|JKTC|KNO|2023-01-31|1308000.0
2023-01-31 08:43:58.123456|JKTC|KNO|2023-01-31|1308000.0
2023-02-01 12:54:20.123456|JKTC|KNO|2023-02-01|1359500.0
2023-02-01 12:12:30.123456|JKTC|KNO|2023-02-01|1344500.0
2023-02-01 11:14:51.123456|JKTC|KNO|2023-02-01|1354500.0
2023-02-02 15:44:29.123456|JKTC|KNO|2023-02-02|1316400.0
2023-02-02 15:30:54.123456|JKTC|KNO|2023-02-02|1316400.0
2023-02-02 21:54:54.123456|JKTC|KNO|2023-02-02|1321400.0
2023-02-02 13:30:30.123456|JKTC|KNO|2023-02-02|1316400.0
2023-02-03 16:26:40.123456|JKTC|KNO|2023-02-03|1545400.0
2023-02-03 17:21:16.123456|JKTC|KNO|2023-02-03|1555400.0
2023-02-03 18:48:39.123456|JKTC|KNO|2023-02-03|1555400.0
2023-02-03 15:03:00.123456|JKTC|KNO|2023-02-03|1560400.0
2023-02-04 18:04:39.123456|JKTC|KNO|2023-02-04|1549600.0
2023-02-04 08:23:13.123456|JKTC|KNO|2023-02-04|1554600.0
2023-02-05 20:08:10.123456|JKTC|KNO|2023-02-05|1378700.0
2023-02-05 08:38:23.123456|JKTC|KNO|2023-02-05|1378700.0
2023-02-06 10:28:34.123456|JKTC|KNO|2023-02-06|1284500.0
2023-02-06 13:30:43.123456|JKTC|KNO|2023-02-06|1279500.0
2023-02-06 18:43:34.123456|JKTC|KNO|2023-02-06|1284500.0
2023-02-06 13:00:46.123456|JKTC|KNO|2023-02-06|1269500.0
2023-02-07 17:56:05.123456|JKTC|KNO|2023-02-07|1290500.0
2023-02-07 09:17:06.123456|JKTC|KNO|2023-02-07|1280500.0
2023-02-08 14:41:58.123456|JKTC|KNO|2023-02-08|1165400.0
2023-02-08 13:50:53.123456|JKTC|KNO|2023-02-08|1160400.0
2023-02-09 20:55:37.123456|JKTC|KNO|2023-02-09|1282800.0
2023-02-09 18:54:56.123456|JKTC|KNO|2023-02-09|1272800.0
2023-02-09 13:13:33.123456|JKTC|KNO|2023-02-09|1282800.0
2023-02-09 14:21:13.123456|JKTC|KNO|2023-02-09|1282800.0
2023-02-10 18:22:09.123456|JKTC|KNO|2023-02-10|1403100.0
2023-02-10 19:32:36.123456|JKTC|KNO|2023-02-10|1388100.0
2023-02-11 19:30:54.123456|JKTC|KNO|2023-02-11|1358800.0
2023-02-11 16:58:07.123456|JKTC|KNO|2023-02-11|1358800.0
2023-02-12 11:32:33.123456|JKTC|KNO|2023-02-12|1378200.0
2023-02-12 21:36:23.123456|JKTC|KNO|2023-02-12|1383200.0
2023-02-12 17:18:00.123456|JKTC|KNO|2023-02-12|1378200.0
2023-02-12 12:48:03.123456|JKTC|KNO|2023-02-12|1378200.0
2023-02-13 13:41:11.123456|JKTC|KNO|2023-02-13|1316200.0
2023-02-13 09:35:46.123456|JKTC|KNO|2023-02-13|1321200.0
2023-02-14 21:42:40.123456|JKTC|KNO|2023-02-14|1265800.0
2023-02-14 10:01:15.123456|JKTC|KNO|2023-02-14|1260800.0
2023-02-14 20:10:30.123456|JKTC|KNO|2023-02-14|1265800.0
2023-02-15 18:19:03.123456|JKTC|KNO|2023-02-15|1112000.0
2023-02-15 15:22:37.123456|JKTC|KNO|2023-02-15|1122000.0
2023-02-15 14:47:55.123456|JKTC|KNO|2023-02-15|1122000.0
2023-02-15 21:30:37.123456|JKTC|KNO|2023-02-15|1122000.0
2023-02-16 13:29:11.123456|JKTC|KNO|2023-02-16|1212100.0
2023-02-16 20:09:32.123456|JKTC|KNO|2023-02-16|1222100.0
2023-02-17 13:30:47.123456|JKTC|KNO|2023-02-17|1390600.0
2023-02-17 08:03:55.123456|JKTC|KNO|2023-02-17|1400600.0
2023-02-17 19:37:35.123456|JKTC|KNO|2023-02-17|1390600.0
2023-02-17 18:23:08.123456|JKTC|KNO|2023-02-17|1395600.0
2023-02-18 16:05:00.123456|JKTC|KNO|2023-02-18|1375400.0
2023-02-18 18:31:39.123456|JKTC|KNO|2023-02-18|1385400.0
2023-02-18 13:21:23.123456|JKTC|KNO|2023-02-18|1370400.0
2023-02-19 12:08:22.123456|JKTC|KNO|2023-02-19|1423900.0
2023-02-19 20:40:02.123456|JKTC|KNO|2023-02-19|1433900.0
2023-02-20 14:36:54.123456|JKTC|KNO|2023-02-20|1253300.0
2023-02-20 12:12:34.123456|JKTC|KNO|2023-02-20|1253300.0
2023-02-21 21:40:10.123456|JKTC|KNO|2023-02-21|1296800.0
2023-02-21 16:39:43.123456|JKTC|KNO|2023-02-21|1311800.0
2023-02-22 21:44:28.123456|JKTC|KNO|2023-02-22|1364900.0
2023-02-22 10:02:04.123456|JKTC|KNO|2023-02-22|1354900.0
2023-02-22 13:42:41.123456|JKTC|KNO|2023-02-22|1364900.0
2023-02-23 16:05:52.123456|JKTC|KNO|2023-02-23|1312200.0
2023-02-23 19:22:40.123456|JKTC|KNO|2023-02-23|1307200.0
2023-02-23 10:43:02.123456|JKTC|KNO|2023-02-23|1312200.0
2023-02-23 17:02:10.123456|JKTC|KNO|2023-02-23|1307200.0
2023-02-24 14:29:23.123456|JKTC|KNO|2023-02-24|1436200.0
2023-02-24 10:05:29.123456|JKTC|KNO|2023-02-24|1436200.0
2023-02-25 11:33:02.123456|JKTC|KNO|2023-02-25|1412900.0
2023-02-25 08:46:24.123456|JKTC|KNO|2023-02-25|1412900.0
2023-02-26 12:57:16.123456|JKTC|KNO|2023-02-26|1506100.0
2023-02-26 12:21:12.123456|JKTC|KNO|2023-02-26|1506100.0
2023-02-26 21:48:55.123456|JKTC|KNO|2023-02-26|1496100.0
2023-02-27 21:55:03.123456|JKTC|KNO|2023-02-27|1360900.0
2023-02-27 19:53:00.123456|JKTC|KNO|2023-02-27|1360900.0
2023-02-27 21:06:49.123456|JKTC|KNO|2023-02-27|1365900.0
2023-02-27 11:22:49.123456|JKTC|KNO|2023-02-27|1355900.0
2023-02-28 18:05:16.123456|JKTC|KNO|2023-02-28|1350500.0
2023-02-28 11:07:18.123456|JKTC|KNO|2023-02-28|1355500.0
2023-02-28 16:56:15.123456|JKTC|KNO|2023-02-28|1350500.0
2023-02-28 14:24:47.123456|JKTC|KNO|2023-02-28|1360500.0
2023-03-01 15:13:58.123456|JKTC|KNO|2023-03-01|1338400.0
2023-03-01 17:06:42.123456|JKTC|KNO|2023-03-01|1328400.0
2023-03-01 08:45:23.123456|JKTC|KNO|2023-03-01|1333400.0
2023-03-02 19:05:12.123456|JKTC|KNO|2023-03-02|1293200.0
2023-03-02 16:24:35.123456|JKTC|KNO|2023-03-02|1298200.0
2023-03-02 19:32:53.123456|JKTC|KNO|2023-03-02|1298200.0
2023-03-03 21:57:37.123456|JKTC|KNO|2023-03-03|1489800.0
2023-03-03 19:32:00.123456|JKTC|KNO|2023-03-03|1479800.0
2023-03-03 18:07:25.123456|JKTC|KNO|2023-03-03|1494800.0
2023-03-04 09:21:03.123456|JKTC|KNO|2023-03-04|1554200.0
2023-03-04 14:52:18.123456|JKTC|KNO|2023-03-04|1559200.0
2023-03-04 11:11:35.123456|JKTC|KNO|2023-03-04|1559200.0
2023-03-05 21:27:33.123456|JKTC|KNO|2023-03-05|1455700.0
2023-03-05 21:54:36.123456|JKTC|KNO|2023-03-05|1450700.0
2023-03-05 13:37:40.123456|JKTC|KNO|2023-03-05|1450700.0
2023-03-05 09:18:05.123456|JKTC|KNO|2023-03-05|1460700.0
2023-03-06 08:43:35.123456|JKTC|KNO|2023-03-06|1358100.0
2023-03-06 20:22:11.123456|JKTC|KNO|2023-03-06|1348100.0
2023-03-06 09:42:26.123456|JKTC|KNO|2023-03-06|1353100.0
2023-03-07 19:42:35.123456|JKTC|KNO|2023-03-07|1415700.0
2023-03-07 08:24:05.123456|JKTC|KNO|2023-03-07|1415700.0
2023-03-07 13:28:09.123456|JKTC|KNO|2023-03-07|1415700.0
2023-03-08 08:54:47.123456|JKTC|KNO|2023-03-08|1356800.0
2023-03-08 18:55:37.123456|JKTC|KNO|2023-03-08|1366800.0
2023-03-08 15:06:03.123456|JKTC|KNO|2023-03-08|1366800.0
2023-03-08 11:01:34.123456|JKTC|KNO|2023-03-08|1356800.0
2023-03-09 13:18:27.123456|JKTC|KNO|2023-03-09|1338400.0
2023-03-09 14:07:44.123456|JKTC|KNO|2023-03-09|1328400.0
2023-03-10 19:49:29.123456|JKTC|KNO|2023-03-10|1434100.0
2023-03-10 12:06:42.123456|JKTC|KNO|2023-03-10|1444100.0
2023-03-11 17:02:24.123456|JKTC|KNO|2023-03-11|1528500.0
2023-03-11 15:34:39.123456|JKTC|KNO|2023-03-11|1513500.0
2023-03-11 21:40:58.123456|JKTC|KNO|2023-03-11|1513500.0
2023-03-11 08:02:17.123456|JKTC|KNO|2023-03-11|1528500.0
2023-03-12 20:28:45.123456|JKTC|KNO|2023-03-12|1451400.0
2023-03-12 10:05:35.123456|JKTC|KNO|2023-03-12|1451400.0
2023-03-13 14:28:22.123456|JKTC|KNO|2023-03-13|1306900.0
2023-03-13 15:19:29.123456|JKTC|KNO|2023-03-13|1296900.0
2023-03-14 20:38:17.123456|JKTC|KNO|2023-03-14|1239600.0
2023-03-14 10:32:03.123456|JKTC|KNO|2023-03-14|1244600.0
2023-03-15 15:26:22.123456|JKTC|KNO|2023-03-15|1230200.0
2023-03-15 11:13:45.123456|JKTC|KNO|2023-03-15|1230200.0
2023-03-15 19:31:48.123456|JKTC|KNO|2023-03-15|1235200.0
2023-03-15 21:52:19.123456|JKTC|KNO|2023-03-15|1225200.0
2023-03-16 15:16:15.123456|JKTC|KNO|2023-03-16|1220800.0
2023-03-16 14:18:20.123456|JKTC|KNO|2023-03-16|1205800.0
2023-03-16 14:25:13.123456|JKTC|KNO|2023-03-16|1220800.0
2023-03-17 18:07:13.123456|JKTC|KNO|2023-03-17|1455600.0
2023-03-17 21:27:39.123456|JKTC|KNO|2023-03-17|1455600.0
2023-03-18 17:03:55.123456|JKTC|KNO|2023-03-18|1309900.0
2023-03-18 17:33:01.123456|JKTC|KNO|2023-03-18|1324900.0
2023-03-19 16:43:52.123456|JKTC|KNO|2023-03-19|1395500.0
2023-03-19 19:53:26.123456|JKTC|KNO|2023-03-19|1395500.0
2023-03-19 17:29:01.123456|JKTC|KNO|2023-03-19|1405500.0
2023-03-20 09:08:14.123456|JKTC|KNO|2023-03-20|1249800.0
2023-03-20 09:21:16.123456|JKTC|KNO|2023-03-20|1254800.0
2023-03-20 20:07:42.123456|JKTC|KNO|2023-03-20|1239800.0
2023-03-20 13:26:55.123456|JKTC|KNO|2023-03-20|1239800.0
2023-03-21 12:55:43.123456|JKTC|KNO|2023-03-21|1275200.0
2023-03-21 11:21:35.123456|JKTC|KNO|2023-03-21|1275200.0
2023-03-21 10:08:33.123456|JKTC|KNO|2023-03-21|1275200.0
2023-03-21 17:12:49.123456|JKTC|KNO|2023-03-21|1275200.0
2023-03-22 18:51:01.123456|JKTC|KNO|2023-03-22|1312600.0
2023-03-22 14:13:58.123456|JKTC|KNO|2023-03-22|1327600.0
2023-03-23 17:32:18.123456|JKTC|KNO|2023-03-23|1426900.0
2023-03-23 14:27:20.123456|JKTC|KNO|2023-03-23|1426900.0
2023-03-23 15:17:22.123456|JKTC|KNO|2023-03-23|1441900.0
2023-03-24 12:27:37.123456|JKTC|KNO|2023-03-24|1556600.0
2023-03-24 16:12:40.123456|JKTC|KNO|2023-03-24|1551600.0
2023-03-24 11:45:38.123456|JKTC|KNO|2023-03-24|1546600.0
2023-03-24 21:07:33.123456|JKTC|KNO|2023-03-24|1556600.0
2023-03-25 13:49:49.123456|JKTC|KNO|2023-03-25|1527600.0
2023-03-25 11:40:57.123456|JKTC|KNO|2023-03-25|1532600.0
2023-03-25 20:49:57.123456|JKTC|KNO|2023-03-25|1527600.0
2023-03-26 15:32:00.123456|JKTC|KNO|2023-03-26|1534100.0
2023-03-26 19:42:53.123456|JKTC|KNO|2023-03-26|1534100.0
2023-03-27 19:07:18.123456|JKTC|KNO|2023-03-27|1384200.0
2023-03-27 18:45:57.123456|JKTC|KNO|2023-03-27|1379200.0
2023-03-28 12:17:08.123456|JKTC|KNO|2023-03-28|1411200.0
2023-03-28 18:11:34.123456|JKTC|KNO|2023-03-28|1406200.0
2023-03-28 18:39:06.123456|JKTC|KNO|2023-03-28|1406200.0
2023-03-29 16:11:47.123456|JKTC|KNO|2023-03-29|1434800.0
2023-03-29 08:29:54.123456|JKTC|KNO|2023-03-29|1429800.0
2023-03-29 20:12:15.123456|JKTC|KNO|2023-03-29|1429800.0
2023-03-29 19:26:33.123456|JKTC|KNO|2023-03-29|1434800.0
2023-03-30 13:09:40.123456|JKTC|KNO|2023-03-30|1392400.0
2023-03-30 08:19:01.123456|JKTC|KNO|2023-03-30|1382400.0
2023-03-30 08:06:47.123456|JKTC|KNO|2023-03-30|1387400.0
2023-03-30 21:39:05.123456|JKTC|KNO|2023-03-30|1392400.0
2023-03-31 20:01:57.123456|JKTC|KNO|2023-03-31|1413700.0
2023-03-31 10:15:30.123456|JKTC|KNO|2023-03-31|1403700.0
2023-03-31 08:13:58.123456|JKTC|KNO|2023-03-31|1413700.0
2023-03-31 12:40:41.123456|JKTC|KNO|2023-03-31|1418700.0
2023-04-01 19:41:50.123456|JKTC|KNO|2023-04-01|1550000.0
2023-04-01 21:25:35.123456|JKTC|KNO|2023-04-01|1550000.0
2023-04-01 12:11:31.123456|JKTC|KNO|2023-04-01|1550000.0
2023-04-02 19:52:17.123456|JKTC|KNO|2023-04-02|1483600.0
2023-04-02 15:00:14.123456|JKTC|KNO|2023-04-02|1473600.0
2023-04-03 12:22:30.123456|JKTC|KNO|2023-04-03|1458200.0
2023-04-03 12:16:09.123456|JKTC|KNO|2023-04-03|1473200.0
2023-04-04 12:19:25.123456|JKTC|KNO|2023-04-04|1387200.0
2023-04-04 08:12:35.123456|JKTC|KNO|2023-04-04|1392200.0
2023-04-04 21:41:00.123456|JKTC|KNO|2023-04-04|1397200.0
2023-04-05 21:21:38.123456|JKTC|KNO|2023-04-05|1366400.0
2023-04-05 09:39:57.123456|JKTC|KNO|2023-04-05|1366400.0
2023-04-05 17:22:34.123456|JKTC|KNO|2023-04-05|1366400.0
2023-04-05 12:19:07.123456|JKTC|KNO|2023-04-05|1366400.0
2023-04-06 19:33:14.123456|JKTC|KNO|2023-04-06|1396500.0
2023-04-06 09:37:54.123456|JKTC|KNO|2023-04-06|1396500.0
2023-04-07 18:39:56.123456|JKTC|KNO|2023-04-07|1609800.0
2023-04-07 17:10:28.123456|JKTC|KNO|2023-04-07|1614800.0
2023-04-08 13:10:39.123456|JKTC|KNO|2023-04-08|1641300.0
2023-04-08 18:23:05.123456|JKTC|KNO|2023-04-08|1641300.0
2023-04-09 17:17:39.123456|JKTC|KNO|2023-04-09|1703500.0
2023-04-09 11:01:57.123456|JKTC|KNO|2023-04-09|1718500.0
2023-04-09 21:26:24.123456|JKTC|KNO|2023-04-09|1703500.0
2023-04-09 10:29:27.123456|JKTC|KNO|2023-04-09|1708500.0
2023-04-10 20:24:45.123456|JKTC|KNO|2023-04-10|1435500.0
2023-04-10 14:14:32.123456|JKTC|KNO|2023-04-10|1440500.0
2023-04-10 11:21:26.123456|JKTC|KNO|2023-04-10|1435500.0
2023-04-10 13:35:16.123456|JKTC|KNO|2023-04-10|1435500.0
2023-04-11 15:07:04.123456|JKTC|KNO|2023-04-11|1435900.0
2023-04-11 19:37:25.123456|JKTC|KNO|2023-04-11|1445900.0
2023-04-11 12:54:26.123456|JKTC|KNO|2023-04-11|1450900.0
2023-04-12 09:29:04.123456|JKTC|KNO|2023-04-12|1473300.0
2023-04-12 09:21:55.123456|JKTC|KNO|2023-04-12|1473300.0
2023-04-12 19:23:51.123456|JKTC|KNO|2023-04-12|1473300.0
2023-04-12 12:32:58.123456|JKTC|KNO|2023-04-12|1473300.0
2023-04-13 21:29:29.123456|JKTC|KNO|2023-04-13|1550500.0
2023-04-13 21:13:33.123456|JKTC|KNO|2023-04-13|1540500.0
2023-04-13 20:14:32.123456|JKTC|KNO|2023-04-13|1545500.0
2023-04-13 08:31:58.123456|JKTC|KNO|2023-04-13|1535500.0
2023-04-14 11:13:17.123456|JKTC|KNO|2023-04-14|1739000.0
2023-04-14 17:06:49.123456|JKTC|KNO|2023-04-14|1739000.0
2023-04-14 11:02:04.123456|JKTC|KNO|2023-04-14|1744000.0
2023-04-14 16:25:32.123456|JKTC|KNO|2023-04-14|1744000.0
2023-04-15 14:36:52.123456|JKTC|KNO|2023-04-15|1731600.0
2023-04-15 15:27:46.123456|JKTC|KNO|2023-04-15|1746600.0
2023-04-15 17:48:07.123456|JKTC|KNO|2023-04-15|1741600.0
2023-04-16 10:33:36.123456|JKTC|KNO|2023-04-16|1796700.0
2023-04-16 15:55:36.123456|JKTC|KNO|2023-04-16|1791700.0
2023-04-16 14:58:21.123456|JKTC|KNO|2023-04-16|1796700.0
2023-04-17 21:07:25.123456|JKTC|KNO|2023-04-17|1699200.0
2023-04-17 14:10:16.123456|JKTC|KNO|2023-04-17|1714200.0
2023-04-17 21:44:44.123456|JKTC|KNO|2023-04-17|1704200.0
2023-04-18 10:05:22.123456|JKTC|KNO|2023-04-18|1651100.0
2023-04-18 14:03:10.123456|JKTC|KNO|2023-04-18|1651100.0
2023-04-18 19:54:07.123456|JKTC|KNO|2023-04-18|1656100.0
2023-04-18 17:21:06.123456|JKTC|KNO|2023-04-18|1656100.0
2023-04-19 12:33:17.123456|JKTC|KNO|2023-04-19|1793400.0
2023-04-19 14:52:15.123456|JKTC|KNO|2023-04-19|1788400.0
2023-04-20 16:42:56.123456|JKTC|KNO|2023-04-20|1850000.0
2023-04-20 12:46:52.123456|JKTC|KNO|2023-04-20|1860000.0
2023-04-20 16:18:24.123456|JKTC|KNO|2023-04-20|1850000.0
2023-04-20 09:54:48.123456|JKTC|KNO|2023-04-20|1860000.0
2023-04-21 15:05:18.123456|JKTC|KNO|2023-04-21|1845000.0
2023-04-21 17:19:49.123456|JKTC|KNO|2023-04-21|1845000.0
2023-04-21 20:15:07.123456|JKTC|KNO|2023-04-21|1845000.0
2023-04-22 13:18:18.123456|JKTC|KNO|2023-04-22|1850000.0
2023-04-22 14:40:37.123456|JKTC|KNO|2023-04-22|1860000.0
2023-04-23 19:33:22.123456|JKTC|KNO|2023-04-23|1850000.0
2023-04-23 21:50:46.123456|JKTC|KNO|2023-04-23|1860000.0
2023-04-23 17:41:55.123456|JKTC|KNO|2023-04-23|1855000.0
2023-04-23 13:04:23.123456|JKTC|KNO|2023-04-23|1855000.0
2023-04-24 17:38:36.123456|JKTC|KNO|2023-04-24|1775300.0
2023-04-24 13:17:18.123456|JKTC|KNO|2023-04-24|1780300.0
2023-04-24 11:42:20.123456|JKTC|KNO|2023-04-24|1780300.0
2023-04-25 12:22:13.123456|JKTC|KNO|2023-04-25|1702400.0
2023-04-25 09:57:36.123456|JKTC|KNO|2023-04-25|1712400.0
2023-04-25 09:51:29.123456|JKTC|KNO|2023-04-25|1717400.0
2023-04-26 14:34:16.123456|JKTC|KNO|2023-04-26|1702000.0
2023-04-26 09:07:09.123456|JKTC|KNO|2023-04-26|1687000.0
2023-04-27 11:22:53.123456|JKTC|KNO|2023-04-27|1712300.0
2023-04-27 21:12:30.123456|JKTC|KNO|2023-04-27|1697300.0
2023-04-27 21:36:27.123456|JKTC|KNO|2023-04-27|1707300.0
2023-04-28 21:29:22.123456|JKTC|KNO|2023-04-28|1761500.0
2023-04-28 11:32:02.123456|JKTC|KNO|2023-04-28|1756500.0
2023-04-28 11:47:19.123456|JKTC|KNO|2023-04-28|1751500.0
2023-04-28 13:06:00.123456|JKTC|KNO|2023-04-28|1746500.0
2023-04-29 19:29:12.123456|JKTC|KNO|2023-04-29|1817100.0
2023-04-29 13:10:18.123456|JKTC|KNO|2023-04-29|1822100.0
2023-04-29 18:40:16.123456|JKTC|KNO|2023-04-29|1827100.0
2023-04-29 20:08:15.123456|JKTC|KNO|2023-04-29|1827100.0
2023-04-30 18:30:07.123456|JKTC|KNO|2023-04-30|1855000.0
2023-04-30 13:52:54.123456|JKTC|KNO|2023-04-30|1850000.0
2023-04-30 11:15:26.123456|JKTC|KNO|2023-04-30|1855000.0
2023-05-01 09:39:40.123456|JKTC|KNO|2023-05-01|1479600.0
2023-05-01 19:14:31.123456|JKTC|KNO|2023-05-01|1489600.0
2023-05-02 17:41:23.123456|JKTC|KNO|2023-05-02|1485700.0
2023-05-02 15:04:22.123456|JKTC|KNO|2023-05-02|1485700.0
2023-05-02 09:10:38.123456|JKTC|KNO|2023-05-02|1500700.0
2023-05-03 11:45:31.123456|JKTC|KNO|2023-05-03|1412100.0
2023-05-03 20:41:50.123456|JKTC|KNO|2023-05-03|1412100.0
2023-05-03 13:53:31.123456|JKTC|KNO|2023-05-03|1412100.0
2023-05-04 11:11:40.123456|JKTC|KNO|2023-05-04|1534500.0
2023-05-04 08:45:25.123456|JKTC|KNO|2023-05-04|1534500.0
2023-05-04 20:45:37.123456|JKTC|KNO|2023-05-04|1529500.0
2023-05-04 17:29:07.123456|JKTC|KNO|2023-05-04|1529500.0
2023-05-05 21:13:02.123456|JKTC|KNO|2023-05-05|1616300.0
2023-05-05 08:22:48.123456|JKTC|KNO|2023-05-05|1611300.0
2023-05-06 09:03:30.123456|JKTC|KNO|2023-05-06|1537500.0
2023-05-06 16:30:44.123456|JKTC|KNO|2023-05-06|1542500.0
2023-05-06 11:24:23.123456|JKTC|KNO|2023-05-06|1542500.0
2023-05-06 18:20:07.123456|JKTC|KNO|2023-05-06|1542500.0
2023-05-07 14:06:53.123456|JKTC|KNO|2023-05-07|1513300.0
2023-05-07 12:00:16.123456|JKTC|KNO|2023-05-07|1498300.0
2023-05-08 11:51:24.123456|JKTC|KNO|2023-05-08|1260600.0
2023-05-08 21:54:12.123456|JKTC|KNO|2023-05-08|1270600.0
2023-05-08 14:03:44.123456|JKTC|KNO|2023-05-08|1275600.0
2023-05-08 14:35:22.123456|JKTC|KNO|2023-05-08|1275600.0
2023-05-09 21:43:47.123456|JKTC|KNO|2023-05-09|1303300.0
2023-05-09 14:28:38.123456|JKTC|KNO|2023-05-09|1313300.0
2023-05-09 12:32:03.123456|JKTC|KNO|2023-05-09|1303300.0
2023-05-09 12:00:01.123456|JKTC|KNO|2023-05-09|1303300.0
2023-05-10 18:22:00.123456|JKTC|KNO|2023-05-10|1298700.0
2023-05-10 09:45:55.123456|JKTC|KNO|2023-05-10|1298700.0
2023-05-10 12:53:49.123456|JKTC|KNO|2023-05-10|1288700.0
2023-05-11 16:33:23.123456|JKTC|KNO|2023-05-11|1274100.0
2023-05-11 21:50:23.123456|JKTC|KNO|2023-05-11|1269100.0
2023-05-11 13:42:22.123456|JKTC|KNO|2023-05-11|1274100.0
2023-05-12 16:42:17.123456|JKTC|KNO|2023-05-12|1306200.0
2023-05-12 21:17:01.123456|JKTC|KNO|2023-05-12|1291200.0
2023-05-13 14:48:38.123456|JKTC|KNO|2023-05-13|1454300.0
2023-05-13 11:26:25.123456|JKTC|KNO|2023-05-13|1459300.0
2023-05-13 14:54:01.123456|JKTC|KNO|2023-05-13|1454300.0
2023-05-14 11:16:02.123456|JKTC|KNO|2023-05-14|1441800.0
2023-05-14 18:35:37.123456|JKTC|KNO|2023-05-14|1436800.0
2023-05-14 18:36:22.123456|JKTC|KNO|2023-05-14|1431800.0
2023-05-15 10:09:06.123456|JKTC|KNO|2023-05-15|1223100.0
2023-05-15 21:19:44.123456|JKTC|KNO|2023-05-15|1233100.0
2023-05-15 12:31:21.123456|JKTC|KNO|2023-05-15|1223100.0
2023-05-15 16:02:49.123456|JKTC|KNO|2023-05-15|1228100.0
2023-05-16 18:49:47.123456|JKTC|KNO|2023-05-16|1187100.0
2023-05-16 18:11:08.123456|JKTC|KNO|2023-05-16|1197100.0
2023-05-16 18:40:09.123456|JKTC|KNO|2023-05-16|1197100.0
2023-05-17 14:12:15.123456|JKTC|KNO|2023-05-17|1177000.0
2023-05-17 16:28:27.123456|JKTC|KNO|2023-05-17|1177000.0
2023-05-17 13:22:10.123456|JKTC|KNO|2023-05-17|1182000.0
2023-05-18 12:17:16.123456|JKTC|KNO|2023-05-18|1266700.0
2023-05-18 13:45:35.123456|JKTC|KNO|2023-05-18|1281700.0
2023-05-18 08:05:47.123456|JKTC|KNO|2023-05-18|1266700.0
2023-05-19 21:01:22.123456|JKTC|KNO|2023-05-19|1427000.0
2023-05-19 21:15:32.123456|JKTC|KNO|2023-05-19|1422000.0
2023-05-19 17:44:19.123456|JKTC|KNO|2023-05-19|1432000.0
2023-05-19 17:29:18.123456|JKTC|KNO|2023-05-19|1432000.0
2023-05-20 19:36:54.123456|JKTC|KNO|2023-05-20|1388500.0
2023-05-20 10:48:14.123456|JKTC|KNO|2023-05-20|1393500.0
2023-05-20 13:35:23.123456|JKTC|KNO|2023-05-20|1383500.0
2023-05-20 10:30:11.123456|JKTC|KNO|2023-05-20|1388500.0
2023-05-21 14:03:42.123456|JKTC|KNO|2023-05-21|1341300.0
2023-05-21 09:01:56.123456|JKTC|KNO|2023-05-21|1341300.0
2023-05-21 11:10:51.123456|JKTC|KNO|2023-05-21|1341300.0
2023-05-21 20:27:53.123456|JKTC|KNO|2023-05-21|1341300.0
2023-05-22 09:37:05.123456|JKTC|KNO|2023-05-22|1269100.0
2023-05-22 17:12:36.123456|JKTC|KNO|2023-05-22|1259100.0
2023-05-23 18:01:03.123456|JKTC|KNO|2023-05-23|1269000.0
2023-05-23 16:58:34.123456|JKTC|KNO|2023-05-23|1259000.0
2023-05-23 12:34:11.123456|JKTC|KNO|2023-05-23|1264000.0
2023-05-23 18:20:48.123456|JKTC|KNO|2023-05-23|1274000.0
2023-05-24 13:44:17.123456|JKTC|KNO|2023-05-24|1249000.0
2023-05-24 21:31:37.123456|JKTC|KNO|2023-05-24|1249000.0
2023-05-24 16:25:12.123456|JKTC|KNO|2023-05-24|1259000.0
2023-05-24 19:16:22.123456|JKTC|KNO|2023-05-24|1254000.0
2023-05-25 08:21:57.123456|JKTC|KNO|2023-05-25|1309700.0
2023-05-25 16:04:26.123456|JKTC|KNO|2023-05-25|1309700.0
2023-05-26 14:35:47.123456|JKTC|KNO|2023-05-26|1451800.0
2023-05-26 20:38:18.123456|JKTC|KNO|2023-05-26|1461800.0
2023-05-26 19:04:52.123456|JKTC|KNO|2023-05-26|1461800.0
2023-05-26 17:39:04.123456|JKTC|KNO|2023-05-26|1451800.0
2023-05-27 08:27:56.123456|JKTC|KNO|2023-05-27|1453000.0
2023-05-27 21:33:12.123456|JKTC|KNO|2023-05-27|1443000.0
2023-05-27 14:51:15.123456|JKTC|KNO|2023-05-27|1443000.0
2023-05-27 16:31:30.123456|JKTC|KNO|2023-05-27|1443000.0
2023-05-28 09:07:55.123456|JKTC|KNO|2023-05-28|1467600.0
2023-05-28 21:40:00.123456|JKTC|KNO|2023-05-28|1482600.0
2023-05-28 20:03:15.123456|JKTC|KNO|2023-05-28|1472600.0
2023-05-29 19:43:45.123456|JKTC|KNO|2023-05-29|1313100.0
2023-05-29 10:02:09.123456|JKTC|KNO|2023-05-29|1328100.0
2023-05-29 12:51:22.123456|JKTC|KNO|2023-05-29|1318100.0
2023-05-29 21:13:14.123456|JKTC|KNO|2023-05-29|1328100.0
2023-05-30 20:27:56.123456|JKTC|KNO|2023-05-30|1274900.0
2023-05-30 09:38:26.123456|JKTC|KNO|2023-05-30|1264900.0
2023-05-31 08:19:41.123456|JKTC|KNO|2023-05-31|1315300.0
2023-05-31 10:50:36.123456|JKTC|KNO|2023-05-31|1310300.0
2023-05-31 10:40:21.123456|JKTC|KNO|2023-05-31|1325300.0
2023-05-31 08:37:56.123456|JKTC|KNO|2023-05-31|1325300.0
2023-06-01 18:54:00.123456|JKTC|KNO|2023-06-01|1239000.0
2023-06-01 15:56:18.123456|JKTC|KNO|2023-06-01|1224000.0
2023-06-02 18:02:51.123456|JKTC|KNO|2023-06-02|1511200.0
2023-06-02 18:24:19.123456|JKTC|KNO|2023-06-02|1506200.0
2023-06-02 20:47:48.123456|JKTC|KNO|2023-06-02|1501200.0
2023-06-03 09:01:28.123456|JKTC|KNO|2023-06-03|1396700.0
2023-06-03 13:16:08.123456|JKTC|KNO|2023-06-03|1386700.0
2023-06-04 14:11:05.123456|JKTC|KNO|2023-06-04|1375200.0
2023-06-04 17:12:38.123456|JKTC|KNO|2023-06-04|1380200.0
2023-06-05 19:28:47.123456|JKTC|KNO|2023-06-05|1263700.0
2023-06-05 10:42:47.123456|JKTC|KNO|2023-06-05|1273700.0
2023-06-05 21:34:23.123456|JKTC|KNO|2023-06-05|1263700.0
2023-06-05 18:31:51.123456|JKTC|KNO|2023-06-05|1278700.0
2023-06-06 11:51:03.123456|JKTC|KNO|2023-06-06|1225100.0
2023-06-06 14:52:07.123456|JKTC|KNO|2023-06-06|1220100.0
2023-06-06 17:33:13.123456|JKTC|KNO|2023-06-06|1210100.0
2023-06-06 12:02:18.123456|JKTC|KNO|2023-06-06|1225100.0
2023-06-07 08:43:13.123456|JKTC|KNO|2023-06-07|1230000.0
2023-06-07 16:06:27.123456|JKTC|KNO|2023-06-07|1235000.0
2023-06-07 13:03:07.123456|JKTC|KNO|2023-06-07|1220000.0
2023-06-08 09:36:26.123456|JKTC|KNO|2023-06-08|1196000.0
2023-06-08 16:53:35.123456|JKTC|KNO|2023-06-08|1196000.0
2023-06-08 10:28:01.123456|JKTC|KNO|2023-06-08|1191000.0
2023-06-08 10:45:12.123456|JKTC|KNO|2023-06-08|1186000.0
2023-06-09 09:44:25.123456|JKTC|KNO|2023-06-09|1288300.0
2023-06-09 11:40:47.123456|JKTC|KNO|2023-06-09|1288300.0
2023-06-10 21:58:03.123456|JKTC|KNO|2023-06-10|1318100.0
2023-06-10 08:49:36.123456|JKTC|KNO|2023-06-10|1313100.0
2023-06-10 15:49:56.123456|JKTC|KNO|2023-06-10|1318100.0
2023-06-10 14:50:28.123456|JKTC|KNO|2023-06-10|1308100.0
2023-06-11 19:06:57.123456|JKTC|KNO|2023-06-11|1368200.0
2023-06-11 18:28:31.123456|JKTC|KNO|2023-06-11|1378200.0
2023-06-11 12:02:09.123456|JKTC|KNO|2023-06-11|1373200.0
2023-06-12 13:42:16.123456|JKTC|KNO|2023-06-12|1207000.0
2023-06-12 12:03:46.123456|JKTC|KNO|2023-06-12|1197000.0
2023-06-12 08:18:04.123456|JKTC|KNO|2023-06-12|1202000.0
2023-06-12 15:41:51.123456|JKTC|KNO|2023-06-12|1197000.0
2023-06-13 11:47:43.123456|JKTC|KNO|2023-06-13|1168600.0
2023-06-13 15:44:18.123456|JKTC|KNO|2023-06-13|1168600.0
2023-06-13 10:53:53.123456|JKTC|KNO|2023-06-13|1173600.0
2023-06-13 12:15:12.123456|JKTC|KNO|2023-06-13|1158600.0
2023-06-14 15:45:25.123456|JKTC|KNO|2023-06-14|1096300.0
2023-06-14 13:08:54.123456|JKTC|KNO|2023-06-14|1106300.0
2023-06-14 17:29:02.123456|JKTC|KNO|2023-06-14|1106300.0
2023-06-14 12:38:20.123456|JKTC|KNO|2023-06-14|1096300.0
2023-06-15 16:28:02.123456|JKTC|KNO|2023-06-15|1198700.0
2023-06-15 20:11:56.123456|JKTC|KNO|2023-06-15|1198700.0
2023-06-16 21:32:05.123456|JKTC|KNO|2023-06-16|1210900.0
2023-06-16 13:05:14.123456|JKTC|KNO|2023-06-16|1210900.0
2023-06-17 13:58:42.123456|JKTC|KNO|2023-06-17|1242700.0
2023-06-17 19:38:15.123456|JKTC|KNO|2023-06-17|1237700.0
2023-06-17 11:11:37.123456|JKTC|KNO|2023-06-17|1237700.0
2023-06-17 13:42:00.123456|JKTC|KNO|2023-06-17|1237700.0
2023-06-18 15:47:56.123456|JKTC|KNO|2023-06-18|1292400.0
2023-06-18 16:35:12.123456|JKTC|KNO|2023-06-18|1292400.0
2023-06-18 18:43:25.123456|JKTC|KNO|2023-06-18|1302400.0
2023-06-19 17:05:11.123456|JKTC|KNO|2023-06-19|1068800.0
2023-06-19 21:00:50.123456|JKTC|KNO|2023-06-19|1063800.0
2023-06-19 10:51:43.123456|JKTC|KNO|2023-06-19|1068800.0
2023-06-20 16:25:14.123456|JKTC|KNO|2023-06-20|1061300.0
2023-06-20 09:25:53.123456|JKTC|KNO|2023-06-20|1046300.0
2023-06-21 09:18:09.123456|JKTC|KNO|2023-06-21|1186800.0
2023-06-21 12:08:48.123456|JKTC|KNO|2023-06-21|1171800.0
2023-06-21 12:11:31.123456|JKTC|KNO|2023-06-21|1176800.0
2023-06-22 18:33:40.123456|JKTC|KNO|2023-06-22|1160000.0
2023-06-22 16:13:14.123456|JKTC|KNO|2023-06-22|1165000.0
2023-06-22 13:33:32.123456|JKTC|KNO|2023-06-22|1160000.0
2023-06-22 21:34:55.123456|JKTC|KNO|2023-06-22|1165000.0
2023-06-23 19:23:25.123456|JKTC|KNO|2023-06-23|1301200.0
2023-06-23 19:27:34.123456|JKTC|KNO|2023-06-23|1306200.0
2023-06-24 20:07:52.123456|JKTC|KNO|2023-06-24|1315000.0
2023-06-24 13:17:37.123456|JKTC|KNO|2023-06-24|1315000.0
2023-06-25 21:30:10.123456|JKTC|KNO|2023-06-25|1352800.0
2023-06-25 14:39:49.123456|JKTC|KNO|2023-06-25|1357800.0
2023-06-25 17:37:35.123456|JKTC|KNO|2023-06-25|1347800.0
2023-06-26 17:53:15.123456|JKTC|KNO|2023-06-26|1255800.0
2023-06-26 20:20:17.123456|JKTC|KNO|2023-06-26|1255800.0
2023-06-26 14:15:40.123456|JKTC|KNO|2023-06-26|1265800.0
2023-06-27 12:22:09.123456|JKTC|KNO|2023-06-27|1149300.0
2023-06-27 13:49:00.123456|JKTC|KNO|2023-06-27|1149300.0
2023-06-27 09:41:43.123456|JKTC|KNO|2023-06-27|1154300.0
2023-06-28 10:22:42.123456|JKTC|KNO|2023-06-28|1220000.0
2023-06-28 18:56:42.123456|JKTC|KNO|2023-06-28|1210000.0
2023-06-28 08:39:13.123456|JKTC|KNO|2023-06-28|1225000.0
2023-06-29 11:05:56.123456|JKTC|KNO|2023-06-29|1167500.0
2023-06-29 09:33:52.123456|JKTC|KNO|2023-06-29|1172500.0
2023-06-30 13:07:53.123456|JKTC|KNO|2023-06-30|1277700.0
2023-06-30 20:23:07.123456|JKTC|KNO|2023-06-30|1287700.0
2023-06-30 11:29:54.123456|JKTC|KNO|2023-06-30|1287700.0
2023-06-30 10:57:52.123456|JKTC|KNO|2023-06-30|1287700.0
2023-07-01 13:07:31.123456|JKTC|KNO|2023-07-01|1372000.0
2023-07-01 14:23:01.123456|JKTC|KNO|2023-07-01|1382000.0
2023-07-01 15:32:09.123456|JKTC|KNO|2023-07-01|1387000.0
2023-07-02 20:32:47.123456|JKTC|KNO|2023-07-02|1343900.0
2023-07-02 20:14:09.123456|JKTC|KNO|2023-07-02|1333900.0
2023-07-02 09:55:53.123456|JKTC|KNO|2023-07-02|1348900.0
2023-07-02 08:19:22.123456|JKTC|KNO|2023-07-02|1338900.0
2023-07-03 08:34:11.123456|JKTC|KNO|2023-07-03|1164500.0
2023-07-03 13:55:22.123456|JKTC|KNO|2023-07-03|1174500.0
2023-07-03 12:00:18.123456|JKTC|KNO|2023-07-03|1159500.0
2023-07-03 15:51:11.123456|JKTC|KNO|2023-07-03|1174500.0
2023-07-04 10:31:08.123456|JKTC|KNO|2023-07-04|1065200.0
2023-07-04 11:54:33.123456|JKTC|KNO|2023-07-04|1075200.0
2023-07-05 12:45:55.123456|JKTC|KNO|2023-07-05|1144400.0
2023-07-05 21:17:13.123456|JKTC|KNO|2023-07-05|1149400.0
2023-07-05 09:47:34.123456|JKTC|KNO|2023-07-05|1149400.0
2023-07-06 15:57:03.123456|JKTC|KNO|2023-07-06|1191200.0
2023-07-06 12:07:49.123456|JKTC|KNO|2023-07-06|1201200.0
2023-07-07 19:42:29.123456|JKTC|KNO|2023-07-07|1208700.0
2023-07-07 21:10:07.123456|JKTC|KNO|2023-07-07|1208700.0
2023-07-08 11:21:25.123456|JKTC|KNO|2023-07-08|1230400.0
2023-07-08 15:38:22.123456|JKTC|KNO|2023-07-08|1225400.0
2023-07-08 18:30:27.123456|JKTC|KNO|2023-07-08|1235400.0
2023-07-09 08:08:26.123456|JKTC|KNO|2023-07-09|1182900.0
2023-07-09 13:12:16.123456|JKTC|KNO|2023-07-09|1187900.0
2023-07-10 16:36:51.123456|JKTC|KNO|2023-07-10|1080200.0
2023-07-10 10:06:20.123456|JKTC|KNO|2023-07-10|1075200.0
2023-07-10 08:51:10.123456|JKTC|KNO|2023-07-10|1085200.0
2023-07-10 10:11:44.123456|JKTC|KNO|2023-07-10|1085200.0
2023-07-11 13:13:15.123456|JKTC|KNO|2023-07-11|1065600.0
2023-07-11 21:00:55.123456|JKTC|KNO|2023-07-11|1075600.0
2023-07-11 11:39:28.123456|JKTC|KNO|2023-07-11|1065600.0
2023-07-11 11:02:43.123456|JKTC|KNO|2023-07-11|1065600.0
2023-07-12 14:00:09.123456|JKTC|KNO|2023-07-12|1049400.0
2023-07-12 08:32:21.123456|JKTC|KNO|2023-07-12|1059400.0
2023-07-12 20:09:06.123456|JKTC|KNO|2023-07-12|1049400.0
2023-07-12 20:47:53.123456|JKTC|KNO|2023-07-12|1049400.0
2023-07-13 14:04:07.123456|JKTC|KNO|2023-07-13|957100.0
2023-07-13 18:43:06.123456|JKTC|KNO|2023-07-13|952100.0
2023-07-13 16:01:07.123456|JKTC|KNO|2023-07-13|962100.0
2023-07-13 14:35:16.123456|JKTC|KNO|2023-07-13|957100.0
2023-07-14 12:42:43.123456|JKTC|KNO|2023-07-14|1219700.0
2023-07-14 18:06:23.123456|JKTC|KNO|2023-07-14|1219700.0
2023-07-14 08:26:05.123456|JKTC|KNO|2023-07-14|1224700.0
2023-07-14 19:00:47.123456|JKTC|KNO|2023-07-14|1219700.0
2023-07-15 10:23:05.123456|JKTC|KNO|2023-07-15|1074100.0
2023-07-15 15:57:46.123456|JKTC|KNO|2023-07-15|1064100.0
2023-07-16 08:18:21.123456|JKTC|KNO|2023-07-16|1218700.0
2023-07-16 20:23:42.123456|JKTC|KNO|2023-07-16|1233700.0
2023-07-16 15:52:53.123456|JKTC|KNO|2023-07-16|1223700.0
2023-07-16 10:20:48.123456|JKTC|KNO|2023-07-16|1223700.0
2023-07-17 19:03:37.123456|JKTC|KNO|2023-07-17|1057800.0
2023-07-17 10:57:36.123456|JKTC|KNO|2023-07-17|1052800.0
2023-07-17 09:09:56.123456|JKTC|KNO|2023-07-17|1052800.0
2023-07-17 10:33:54.123456|JKTC|KNO|2023-07-17|1057800.0
2023-07-18 18:26:48.123456|JKTC|KNO|2023-07-18|1077400.0
2023-07-18 10:48:33.123456|JKTC|KNO|2023-07-18|1077400.0
2023-07-18 20:39:10.123456|JKTC|KNO|2023-07-18|1072400.0
2023-07-19 16:29:37.123456|JKTC|KNO|2023-07-19|1057500.0
2023-07-19 20:37:39.123456|JKTC|KNO|2023-07-19|1067500.0
2023-07-19 14:11:19.123456|JKTC|KNO|2023-07-19|1057500.0
2023-07-20 12:48:46.123456|JKTC|KNO|2023-07-20|1033100.0
2023-07-20 20:34:32.123456|JKTC|KNO|2023-07-20|1033100.0
2023-07-20 12:21:23.123456|JKTC|KNO|2023-07-20|1033100.0
2023-07-21 15:15:11.123456|JKTC|KNO|2023-07-21|1209900.0
2023-07-21 11:24:46.123456|JKTC|KNO|2023-07-21|1204900.0
2023-07-22 10:47:52.123456|JKTC|KNO|2023-07-22|1192500.0
2023-07-22 11:46:39.123456|JKTC|KNO|2023-07-22|1177500.0
2023-07-22 11:20:38.123456|JKTC|KNO|2023-07-22|1182500.0
2023-07-22 20:18:14.123456|JKTC|KNO|2023-07-22|1177500.0
2023-07-23 10:24:43.123456|JKTC|KNO|2023-07-23|1230200.0
2023-07-23 08:54:17.123456|JKTC|KNO|2023-07-23|1220200.0
2023-07-23 19:06:43.123456|JKTC|KNO|2023-07-23|1225200.0
2023-07-23 11:25:50.123456|JKTC|KNO|2023-07-23|1220200.0
2023-07-24 10:52:09.123456|JKTC|KNO|2023-07-24|1038300.0
2023-07-24 20:31:10.123456|JKTC|KNO|2023-07-24|1043300.0
2023-07-25 20:58:46.123456|JKTC|KNO|2023-07-25|1112800.0
2023-07-25 15:09:32.123456|JKTC|KNO|2023-07-25|1102800.0
2023-07-26 19:16:35.123456|JKTC|KNO|2023-07-26|1149900.0
2023-07-26 10:30:52.123456|JKTC|KNO|2023-07-26|1134900.0
2023-07-26 18:33:54.123456|JKTC|KNO|2023-07-26|1139900.0
2023-07-26 15:41:51.123456|JKTC|KNO|2023-07-26|1149900.0
2023-07-27 20:49:25.123456|JKTC|KNO|2023-07-27|1086100.0
2023-07-27 16:38:51.123456|JKTC|KNO|2023-07-27|1091100.0
2023-07-27 20:02:55.123456|JKTC|KNO|2023-07-27|1096100.0
2023-07-28 12:15:17.123456|JKTC|KNO|2023-07-28|1216500.0
2023-07-28 16:56:13.123456|JKTC|KNO|2023-07-28|1211500.0
2023-07-29 09:14:01.123456|JKTC|KNO|2023-07-29|1316400.0
2023-07-29 19:02:21.123456|JKTC|KNO|2023-07-29|1326400.0
2023-07-29 15:23:14.123456|JKTC|KNO|2023-07-29|1326400.0
2023-07-29 20:58:46.123456|JKTC|KNO|2023-07-29|1321400.0
2023-07-30 09:52:11.123456|JKTC|KNO|2023-07-30|1269000.0
2023-07-30 20:41:19.123456|JKTC|KNO|2023-07-30|1274000.0
2023-07-30 11:24:24.123456|JKTC|KNO|2023-07-30|1274000.0
2023-07-30 18:46:58.123456|JKTC|KNO|2023-07-30|1274000.0
2023-07-31 11:19:33.123456|JKTC|KNO|2023-07-31|1152400.0
2023-07-31 20:26:45.123456|JKTC|KNO|2023-07-31|1142400.0
2023-07-31 18:55:25.123456|JKTC|KNO|2023-07-31|1152400.0
2023-07-31 09:53:17.123456|JKTC|KNO|2023-07-31|1147400.0
2023-08-01 21:03:19.123456|JKTC|KNO|2023-08-01|1079600.0
2023-08-01 08:09:24.123456|JKTC|KNO|2023-08-01|1084600.0
2023-08-01 19:53:53.123456|JKTC|KNO|2023-08-01|1084600.0
2023-08-01 20:43:16.123456|JKTC|KNO|2023-08-01|1084600.0
2023-08-02 14:13:17.123456|JKTC|KNO|2023-08-02|1049800.0
2023-08-02 08:55:05.123456|JKTC|KNO|2023-08-02|1054800.0
2023-08-03 16:17:35.123456|JKTC|KNO|2023-08-03|1101600.0
2023-08-03 18:41:33.123456|JKTC|KNO|2023-08-03|1106600.0
2023-08-04 08:35:32.123456|JKTC|KNO|2023-08-04|1166900.0
2023-08-04 19:22:07.123456|JKTC|KNO|2023-08-04|1171900.0
2023-08-04 13:01:19.123456|JKTC|KNO|2023-08-04|1171900.0
2023-08-05 08:27:36.123456|JKTC|KNO|2023-08-05|1124300.0
2023-08-05 09:31:16.123456|JKTC|KNO|2023-08-05|1139300.0
2023-08-05 17:07:29.123456|JKTC|KNO|2023-08-05|1139300.0
2023-08-06 10:13:39.123456|JKTC|KNO|2023-08-06|1152600.0
2023-08-06 21:10:34.123456|JKTC|KNO|2023-08-06|1152600.0
2023-08-07 14:09:54.123456|JKTC|KNO|2023-08-07|1092900.0
2023-08-07 20:36:55.123456|JKTC|KNO|2023-08-07|1092900.0
2023-08-08 19:52:33.123456|JKTC|KNO|2023-08-08|1007200.0
2023-08-08 14:37:30.123456|JKTC|KNO|2023-08-08|1007200.0
2023-08-08 10:43:52.123456|JKTC|KNO|2023-08-08|997200.0
2023-08-08 09:41:00.123456|JKTC|KNO|2023-08-08|1002200.0
2023-08-09 13:14:16.123456|JKTC|KNO|2023-08-09|1040800.0
2023-08-09 18:13:46.123456|JKTC|KNO|2023-08-09|1040800.0
2023-08-10 13:31:31.123456|JKTC|KNO|2023-08-10|989700.0
2023-08-10 09:41:28.123456|JKTC|KNO|2023-08-10|1004700.0
2023-08-10 09:55:19.123456|JKTC|KNO|2023-08-10|989700.0
2023-08-11 18:46:48.123456|JKTC|KNO|2023-08-11|1188600.0
2023-08-11 21:52:27.123456|JKTC|KNO|2023-08-11|1178600.0
2023-08-11 18:24:40.123456|JKTC|KNO|2023-08-11|1188600.0
2023-08-12 14:03:58.123456|JKTC|KNO|2023-08-12|1067300.0
2023-08-12 14:10:49.123456|JKTC|KNO|2023-08-12|1067300.0
2023-08-12 13:51:06.123456|JKTC|KNO|2023-08-12|1077300.0
2023-08-12 18:28:19.123456|JKTC|KNO|2023-08-12|1067300.0
2023-08-13 21:42:05.123456|JKTC|KNO|2023-08-13|1094300.0
2023-08-13 12:04:40.123456|JKTC|KNO|2023-08-13|1084300.0
2023-08-13 20:36:34.123456|JKTC|KNO|2023-08-13|1094300.0
2023-08-14 14:26:40.123456|JKTC|KNO|2023-08-14|949700.0
2023-08-14 19:23:30.123456|JKTC|KNO|2023-08-14|954700.0
2023-08-15 15:44:54.123456|JKTC|KNO|2023-08-15|1016300.0
2023-08-15 13:07:01.123456|JKTC|KNO|2023-08-15|1011300.0
2023-08-15 09:31:13.123456|JKTC|KNO|2023-08-15|1001300.0
2023-08-16 17:08:05.123456|JKTC|KNO|2023-08-16|1019000.0
2023-08-16 17:49:24.123456|JKTC|KNO|2023-08-16|1019000.0
2023-08-16 19:26:39.123456|JKTC|KNO|2023-08-16|1014000.0
2023-08-17 20:20:11.123456|JKTC|KNO|2023-08-17|984500.0
2023-08-17 20:39:34.123456|JKTC|KNO|2023-08-17|994500.0
2023-08-18 15:28:28.123456|JKTC|KNO|2023-08-18|1171900.0
2023-08-18 12:57:31.123456|JKTC|KNO|2023-08-18|1186900.0
2023-08-18 13:29:36.123456|JKTC|KNO|2023-08-18|1176900.0
2023-08-18 19:40:06.123456|JKTC|KNO|2023-08-18|1181900.0
2023-08-19 10:10:33.123456|JKTC|KNO|2023-08-19|1096500.0
2023-08-19 09:53:08.123456|JKTC|KNO|2023-08-19|1101500.0
2023-08-19 18:06:08.123456|JKTC|KNO|2023-08-19|1101500.0
2023-08-20 12:00:02.123456|JKTC|KNO|2023-08-20|1071700.0
2023-08-20 09:29:08.123456|JKTC|KNO|2023-08-20|1071700.0
2023-08-20 08:20:51.123456|JKTC|KNO|2023-08-20|1076700.0
2023-08-20 10:36:56.123456|JKTC|KNO|2023-08-20|1076700.0
2023-08-21 17:51:39.123456|JKTC|KNO|2023-08-21|1083100.0
2023-08-21 13:10:03.123456|JKTC|KNO|2023-08-21|1093100.0
2023-08-22 09:50:39.123456|JKTC|KNO|2023-08-22|1062800.0
2023-08-22 08:49:26.123456|JKTC|KNO|2023-08-22|1057800.0
2023-08-22 13:44:13.123456|JKTC|KNO|2023-08-22|1062800.0
2023-08-22 11:16:37.123456|JKTC|KNO|2023-08-22|1067800.0
2023-08-23 14:45:35.123456|JKTC|KNO|2023-08-23|998400.0
2023-08-23 19:52:28.123456|JKTC|KNO|2023-08-23|993400.0
2023-08-23 13:14:38.123456|JKTC|KNO|2023-08-23|993400.0
2023-08-23 11:27:41.123456|JKTC|KNO|2023-08-23|1008400.0
2023-08-24 09:56:45.123456|JKTC|KNO|2023-08-24|1018900.0
2023-08-24 19:29:56.123456|JKTC|KNO|2023-08-24|1013900.0
2023-08-24 18:11:06.123456|JKTC|KNO|2023-08-24|1013900.0
2023-08-24 17:44:30.123456|JKTC|KNO|2023-08-24|1018900.0
2023-08-25 12:54:52.123456|JKTC|KNO|2023-08-25|1136500.0
2023-08-25 08:33:18.123456|JKTC|KNO|2023-08-25|1126500.0
2023-08-25 09:26:03.123456|JKTC|KNO|2023-08-25|1121500.0
2023-08-25 18:22:18.123456|JKTC|KNO|2023-08-25|1136500.0
2023-08-26 10:42:06.123456|JKTC|KNO|2023-08-26|1203000.0
2023-08-26 13:29:06.123456|JKTC|KNO|2023-08-26|1198000.0
2023-08-27 14:13:04.123456|JKTC|KNO|2023-08-27|1130800.0
2023-08-27 18:28:00.123456|JKTC|KNO|2023-08-27|1115800.0
2023-08-28 09:18:39.123456|JKTC|KNO|2023-08-28|1062400.0
2023-08-28 19:39:25.123456|JKTC|KNO|2023-08-28|1067400.0
2023-08-28 18:14:20.123456|JKTC|KNO|2023-08-28|1072400.0
2023-08-29 20:53:02.123456|JKTC|KNO|2023-08-29|1055400.0
2023-08-29 12:54:37.123456|JKTC|KNO|2023-08-29|1055400.0
2023-08-30 09:04:46.123456|JKTC|KNO|2023-08-30|1020400.0
2023-08-30 12:20:02.123456|JKTC|KNO|2023-08-30|1015400.0
2023-08-30 09:43:26.123456|JKTC|KNO|2023-08-30|1010400.0
2023-08-30 09:34:17.123456|JKTC|KNO|2023-08-30|1015400.0
2023-08-31 11:23:11.123456|JKTC|KNO|2023-08-31|1061700.0
2023-08-31 18:31:07.123456|JKTC|KNO|2023-08-31|1056700.0
2023-09-01 09:27:26.123456|JKTC|KNO|2023-09-01|1226900.0
2023-09-01 18:15:40.123456|JKTC|KNO|2023-09-01|1236900.0
2023-09-02 15:07:53.123456|JKTC|KNO|2023-09-02|1236500.0
2023-09-02 18:48:10.123456|JKTC|KNO|2023-09-02|1226500.0
2023-09-02 08:26:06.123456|JKTC|KNO|2023-09-02|1241500.0
2023-09-02 15:33:37.123456|JKTC|KNO|2023-09-02|1241500.0
2023-09-03 10:05:55.123456|JKTC|KNO|2023-09-03|1181500.0
2023-09-03 20:37:42.123456|JKTC|KNO|2023-09-03|1186500.0
2023-09-04 11:17:09.123456|JKTC|KNO|2023-09-04|1001200.0
2023-09-04 13:37:26.123456|JKTC|KNO|2023-09-04|1006200.0
2023-09-04 16:02:02.123456|JKTC|KNO|2023-09-04|1006200.0
2023-09-04 13:05:30.123456|JKTC|KNO|2023-09-04|1001200.0
2023-09-05 20:42:25.123456|JKTC|KNO|2023-09-05|1013700.0
2023-09-05 14:03:39.123456|JKTC|KNO|2023-09-05|1018700.0
2023-09-06 17:04:58.123456|JKTC|KNO|2023-09-06|1058600.0
2023-09-06 08:54:48.123456|JKTC|KNO|2023-09-06|1053600.0
2023-09-06 21:01:26.123456|JKTC|KNO|2023-09-06|1053600.0
2023-09-06 11:05:17.123456|JKTC|KNO|2023-09-06|1043600.0
2023-09-07 08:47:13.123456|JKTC|KNO|2023-09-07|993300.0
2023-09-07 14:29:55.123456|JKTC|KNO|2023-09-07|988300.0
2023-09-07 11:23:44.123456|JKTC|KNO|2023-09-07|983300.0
2023-09-08 16:24:34.123456|JKTC|KNO|2023-09-08|1105000.0
2023-09-08 14:17:35.123456|JKTC|KNO|2023-09-08|1095000.0
2023-09-08 13:20:10.123456|JKTC|KNO|2023-09-08|1090000.0
2023-09-09 16:46:13.123456|JKTC|KNO|2023-09-09|1001200.0
2023-09-09 18:20:40.123456|JKTC|KNO|2023-09-09|1011200.0
2023-09-09 12:42:28.123456|JKTC|KNO|2023-09-09|996200.0
2023-09-09 18:05:10.123456|JKTC|KNO|2023-09-09|996200.0
2023-09-10 11:45:29.123456|JKTC|KNO|2023-09-10|1080000.0
2023-09-10 14:21:24.123456|JKTC|KNO|2023-09-10|1080000.0
2023-09-10 20:24:43.123456|JKTC|KNO|2023-09-10|1080000.0
2023-09-11 21:14:28.123456|JKTC|KNO|2023-09-11|831300.0
2023-09-11 13:27:25.123456|JKTC|KNO|2023-09-11|846300.0
2023-09-11 13:44:50.123456|JKTC|KNO|2023-09-11|841300.0
2023-09-12 16:05:25.123456|JKTC|KNO|2023-09-12|995500.0
2023-09-12 19:44:46.123456|JKTC|KNO|2023-09-12|990500.0
2023-09-13 12:49:21.123456|JKTC|KNO|2023-09-13|885400.0
2023-09-13 14:13:36.123456|JKTC|KNO|2023-09-13|880400.0
2023-09-14 13:24:33.123456|JKTC|KNO|2023-09-14|931400.0
2023-09-14 16:53:25.123456|JKTC|KNO|2023-09-14|931400.0
2023-09-14 14:17:06.123456|JKTC|KNO|2023-09-14|931400.0
2023-09-15 14:36:21.123456|JKTC|KNO|2023-09-15|1036000.0
2023-09-15 13:57:44.123456|JKTC|KNO|2023-09-15|1036000.0
2023-09-15 19:38:29.123456|JKTC|KNO|2023-09-15|1026000.0
2023-09-16 21:14:51.123456|JKTC|KNO|2023-09-16|1043600.0
2023-09-16 08:17:00.123456|JKTC|KNO|2023-09-16|1043600.0
2023-09-17 10:13:07.123456|JKTC|KNO|2023-09-17|978200.0
2023-09-17 14:00:57.123456|JKTC|KNO|2023-09-17|988200.0
2023-09-17 08:46:13.123456|JKTC|KNO|2023-09-17|983200.0
2023-09-17 09:34:13.123456|JKTC|KNO|2023-09-17|978200.0
2023-09-18 12:19:28.123456|JKTC|KNO|2023-09-18|991500.0
2023-09-18 14:00:53.123456|JKTC|KNO|2023-09-18|976500.0
2023-09-18 19:00:57.123456|JKTC|KNO|2023-09-18|976500.0
2023-09-18 15:12:52.123456|JKTC|KNO|2023-09-18|976500.0
2023-09-19 09:49:35.123456|JKTC|KNO|2023-09-19|908200.0
2023-09-19 19:31:41.123456|JKTC|KNO|2023-09-19|918200.0
2023-09-19 13:09:49.123456|JKTC|KNO|2023-09-19|913200.0
2023-09-19 10:33:36.123456|JKTC|KNO|2023-09-19|918200.0
2023-09-20 10:46:46.123456|JKTC|KNO|2023-09-20|936800.0
2023-09-20 13:46:30.123456|JKTC|KNO|2023-09-20|941800.0
2023-09-21 16:54:23.123456|JKTC|KNO|2023-09-21|1050000.0
2023-09-21 10:04:30.123456|JKTC|KNO|2023-09-21|1055000.0
2023-09-21 12:00:34.123456|JKTC|KNO|2023-09-21|1055000.0
2023-09-21 21:46:40.123456|JKTC|KNO|2023-09-21|1040000.0
2023-09-22 09:42:00.123456|JKTC|KNO|2023-09-22|1230600.0
2023-09-22 19:10:32.123456|JKTC|KNO|2023-09-22|1230600.0
2023-09-22 12:15:08.123456|JKTC|KNO|2023-09-22|1230600.0
2023-09-23 18:15:47.123456|JKTC|KNO|2023-09-23|1120100.0
2023-09-23 08:51:06.123456|JKTC|KNO|2023-09-23|1115100.0
2023-09-24 09:56:22.123456|JKTC|KNO|2023-09-24|1199600.0
2023-09-24 09:14:23.123456|JKTC|KNO|2023-09-24|1214600.0
2023-09-24 09:29:24.123456|JKTC|KNO|2023-09-24|1209600.0
2023-09-25 09:40:11.123456|JKTC|KNO|2023-09-25|995700.0
2023-09-25 16:55:00.123456|JKTC|KNO|2023-09-25|1000700.0
2023-09-25 08:15:44.123456|JKTC|KNO|2023-09-25|990700.0
2023-09-25 20:14:34.123456|JKTC|KNO|2023-09-25|1000700.0
2023-09-26 09:38:39.123456|JKTC|KNO|2023-09-26|975900.0
2023-09-26 14:00:20.123456|JKTC|KNO|2023-09-26|980900.0
2023-09-26 14:06:05.123456|JKTC|KNO|2023-09-26|975900.0
2023-09-27 11:32:28.123456|JKTC|KNO|2023-09-27|982100.0
2023-09-27 12:48:47.123456|JKTC|KNO|2023-09-27|992100.0
2023-09-27 21:34:38.123456|JKTC|KNO|2023-09-27|992100.0
2023-09-28 10:48:05.123456|JKTC|KNO|2023-09-28|994200.0
2023-09-28 14:16:11.123456|JKTC|KNO|2023-09-28|999200.0
2023-09-28 09:53:26.123456|JKTC|KNO|2023-09-28|989200.0
2023-09-29 16:16:31.123456|JKTC|KNO|2023-09-29|1197300.0
2023-09-29 18:07:05.123456|JKTC|KNO|2023-09-29|1207300.0
2023-09-29 21:14:11.123456|JKTC|KNO|2023-09-29|1207300.0
2023-09-30 08:39:20.123456|JKTC|KNO|2023-09-30|1100000.0
2023-09-30 21:10:48.123456|JKTC|KNO|2023-09-30|1090000.0
2023-10-01 14:04:28.123456|JKTC|KNO|2023-10-01|1126300.0
2023-10-01 12:02:37.123456|JKTC|KNO|2023-10-01|1121300.0
2023-10-02 09:34:55.123456|JKTC|KNO|2023-10-02|957300.0
2023-10-02 16:58:48.123456|JKTC|KNO|2023-10-02|972300.0
2023-10-02 20:48:02.123456|JKTC|KNO|2023-10-02|967300.0
2023-10-02 20:26:30.123456|JKTC|KNO|2023-10-02|957300.0
2023-10-03 14:23:01.123456|JKTC|KNO|2023-10-03|1026400.0
2023-10-03 09:11:01.123456|JKTC|KNO|2023-10-03|1031400.0
2023-10-04 17:27:49.123456|JKTC|KNO|2023-10-04|879100.0
2023-10-04 21:54:35.123456|JKTC|KNO|2023-10-04|889100.0
2023-10-05 11:33:31.123456|JKTC|KNO|2023-10-05|1018500.0
2023-10-05 18:52:54.123456|JKTC|KNO|2023-10-05|1028500.0
2023-10-05 11:31:53.123456|JKTC|KNO|2023-10-05|1018500.0
2023-10-05 11:28:33.123456|JKTC|KNO|2023-10-05|1033500.0
2023-10-06 17:00:09.123456|JKTC|KNO|2023-10-06|1146400.0
2023-10-06 18:45:03.123456|JKTC|KNO|2023-10-06|1136400.0
2023-10-06 10:05:37.123456|JKTC|KNO|2023-10-06|1136400.0
2023-10-07 13:58:55.123456|JKTC|KNO|2023-10-07|1091700.0
2023-10-07 20:10:25.123456|JKTC|KNO|2023-10-07|1086700.0
2023-10-07 17:05:13.123456|JKTC|KNO|2023-10-07|1091700.0
2023-10-08 17:04:04.123456|JKTC|KNO|2023-10-08|1092000.0
2023-10-08 15:38:35.123456|JKTC|KNO|2023-10-08|1087000.0
2023-10-09 20:48:13.123456|JKTC|KNO|2023-10-09|920500.0
2023-10-09 18:25:03.123456|JKTC|KNO|2023-10-09|905500.0
2023-10-10 13:27:41.123456|JKTC|KNO|2023-10-10|911600.0
2023-10-10 10:43:51.123456|JKTC|KNO|2023-10-10|906600.0
2023-10-11 13:00:42.123456|JKTC|KNO|2023-10-11|893800.0
2023-10-11 20:22:34.123456|JKTC|KNO|2023-10-11|898800.0
2023-10-11 13:05:26.123456|JKTC|KNO|2023-10-11|893800.0
2023-10-11 18:21:55.123456|JKTC|KNO|2023-10-11|903800.0
2023-10-12 21:50:19.123456|JKTC|KNO|2023-10-12|851400.0
2023-10-12 19:55:31.123456|JKTC|KNO|2023-10-12|851400.0
2023-10-13 16:49:34.123456|JKTC|KNO|2023-10-13|1004500.0
2023-10-13 19:15:11.123456|JKTC|KNO|2023-10-13|989500.0
2023-10-13 19:21:44.123456|JKTC|KNO|2023-10-13|989500.0
2023-10-14 10:27:16.123456|JKTC|KNO|2023-10-14|981800.0
2023-10-14 17:39:18.123456|JKTC|KNO|2023-10-14|981800.0
2023-10-15 18:28:13.123456|JKTC|KNO|2023-10-15|1082900.0
2023-10-15 16:47:12.123456|JKTC|KNO|2023-10-15|1082900.0
2023-10-15 17:38:00.123456|JKTC|KNO|2023-10-15|1087900.0
2023-10-16 11:00:00.123456|JKTC|KNO|2023-10-16|944900.0
2023-10-16 09:52:18.123456|JKTC|KNO|2023-10-16|949900.0
2023-10-16 19:29:53.123456|JKTC|KNO|2023-10-16|934900.0
2023-10-17 11:07:13.123456|JKTC|KNO|2023-10-17|972300.0
2023-10-17 19:03:14.123456|JKTC|KNO|2023-10-17|962300.0
2023-10-18 15:58:48.123456|JKTC|KNO|2023-10-18|943100.0
2023-10-18 20:43:54.123456|JKTC|KNO|2023-10-18|948100.0
2023-10-18 13:03:23.123456|JKTC|KNO|2023-10-18|938100.0
2023-10-19 08:34:42.123456|JKTC|KNO|2023-10-19|935600.0
2023-10-19 19:17:34.123456|JKTC|KNO|2023-10-19|930600.0
2023-10-19 19:21:05.123456|JKTC|KNO|2023-10-19|935600.0
2023-10-19 13:46:29.123456|JKTC|KNO|2023-10-19|940600.0
2023-10-20 19:04:30.123456|JKTC|KNO|2023-10-20|1120600.0
2023-10-20 14:43:16.123456|JKTC|KNO|2023-10-20|1120600.0
2023-10-21 13:32:11.123456|JKTC|KNO|2023-10-21|1195100.0
2023-10-21 12:15:00.123456|JKTC|KNO|2023-10-21|1195100.0
2023-10-21 20:43:25.123456|JKTC|KNO|2023-10-21|1190100.0
2023-10-21 15:28:21.123456|JKTC|KNO|2023-10-21|1200100.0
2023-10-22 17:25:32.123456|JKTC|KNO|2023-10-22|1172000.0
2023-10-22 17:02:24.123456|JKTC|KNO|2023-10-22|1172000.0
2023-10-22 20:21:35.123456|JKTC|KNO|2023-10-22|1182000.0
2023-10-22 09:06:36.123456|JKTC|KNO|2023-10-22|1182000.0
2023-10-23 18:36:08.123456|JKTC|KNO|2023-10-23|1000400.0
2023-10-23 19:04:45.123456|JKTC|KNO|2023-10-23|1010400.0
2023-10-24 10:46:24.123456|JKTC|KNO|2023-10-24|1007100.0
2023-10-24 17:27:04.123456|JKTC|KNO|2023-10-24|1022100.0
2023-10-24 21:03:39.123456|JKTC|KNO|2023-10-24|1017100.0
2023-10-25 11:01:11.123456|JKTC|KNO|2023-10-25|1083300.0
2023-10-25 21:30:43.123456|JKTC|KNO|2023-10-25|1083300.0
2023-10-25 11:08:38.123456|JKTC|KNO|2023-10-25|1078300.0
2023-10-25 18:12:08.123456|JKTC|KNO|2023-10-25|1073300.0
2023-10-26 21:26:39.123456|JKTC|KNO|2023-10-26|1068000.0
2023-10-26 20:50:33.123456|JKTC|KNO|2023-10-26|1073000.0
2023-10-27 08:02:22.123456|JKTC|KNO|2023-10-27|1204800.0
2023-10-27 21:13:53.123456|JKTC|KNO|2023-10-27|1199800.0
2023-10-27 21:56:44.123456|JKTC|KNO|2023-10-27|1209800.0
2023-10-28 08:05:29.123456|JKTC|KNO|2023-10-28|1134200.0
2023-10-28 19:55:23.123456|JKTC|KNO|2023-10-28|1134200.0
2023-10-28 09:36:42.123456|JKTC|KNO|2023-10-28|1134200.0
2023-10-29 16:40:17.123456|JKTC|KNO|2023-10-29|1165200.0
2023-10-29 09:44:17.123456|JKTC|KNO|2023-10-29|1170200.0
2023-10-29 17:23:32.123456|JKTC|KNO|2023-10-29|1160200.0
2023-10-29 11:35:45.123456|JKTC|KNO|2023-10-29|1165200.0
2023-10-30 20:58:44.123456|JKTC|KNO|2023-10-30|1030700.0
2023-10-30 10:06:27.123456|JKTC|KNO|2023-10-30|1030700.0
2023-10-30 13:30:29.123456|JKTC|KNO|2023-10-30|1030700.0
2023-10-31 12:42:49.123456|JKTC|KNO|2023-10-31|1031900.0
2023-10-31 12:39:17.123456|JKTC|KNO|2023-10-31|1031900.0
2023-11-01 16:24:44.123456|JKTC|KNO|2023-11-01|1056100.0
2023-11-01 19:15:35.123456|JKTC|KNO|2023-11-01|1061100.0
2023-11-01 18:03:40.123456|JKTC|KNO|2023-11-01|1056100.0
2023-11-02 14:58:38.123456|JKTC|KNO|2023-11-02|1008900.0
2023-11-02 17:26:35.123456|JKTC|KNO|2023-11-02|1003900.0
2023-11-03 13:18:11.123456|JKTC|KNO|2023-11-03|1097900.0
2023-11-03 17:33:15.123456|JKTC|KNO|2023-11-03|1097900.0
2023-11-03 13:56:08.123456|JKTC|KNO|2023-11-03|1097900.0
2023-11-03 14:43:20.123456|JKTC|KNO|2023-11-03|1102900.0
2023-11-04 09:31:39.123456|JKTC|KNO|2023-11-04|1029000.0
2023-11-04 20:17:28.123456|JKTC|KNO|2023-11-04|1029000.0
2023-11-04 19:25:48.123456|JKTC|KNO|2023-11-04|1029000.0
2023-11-05 20:57:21.123456|JKTC|KNO|2023-11-05|1133900.0
2023-11-05 13:32:11.123456|JKTC|KNO|2023-11-05|1133900.0
2023-11-06 18:55:51.123456|JKTC|KNO|2023-11-06|1004900.0
2023-11-06 09:30:45.123456|JKTC|KNO|2023-11-06|1004900.0
2023-11-07 12:55:21.123456|JKTC|KNO|2023-11-07|983300.0
2023-11-07 13:41:33.123456|JKTC|KNO|2023-11-07|983300.0
2023-11-08 17:00:30.123456|JKTC|KNO|2023-11-08|978900.0
2023-11-08 11:09:03.123456|JKTC|KNO|2023-11-08|993900.0
2023-11-08 11:38:49.123456|JKTC|KNO|2023-11-08|993900.0
2023-11-09 10:41:23.123456|JKTC|KNO|2023-11-09|1059900.0
2023-11-09 10:11:28.123456|JKTC|KNO|2023-11-09|1049900.0
2023-11-10 15:27:00.123456|JKTC|KNO|2023-11-10|1129300.0
2023-11-10 16:38:26.123456|JKTC|KNO|2023-11-10|1129300.0
2023-11-10 19:07:24.123456|JKTC|KNO|2023-11-10|1134300.0
2023-11-10 15:49:12.123456|JKTC|KNO|2023-11-10|1139300.0
2023-11-11 09:19:34.123456|JKTC|KNO|2023-11-11|1057900.0
2023-11-11 19:00:34.123456|JKTC|KNO|2023-11-11|1067900.0
2023-11-11 13:36:02.123456|JKTC|KNO|2023-11-11|1052900.0
2023-11-11 16:51:21.123456|JKTC|KNO|2023-11-11|1057900.0
2023-11-12 15:09:51.123456|JKTC|KNO|2023-11-12|1040500.0
2023-11-12 14:45:28.123456|JKTC|KNO|2023-11-12|1040500.0
2023-11-12 20:58:15.123456|JKTC|KNO|2023-11-12|1045500.0
2023-11-13 08:09:55.123456|JKTC|KNO|2023-11-13|957300.0
2023-11-13 09:29:08.123456|JKTC|KNO|2023-11-13|967300.0
2023-11-13 20:08:00.123456|JKTC|KNO|2023-11-13|962300.0
2023-11-14 09:30:53.123456|JKTC|KNO|2023-11-14|1020200.0
2023-11-14 16:17:21.123456|JKTC|KNO|2023-11-14|1025200.0
2023-11-15 18:40:10.123456|JKTC|KNO|2023-11-15|983500.0
2023-11-15 21:30:50.123456|JKTC|KNO|2023-11-15|978500.0
2023-11-15 16:56:25.123456|JKTC|KNO|2023-11-15|983500.0
2023-11-15 10:33:28.123456|JKTC|KNO|2023-11-15|988500.0
2023-11-16 18:34:37.123456|JKTC|KNO|2023-11-16|980900.0
2023-11-16 21:27:07.123456|JKTC|KNO|2023-11-16|985900.0
2023-11-16 15:32:50.123456|JKTC|KNO|2023-11-16|975900.0
2023-11-16 14:54:23.123456|JKTC|KNO|2023-11-16|975900.0
2023-11-17 18:53:05.123456|JKTC|KNO|2023-11-17|1134400.0
2023-11-17 19:44:44.123456|JKTC|KNO|2023-11-17|1144400.0
2023-11-18 10:04:52.123456|JKTC|KNO|2023-11-18|1120800.0
2023-11-18 09:57:23.123456|JKTC|KNO|2023-11-18|1120800.0
2023-11-18 15:21:04.123456|JKTC|KNO|2023-11-18|1125800.0
2023-11-18 10:00:41.123456|JKTC|KNO|2023-11-18|1120800.0
2023-11-19 10:48:28.123456|JKTC|KNO|2023-11-19|1209100.0
2023-11-19 14:48:13.123456|JKTC|KNO|2023-11-19|1199100.0
2023-11-19 16:40:54.123456|JKTC|KNO|2023-11-19|1209100.0
2023-11-19 19:33:50.123456|JKTC|KNO|2023-11-19|1204100.0
2023-11-20 10:07:29.123456|JKTC|KNO|2023-11-20|1046900.0
2023-11-20 12:22:05.123456|JKTC|KNO|2023-11-20|1056900.0
2023-11-21 11:33:29.123456|JKTC|KNO|2023-11-21|1105300.0
2023-11-21 21:38:55.123456|JKTC|KNO|2023-11-21|1115300.0
2023-11-22 16:26:43.123456|JKTC|KNO|2023-11-22|1158100.0
2023-11-22 12:11:20.123456|JKTC|KNO|2023-11-22|1143100.0
2023-11-22 15:45:40.123456|JKTC|KNO|2023-11-22|1158100.0
2023-11-23 15:04:36.123456|JKTC|KNO|2023-11-23|1082700.0
2023-11-23 14:30:27.123456|JKTC|KNO|2023-11-23|1082700.0
2023-11-23 12:01:33.123456|JKTC|KNO|2023-11-23|1082700.0
2023-11-24 13:39:35.123456|JKTC|KNO|2023-11-24|1180200.0
2023-11-24 20:55:45.123456|JKTC|KNO|2023-11-24|1175200.0
2023-11-24 18:34:29.123456|JKTC|KNO|2023-11-24|1165200.0
2023-11-24 13:08:16.123456|JKTC|KNO|2023-11-24|1180200.0
2023-11-25 19:46:00.123456|JKTC|KNO|2023-11-25|1230900.0
2023-11-25 16:53:52.123456|JKTC|KNO|2023-11-25|1240900.0
2023-11-25 19:55:24.123456|JKTC|KNO|2023-11-25|1240900.0
2023-11-25 21:58:21.123456|JKTC|KNO|2023-11-25|1230900.0
2023-11-26 19:44:48.123456|JKTC|KNO|2023-11-26|1214800.0
2023-11-26 08:25:44.123456|JKTC|KNO|2023-11-26|1219800.0
2023-11-26 09:57:17.123456|JKTC|KNO|2023-11-26|1219800.0
2023-11-27 12:10:18.123456|JKTC|KNO|2023-11-27|1206700.0
2023-11-27 13:17:40.123456|JKTC|KNO|2023-11-27|1211700.0
2023-11-28 20:30:46.123456|JKTC|KNO|2023-11-28|1087700.0
2023-11-28 14:01:48.123456|JKTC|KNO|2023-11-28|1087700.0
2023-11-28 09:49:42.123456|JKTC|KNO|2023-11-28|1077700.0
2023-11-28 17:08:29.123456|JKTC|KNO|2023-11-28|1087700.0
2023-11-29 17:34:46.123456|JKTC|KNO|2023-11-29|1141900.0
2023-11-29 21:55:48.123456|JKTC|KNO|2023-11-29|1141900.0
2023-11-29 18:42:02.123456|JKTC|KNO|2023-11-29|1136900.0
2023-11-29 16:27:20.123456|JKTC|KNO|2023-11-29|1141900.0
2023-11-30 14:18:36.123456|JKTC|KNO|2023-11-30|1048400.0
2023-11-30 09:44:11.123456|JKTC|KNO|2023-11-30|1063400.0
2023-11-30 11:18:53.123456|JKTC|KNO|2023-11-30|1063400.0
2023-12-01 13:48:57.123456|JKTC|KNO|2023-12-01|1263200.0
2023-12-01 21:02:02.123456|JKTC|KNO|2023-12-01|1268200.0
2023-12-01 19:16:54.123456|JKTC|KNO|2023-12-01|1258200.0
2023-12-01 18:22:30.123456|JKTC|KNO|2023-12-01|1253200.0
2023-12-02 15:19:53.123456|JKTC|KNO|2023-12-02|1158300.0
2023-12-02 21:44:21.123456|JKTC|KNO|2023-12-02|1148300.0
2023-12-02 21:39:03.123456|JKTC|KNO|2023-12-02|1163300.0
2023-12-03 10:54:50.123456|JKTC|KNO|2023-12-03|1186500.0
2023-12-03 17:02:47.123456|JKTC|KNO|2023-12-03|1176500.0
2023-12-04 08:23:22.123456|JKTC|KNO|2023-12-04|1103100.0
2023-12-04 19:11:49.123456|JKTC|KNO|2023-12-04|1088100.0
2023-12-04 10:18:26.123456|JKTC|KNO|2023-12-04|1093100.0
2023-12-04 16:55:22.123456|JKTC|KNO|2023-12-04|1093100.0
2023-12-05 15:02:54.123456|JKTC|KNO|2023-12-05|1003800.0
2023-12-05 11:45:00.123456|JKTC|KNO|2023-12-05|1008800.0
2023-12-05 21:48:45.123456|JKTC|KNO|2023-12-05|1018800.0
2023-12-05 19:07:10.123456|JKTC|KNO|2023-12-05|1008800.0
2023-12-06 09:30:58.123456|JKTC|KNO|2023-12-06|1074100.0
2023-12-06 13:46:40.123456|JKTC|KNO|2023-12-06|1064100.0
2023-12-06 17:57:44.123456|JKTC|KNO|2023-12-06|1059100.0
2023-12-07 17:01:17.123456|JKTC|KNO|2023-12-07|1041400.0
2023-12-07 18:29:52.123456|JKTC|KNO|2023-12-07|1056400.0
2023-12-07 11:04:48.123456|JKTC|KNO|2023-12-07|1046400.0
2023-12-08 10:25:13.123456|JKTC|KNO|2023-12-08|1159800.0
2023-12-08 19:43:45.123456|JKTC|KNO|2023-12-08|1159800.0
2023-12-08 13:34:07.123456|JKTC|KNO|2023-12-08|1164800.0
2023-12-09 11:16:11.123456|JKTC|KNO|2023-12-09|1262000.0
2023-12-09 17:26:48.123456|JKTC|KNO|2023-12-09|1262000.0
2023-12-10 18:43:49.123456|JKTC|KNO|2023-12-10|1213400.0
2023-12-10 21:20:02.123456|JKTC|KNO|2023-12-10|1223400.0
2023-12-10 21:23:17.123456|JKTC|KNO|2023-12-10|1223400.0
2023-12-10 13:58:15.123456|JKTC|KNO|2023-12-10|1218400.0
2023-12-11 15:38:06.123456|JKTC|KNO|2023-12-11|1066100.0
2023-12-11 19:02:34.123456|JKTC|KNO|2023-12-11|1071100.0
2023-12-11 15:24:40.123456|JKTC|KNO|2023-12-11|1061100.0
2023-12-12 13:35:28.123456|JKTC|KNO|2023-12-12|1054000.0
2023-12-12 10:25:45.123456|JKTC|KNO|2023-12-12|1059000.0
2023-12-12 11:52:51.123456|JKTC|KNO|2023-12-12|1049000.0
2023-12-13 16:29:25.123456|JKTC|KNO|2023-12-13|1187100.0
2023-12-13 10:48:26.123456|JKTC|KNO|2023-12-13|1197100.0
2023-12-13 19:03:26.123456|JKTC|KNO|2023-12-13|1187100.0
2023-12-13 10:01:11.123456|JKTC|KNO|2023-12-13|1187100.0
2023-12-14 11:34:11.123456|JKTC|KNO|2023-12-14|1149700.0
2023-12-14 18:19:16.123456|JKTC|KNO|2023-12-14|1149700.0
2023-12-14 16:53:29.123456|JKTC|KNO|2023-12-14|1154700.0
2023-12-14 08:43:26.123456|JKTC|KNO|2023-12-14|1149700.0
2023-12-15 16:13:45.123456|JKTC|KNO|2023-12-15|1298900.0
2023-12-15 12:11:16.123456|JKTC|KNO|2023-12-15|1308900.0
2023-12-15 19:26:19.123456|JKTC|KNO|2023-12-15|1303900.0
2023-12-16 18:02:42.123456|JKTC|KNO|2023-12-16|1167500.0
2023-12-16 10:21:43.123456|JKTC|KNO|2023-12-16|1177500.0
2023-12-17 14:46:44.123456|JKTC|KNO|2023-12-17|1275700.0
2023-12-17 09:54:57.123456|JKTC|KNO|2023-12-17|1285700.0
2023-12-18 12:18:47.123456|JKTC|KNO|2023-12-18|1209800.0
2023-12-18 20:06:36.123456|JKTC|KNO|2023-12-18|1194800.0
2023-12-18 20:04:30.123456|JKTC|KNO|2023-12-18|1199800.0
2023-12-18 11:14:16.123456|JKTC|KNO|2023-12-18|1194800.0
2023-12-19 13:57:38.123456|JKTC|KNO|2023-12-19|1309800.0
2023-12-19 21:33:34.123456|JKTC|KNO|2023-12-19|1299800.0
2023-12-19 10:13:00.123456|JKTC|KNO|2023-12-19|1294800.0
2023-12-19 10:22:44.123456|JKTC|KNO|2023-12-19|1309800.0
2023-12-20 19:46:31.123456|JKTC|KNO|2023-12-20|1317000.0
2023-12-20 21:53:58.123456|JKTC|KNO|2023-12-20|1312000.0
2023-12-20 18:26:52.123456|JKTC|KNO|2023-12-20|1322000.0
2023-12-20 14:53:47.123456|JKTC|KNO|2023-12-20|1317000.0
2023-12-21 15:45:56.123456|JKTC|KNO|2023-12-21|1440500.0
2023-12-21 20:43:58.123456|JKTC|KNO|2023-12-21|1430500.0
2023-12-21 11:46:35.123456|JKTC|KNO|2023-12-21|1430500.0
2023-12-21 10:53:08.123456|JKTC|KNO|2023-12-21|1435500.0
2023-12-22 16:09:18.123456|JKTC|KNO|2023-12-22|1649600.0
2023-12-22 18:32:52.123456|JKTC|KNO|2023-12-22|1659600.0
2023-12-23 13:01:06.123456|JKTC|KNO|2023-12-23|1601200.0
2023-12-23 15:43:12.123456|JKTC|KNO|2023-12-23|1596200.0
2023-12-24 13:30:26.123456|JKTC|KNO|2023-12-24|1699400.0
2023-12-24 11:37:57.123456|JKTC|KNO|2023-12-24|1694400.0
2023-12-25 17:12:58.123456|JKTC|KNO|2023-12-25|1641600.0
2023-12-25 08:50:14.123456|JKTC|KNO|2023-12-25|1631600.0
2023-12-25 20:27:18.123456|JKTC|KNO|2023-12-25|1636600.0
2023-12-25 15:06:42.123456|JKTC|KNO|2023-12-25|1631600.0
2023-12-26 16:00:28.123456|JKTC|KNO|2023-12-26|1694600.0
2023-12-26 14:48:08.123456|JKTC|KNO|2023-12-26|1684600.0
2023-12-27 15:18:36.123456|JKTC|KNO|2023-12-27|1633500.0
2023-12-27 16:42:05.123456|JKTC|KNO|2023-12-27|1648500.0
2023-12-27 14:02:22.123456|JKTC|KNO|2023-12-27|1638500.0
2023-12-27 21:20:34.123456|JKTC|KNO|2023-12-27|1633500.0
2023-12-28 21:04:42.123456|JKTC|KNO|2023-12-28|1560100.0
2023-12-28 16:37:42.123456|JKTC|KNO|2023-12-28|1570100.0
2023-12-28 11:17:05.123456|JKTC|KNO|2023-12-28|1565100.0
2023-12-29 17:36:20.123456|JKTC|KNO|2023-12-29|1626700.0
2023-12-29 08:02:16.123456|JKTC|KNO|2023-12-29|1626700.0
2023-12-30 20:16:57.123456|JKTC|KNO|2023-12-30|1748600.0
2023-12-30 08:26:37.123456|JKTC|KNO|2023-12-30|1748600.0
2023-12-30 10:26:44.123456|JKTC|KNO|2023-12-30|1758600.0
2023-12-30 14:11:42.123456|JKTC|KNO|2023-12-30|1763600.0
2023-12-31 18:40:56.123456|JKTC|KNO|2023-12-31|1662100.0
2023-12-31 09:39:30.123456|JKTC|KNO|2023-12-31|1652100.0
2024-01-01 15:40:38.123456|JKTC|KNO|2024-01-01|1429900.0
2024-01-01 10:34:57.123456|JKTC|KNO|2024-01-01|1439900.0
2024-01-01 11:45:58.123456|JKTC|KNO|2024-01-01|1434900.0
2024-01-02 17:01:19.123456|JKTC|KNO|2024-01-02|1367800.0
2024-01-02 15:49:37.123456|JKTC|KNO|2024-01-02|1377800.0
2024-01-03 09:50:14.123456|JKTC|KNO|2024-01-03|1362500.0
2024-01-03 12:17:27.123456|JKTC|KNO|2024-01-03|1367500.0
2024-01-03 13:58:54.123456|JKTC|KNO|2024-01-03|1357500.0
2024-01-03 13:16:44.123456|JKTC|KNO|2024-01-03|1367500.0
2024-01-04 15:47:48.123456|JKTC|KNO|2024-01-04|1364300.0
2024-01-04 08:07:16.123456|JKTC|KNO|2024-01-04|1359300.0
2024-01-04 12:32:05.123456|JKTC|KNO|2024-01-04|1359300.0
2024-01-05 17:48:13.123456|JKTC|KNO|2024-01-05|1431800.0
2024-01-05 15:34:19.123456|JKTC|KNO|2024-01-05|1436800.0
2024-01-05 19:02:23.123456|JKTC|KNO|2024-01-05|1441800.0
2024-01-05 12:37:10.123456|JKTC|KNO|2024-01-05|1426800.0
2024-01-06 21:32:18.123456|JKTC|KNO|2024-01-06|1377300.0
2024-01-06 11:49:12.123456|JKTC|KNO|2024-01-06|1372300.0
2024-01-07 09:15:17.123456|JKTC|KNO|2024-01-07|1320900.0
2024-01-07 15:07:21.123456|JKTC|KNO|2024-01-07|1320900.0
2024-01-07 10:43:17.123456|JKTC|KNO|2024-01-07|1325900.0
2024-01-07 08:45:49.123456|JKTC|KNO|2024-01-07|1315900.0
2024-01-08 18:20:26.123456|JKTC|KNO|2024-01-08|1194700.0
2024-01-08 16:25:31.123456|JKTC|KNO|2024-01-08|1204700.0
2024-01-08 12:34:39.123456|JKTC|KNO|2024-01-08|1204700.0
2024-01-08 14:00:54.123456|JKTC|KNO|2024-01-08|1204700.0
2024-01-09 12:54:20.123456|JKTC|KNO|2024-01-09|1136700.0
2024-01-09 18:44:53.123456|JKTC|KNO|2024-01-09|1136700.0
2024-01-09 14:23:48.123456|JKTC|KNO|2024-01-09|1131700.0
2024-01-10 10:33:06.123456|JKTC|KNO|2024-01-10|1190400.0
2024-01-10 11:25:20.123456|JKTC|KNO|2024-01-10|1175400.0
2024-01-11 15:02:58.123456|JKTC|KNO|2024-01-11|1226600.0
2024-01-11 19:23:51.123456|JKTC|KNO|2024-01-11|1221600.0
2024-01-11 16:43:42.123456|JKTC|KNO|2024-01-11|1221600.0
2024-01-12 12:52:15.123456|JKTC|KNO|2024-01-12|1235800.0
2024-01-12 14:47:36.123456|JKTC|KNO|2024-01-12|1230800.0
2024-01-12 10:01:46.123456|JKTC|KNO|2024-01-12|1230800.0
2024-01-12 15:33:41.123456|JKTC|KNO|2024-01-12|1235800.0
2024-01-13 12:08:44.123456|JKTC|KNO|2024-01-13|1281300.0
2024-01-13 12:28:51.123456|JKTC|KNO|2024-01-13|1291300.0
2024-01-13 08:46:14.123456|JKTC|KNO|2024-01-13|1286300.0
2024-01-14 12:47:46.123456|JKTC|KNO|2024-01-14|1325900.0
2024-01-14 16:33:51.123456|JKTC|KNO|2024-01-14|1330900.0
2024-01-14 15:23:11.123456|JKTC|KNO|2024-01-14|1325900.0
2024-01-15 18:45:57.123456|JKTC|KNO|2024-01-15|1150200.0
2024-01-15 11:08:45.123456|JKTC|KNO|2024-01-15|1155200.0
2024-01-15 12:26:20.123456|JKTC|KNO|2024-01-15|1140200.0
2024-01-16 21:49:11.123456|JKTC|KNO|2024-01-16|1180600.0
2024-01-16 14:50:02.123456|JKTC|KNO|2024-01-16|1190600.0
2024-01-16 13:48:44.123456|JKTC|KNO|2024-01-16|1185600.0
2024-01-17 10:50:11.123456|JKTC|KNO|2024-01-17|1205400.0
2024-01-17 19:58:27.123456|JKTC|KNO|2024-01-17|1195400.0
2024-01-18 18:05:35.123456|JKTC|KNO|2024-01-18|1216700.0
2024-01-18 16:30:53.123456|JKTC|KNO|2024-01-18|1216700.0
2024-01-18 21:48:53.123456|JKTC|KNO|2024-01-18|1226700.0
2024-01-19 14:32:52.123456|JKTC|KNO|2024-01-19|1482800.0
2024-01-19 09:57:20.123456|JKTC|KNO|2024-01-19|1472800.0
2024-01-20 21:29:41.123456|JKTC|KNO|2024-01-20|1445800.0
2024-01-20 12:38:52.123456|JKTC|KNO|2024-01-20|1450800.0
2024-01-20 19:07:49.123456|JKTC|KNO|2024-01-20|1450800.0
2024-01-21 21:18:13.123456|JKTC|KNO|2024-01-21|1428600.0
2024-01-21 16:14:11.123456|JKTC|KNO|2024-01-21|1438600.0
2024-01-21 14:41:57.123456|JKTC|KNO|2024-01-21|1423600.0
2024-01-22 18:53:47.123456|JKTC|KNO|2024-01-22|1180300.0
2024-01-22 13:36:45.123456|JKTC|KNO|2024-01-22|1170300.0
2024-01-22 17:57:58.123456|JKTC|KNO|2024-01-22|1170300.0
2024-01-23 17:31:00.123456|JKTC|KNO|2024-01-23|1220600.0
2024-01-23 13:48:05.123456|JKTC|KNO|2024-01-23|1225600.0
2024-01-23 20:01:07.123456|JKTC|KNO|2024-01-23|1215600.0
2024-01-23 10:35:46.123456|JKTC|KNO|2024-01-23|1225600.0
2024-01-24 15:54:21.123456|JKTC|KNO|2024-01-24|1230800.0
2024-01-24 16:06:29.123456|JKTC|KNO|2024-01-24|1230800.0
2024-01-25 11:50:18.123456|JKTC|KNO|2024-01-25|1345000.0
2024-01-25 08:45:19.123456|JKTC|KNO|2024-01-25|1340000.0
2024-01-26 15:16:02.123456|JKTC|KNO|2024-01-26|1440400.0
2024-01-26 13:21:58.123456|JKTC|KNO|2024-01-26|1440400.0
2024-01-26 21:01:58.123456|JKTC|KNO|2024-01-26|1440400.0
2024-01-26 20:41:34.123456|JKTC|KNO|2024-01-26|1450400.0
2024-01-27 16:53:41.123456|JKTC|KNO|2024-01-27|1393000.0
2024-01-27 21:05:13.123456|JKTC|KNO|2024-01-27|1398000.0
2024-01-27 12:56:17.123456|JKTC|KNO|2024-01-27|1398000.0
2024-01-28 16:55:24.123456|JKTC|KNO|2024-01-28|1370800.0
2024-01-28 20:06:37.123456|JKTC|KNO|2024-01-28|1370800.0
2024-01-29 21:09:18.123456|JKTC|KNO|2024-01-29|1363700.0
2024-01-29 17:12:27.123456|JKTC|KNO|2024-01-29|1353700.0
2024-01-29 17:23:29.123456|JKTC|KNO|2024-01-29|1348700.0
2024-01-30 21:39:24.123456|JKTC|KNO|2024-01-30|1203400.0
2024-01-30 21:42:41.123456|JKTC|KNO|2024-01-30|1208400.0
2024-01-31 19:01:45.123456|JKTC|KNO|2024-01-31|1302900.0
2024-01-31 11:52:21.123456|JKTC|KNO|2024-01-31|1312900.0
2024-02-01 15:41:00.123456|JKTC|KNO|2024-02-01|1271100.0
2024-02-01 10:53:17.123456|JKTC|KNO|2024-02-01|1286100.0
2024-02-01 10:23:47.123456|JKTC|KNO|2024-02-01|1271100.0
2024-02-02 14:51:09.123456|JKTC|KNO|2024-02-02|1388000.0
2024-02-02 18:35:32.123456|JKTC|KNO|2024-02-02|1388000.0
2024-02-02 14:33:42.123456|JKTC|KNO|2024-02-02|1383000.0
2024-02-03 17:28:51.123456|JKTC|KNO|2024-02-03|1420800.0
2024-02-03 08:54:56.123456|JKTC|KNO|2024-02-03|1435800.0
2024-02-03 12:52:57.123456|JKTC|KNO|2024-02-03|1425800.0
2024-02-04 08:09:20.123456|JKTC|KNO|2024-02-04|1404800.0
2024-02-04 21:03:38.123456|JKTC|KNO|2024-02-04|1404800.0
2024-02-04 15:07:24.123456|JKTC|KNO|2024-02-04|1409800.0
2024-02-04 19:58:16.123456|JKTC|KNO|2024-02-04|1399800.0
2024-02-05 13:07:37.123456|JKTC|KNO|2024-02-05|1279900.0
2024-02-05 19:16:04.123456|JKTC|KNO|2024-02-05|1279900.0
2024-02-05 18:22:55.123456|JKTC|KNO|2024-02-05|1289900.0
2024-02-05 10:19:13.123456|JKTC|KNO|2024-02-05|1279900.0
2024-02-06 13:24:22.123456|JKTC|KNO|2024-02-06|1153800.0
2024-02-06 18:32:43.123456|JKTC|KNO|2024-02-06|1158800.0
2024-02-07 19:07:11.123456|JKTC|KNO|2024-02-07|1217200.0
2024-02-07 18:17:00.123456|JKTC|KNO|2024-02-07|1222200.0
2024-02-07 16:39:10.123456|JKTC|KNO|2024-02-07|1222200.0
2024-02-08 14:10:02.123456|JKTC|KNO|2024-02-08|1137600.0
2024-02-08 20:34:24.123456|JKTC|KNO|2024-02-08|1132600.0
2024-02-09 16:10:51.123456|JKTC|KNO|2024-02-09|1370100.0
2024-02-09 10:14:56.123456|JKTC|KNO|2024-02-09|1365100.0
2024-02-09 16:42:49.123456|JKTC|KNO|2024-02-09|1370100.0
2024-02-10 11:46:36.123456|JKTC|KNO|2024-02-10|1296200.0
2024-02-10 19:45:47.123456|JKTC|KNO|2024-02-10|1291200.0
2024-02-10 13:57:34.123456|JKTC|KNO|2024-02-10|1291200.0
2024-02-10 20:45:52.123456|JKTC|KNO|2024-02-10|1291200.0
2024-02-11 17:25:02.123456|JKTC|KNO|2024-02-11|1353500.0
2024-02-11 16:27:07.123456|JKTC|KNO|2024-02-11|1353500.0
2024-02-11 09:48:08.123456|JKTC|KNO|2024-02-11|1338500.0
2024-02-12 18:57:28.123456|JKTC|KNO|2024-02-12|1287700.0
2024-02-12 14:18:54.123456|JKTC|KNO|2024-02-12|1297700.0
2024-02-12 19:29:44.123456|JKTC|KNO|2024-02-12|1292700.0
2024-02-13 21:48:30.123456|JKTC|KNO|2024-02-13|1276100.0
2024-02-13 20:57:43.123456|JKTC|KNO|2024-02-13|1271100.0
2024-02-13 10:14:50.123456|JKTC|KNO|2024-02-13|1271100.0
2024-02-14 08:44:47.123456|JKTC|KNO|2024-02-14|1199500.0
2024-02-14 09:00:21.123456|JKTC|KNO|2024-02-14|1199500.0
2024-02-15 18:15:51.123456|JKTC|KNO|2024-02-15|1328300.0
2024-02-15 11:13:22.123456|JKTC|KNO|2024-02-15|1318300.0
2024-02-16 13:01:48.123456|JKTC|KNO|2024-02-16|1402900.0
2024-02-16 12:23:11.123456|JKTC|KNO|2024-02-16|1387900.0
2024-02-16 17:17:31.123456|JKTC|KNO|2024-02-16|1392900.0
2024-02-16 12:58:22.123456|JKTC|KNO|2024-02-16|1402900.0
2024-02-17 14:13:49.123456|JKTC|KNO|2024-02-17|1453300.0
2024-02-17 12:01:18.123456|JKTC|KNO|2024-02-17|1443300.0
2024-02-17 09:52:47.123456|JKTC|KNO|2024-02-17|1438300.0
2024-02-17 20:32:14.123456|JKTC|KNO|2024-02-17|1453300.0
2024-02-18 11:08:27.123456|JKTC|KNO|2024-02-18|1466700.0
2024-02-18 10:11:35.123456|JKTC|KNO|2024-02-18|1471700.0
2024-02-18 17:48:21.123456|JKTC|KNO|2024-02-18|1471700.0
2024-02-18 20:56:16.123456|JKTC|KNO|2024-02-18|1456700.0
2024-02-19 11:01:51.123456|JKTC|KNO|2024-02-19|1197100.0
2024-02-19 14:36:47.123456|JKTC|KNO|2024-02-19|1207100.0
2024-02-20 08:28:39.123456|JKTC|KNO|2024-02-20|1346500.0
2024-02-20 11:52:44.123456|JKTC|KNO|2024-02-20|1356500.0
2024-02-21 12:10:01.123456|JKTC|KNO|2024-02-21|1353500.0
2024-02-21 21:20:32.123456|JKTC|KNO|2024-02-21|1353500.0
2024-02-21 19:10:45.123456|JKTC|KNO|2024-02-21|1363500.0
2024-02-22 15:06:27.123456|JKTC|KNO|2024-02-22|1348300.0
2024-02-22 18:43:29.123456|JKTC|KNO|2024-02-22|1348300.0
2024-02-23 20:33:31.123456|JKTC|KNO|2024-02-23|1564900.0
2024-02-23 13:37:02.123456|JKTC|KNO|2024-02-23|1549900.0
2024-02-24 21:55:37.123456|JKTC|KNO|2024-02-24|1546600.0
2024-02-24 15:26:10.123456|JKTC|KNO|2024-02-24|1531600.0
2024-02-24 11:10:49.123456|JKTC|KNO|2024-02-24|1531600.0
2024-02-25 20:18:26.123456|JKTC|KNO|2024-02-25|1540700.0
2024-02-25 14:15:24.123456|JKTC|KNO|2024-02-25|1545700.0
2024-02-25 11:18:12.123456|JKTC|KNO|2024-02-25|1540700.0
2024-02-26 21:13:24.123456|JKTC|KNO|2024-02-26|1325000.0
2024-02-26 09:28:43.123456|JKTC|KNO|2024-02-26|1330000.0
2024-02-26 15:06:57.123456|JKTC|KNO|2024-02-26|1335000.0
2024-02-27 12:57:26.123456|JKTC|KNO|2024-02-27|1417500.0
2024-02-27 08:35:18.123456|JKTC|KNO|2024-02-27|1407500.0
2024-02-27 13:11:48.123456|JKTC|KNO|2024-02-27|1407500.0
2024-02-27 09:02:03.123456|JKTC|KNO|2024-02-27|1407500.0
2024-02-28 18:25:26.123456|JKTC|KNO|2024-02-28|1349900.0
2024-02-28 19:40:09.123456|JKTC|KNO|2024-02-28|1364900.0
2024-02-28 12:00:20.123456|JKTC|KNO|2024-02-28|1354900.0
2024-02-29 19:50:26.123456|JKTC|KNO|2024-02-29|1271400.0
2024-02-29 10:33:47.123456|JKTC|KNO|2024-02-29|1286400.0
2024-02-29 14:11:29.123456|JKTC|KNO|2024-02-29|1281400.0
2024-02-29 11:06:53.123456|JKTC|KNO|2024-02-29|1271400.0
2024-03-01 08:15:07.123456|JKTC|KNO|2024-03-01|1534000.0
2024-03-01 18:40:14.123456|JKTC|KNO|2024-03-01|1534000.0
2024-03-01 20:20:54.123456|JKTC|KNO|2024-03-01|1529000.0
2024-03-02 10:49:10.123456|JKTC|KNO|2024-03-02|1426200.0
2024-03-02 18:00:29.123456|JKTC|KNO|2024-03-02|1426200.0
2024-03-03 12:54:54.123456|JKTC|KNO|2024-03-03|1516300.0
2024-03-03 18:05:15.123456|JKTC|KNO|2024-03-03|1526300.0
2024-03-03 19:22:56.123456|JKTC|KNO|2024-03-03|1516300.0
2024-03-03 12:39:32.123456|JKTC|KNO|2024-03-03|1521300.0
2024-03-04 20:33:19.123456|JKTC|KNO|2024-03-04|1349400.0
2024-03-04 17:07:29.123456|JKTC|KNO|2024-03-04|1349400.0
2024-03-04 14:12:30.123456|JKTC|KNO|2024-03-04|1339400.0
2024-03-04 21:57:35.123456|JKTC|KNO|2024-03-04|1344400.0
2024-03-05 21:40:00.123456|JKTC|KNO|2024-03-05|1319800.0
2024-03-05 19:51:08.123456|JKTC|KNO|2024-03-05|1329800.0
2024-03-06 19:35:52.123456|JKTC|KNO|2024-03-06|1254400.0
2024-03-06 13:09:18.123456|JKTC|KNO|2024-03-06|1244400.0
2024-03-06 13:57:35.123456|JKTC|KNO|2024-03-06|1249400.0
2024-03-06 09:01:05.123456|JKTC|KNO|2024-03-06|1254400.0
2024-03-07 11:48:44.123456|JKTC|KNO|2024-03-07|1237700.0
2024-03-07 15:15:20.123456|JKTC|KNO|2024-03-07|1227700.0
2024-03-08 16:45:26.123456|JKTC|KNO|2024-03-08|1415200.0
2024-03-08 13:32:18.123456|JKTC|KNO|2024-03-08|1420200.0
2024-03-09 12:45:03.123456|JKTC|KNO|2024-03-09|1485000.0
2024-03-09 14:16:26.123456|JKTC|KNO|2024-03-09|1470000.0
2024-03-09 14:27:41.123456|JKTC|KNO|2024-03-09|1475000.0
2024-03-09 09:23:23.123456|JKTC|KNO|2024-03-09|1485000.0
2024-03-10 17:58:37.123456|JKTC|KNO|2024-03-10|1400000.0
2024-03-10 09:04:42.123456|JKTC|KNO|2024-03-10|1410000.0
2024-03-10 10:32:25.123456|JKTC|KNO|2024-03-10|1405000.0
2024-03-11 12:34:17.123456|JKTC|KNO|2024-03-11|1294500.0
2024-03-11 13:45:32.123456|JKTC|KNO|2024-03-11|1294500.0
2024-03-12 09:36:01.123456|JKTC|KNO|2024-03-12|1249300.0
2024-03-12 21:39:35.123456|JKTC|KNO|2024-03-12|1239300.0
2024-03-12 15:11:39.123456|JKTC|KNO|2024-03-12|1249300.0
2024-03-12 10:19:48.123456|JKTC|KNO|2024-03-12|1244300.0
2024-03-13 09:22:18.123456|JKTC|KNO|2024-03-13|1268900.0
2024-03-13 20:06:40.123456|JKTC|KNO|2024-03-13|1273900.0
2024-03-13 10:37:02.123456|JKTC|KNO|2024-03-13|1273900.0
2024-03-14 08:55:36.123456|JKTC|KNO|2024-03-14|1262200.0
2024-03-14 13:00:27.123456|JKTC|KNO|2024-03-14|1262200.0
2024-03-15 20:41:05.123456|JKTC|KNO|2024-03-15|1353300.0
2024-03-15 15:50:16.123456|JKTC|KNO|2024-03-15|1348300.0
2024-03-15 09:21:21.123456|JKTC|KNO|2024-03-15|1343300.0
2024-03-16 20:08:39.123456|JKTC|KNO|2024-03-16|1479600.0
2024-03-16 21:22:54.123456|JKTC|KNO|2024-03-16|1474600.0
2024-03-16 12:46:33.123456|JKTC|KNO|2024-03-16|1479600.0
2024-03-16 13:17:34.123456|JKTC|KNO|2024-03-16|1474600.0
2024-03-17 08:21:42.123456|JKTC|KNO|2024-03-17|1479100.0
2024-03-17 13:46:15.123456|JKTC|KNO|2024-03-17|1489100.0
2024-03-18 16:11:38.123456|JKTC|KNO|2024-03-18|1392000.0
2024-03-18 14:32:13.123456|JKTC|KNO|2024-03-18|1392000.0
2024-03-19 16:33:16.123456|JKTC|KNO|2024-03-19|1338800.0
2024-03-19 14:50:24.123456|JKTC|KNO|2024-03-19|1338800.0
2024-03-19 10:01:33.123456|JKTC|KNO|2024-03-19|1343800.0
2024-03-20 15:13:14.123456|JKTC|KNO|2024-03-20|1383200.0
2024-03-20 13:14:38.123456|JKTC|KNO|2024-03-20|1383200.0
2024-03-20 11:27:46.123456|JKTC|KNO|2024-03-20|1388200.0
2024-03-21 09:10:53.123456|JKTC|KNO|2024-03-21|1342800.0
2024-03-21 18:20:24.123456|JKTC|KNO|2024-03-21|1347800.0
2024-03-21 21:55:43.123456|JKTC|KNO|2024-03-21|1347800.0
2024-03-21 18:04:43.123456|JKTC|KNO|2024-03-21|1347800.0
2024-03-22 14:21:24.123456|JKTC|KNO|2024-03-22|1462600.0
2024-03-22 18:05:04.123456|JKTC|KNO|2024-03-22|1462600.0
2024-03-23 15:33:01.123456|JKTC|KNO|2024-03-23|1520500.0
2024-03-23 17:55:52.123456|JKTC|KNO|2024-03-23|1510500.0
2024-03-24 13:28:48.123456|JKTC|KNO|2024-03-24|1480200.0
2024-03-24 16:19:44.123456|JKTC|KNO|2024-03-24|1490200.0
2024-03-24 10:08:13.123456|JKTC|KNO|2024-03-24|1490200.0
2024-03-25 14:05:05.123456|JKTC|KNO|2024-03-25|1257800.0
2024-03-25 19:45:45.123456|JKTC|KNO|2024-03-25|1267800.0
2024-03-25 20:23:32.123456|JKTC|KNO|2024-03-25|1272800.0
2024-03-25 16:19:27.123456|JKTC|KNO|2024-03-25|1272800.0
2024-03-26 12:19:00.123456|JKTC|KNO|2024-03-26|1342500.0
2024-03-26 19:06:18.123456|JKTC|KNO|2024-03-26|1332500.0
2024-03-26 21:38:00.123456|JKTC|KNO|2024-03-26|1337500.0
2024-03-27 08:06:17.123456|JKTC|KNO|2024-03-27|1329900.0
2024-03-27 14:37:22.123456|JKTC|KNO|2024-03-27|1329900.0
2024-03-27 13:18:15.123456|JKTC|KNO|2024-03-27|1319900.0
2024-03-27 19:44:32.123456|JKTC|KNO|2024-03-27|1324900.0
2024-03-28 08:28:38.123456|JKTC|KNO|2024-03-28|1437600.0
2024-03-28 16:13:09.123456|JKTC|KNO|2024-03-28|1427600.0
2024-03-28 18:36:13.123456|JKTC|KNO|2024-03-28|1427600.0
2024-03-28 09:58:33.123456|JKTC|KNO|2024-03-28|1427600.0
2024-03-29 11:44:07.123456|JKTC|KNO|2024-03-29|1510800.0
2024-03-29 12:17:58.123456|JKTC|KNO|2024-03-29|1525800.0
2024-03-29 11:20:34.123456|JKTC|KNO|2024-03-29|1515800.0
2024-03-30 12:39:06.123456|JKTC|KNO|2024-03-30|1572200.0
2024-03-30 11:04:29.123456|JKTC|KNO|2024-03-30|1567200.0
2024-03-30 12:48:41.123456|JKTC|KNO|2024-03-30|1557200.0
2024-03-31 13:03:09.123456|JKTC|KNO|2024-03-31|1435700.0
2024-03-31 16:16:53.123456|JKTC|KNO|2024-03-31|1425700.0
2024-04-01 08:16:41.123456|JKTC|KNO|2024-04-01|1373400.0
2024-04-01 11:26:24.123456|JKTC|KNO|2024-04-01|1373400.0
2024-04-01 13:36:00.123456|JKTC|KNO|2024-04-01|1368400.0
2024-04-02 13:28:11.123456|JKTC|KNO|2024-04-02|1310500.0
2024-04-02 12:42:31.123456|JKTC|KNO|2024-04-02|1310500.0
2024-04-02 11:26:49.123456|JKTC|KNO|2024-04-02|1320500.0
2024-04-02 17:07:39.123456|JKTC|KNO|2024-04-02|1315500.0
2024-04-03 20:11:55.123456|JKTC|KNO|2024-04-03|1321800.0
2024-04-03 12:34:44.123456|JKTC|KNO|2024-04-03|1311800.0
2024-04-03 12:38:00.123456|JKTC|KNO|2024-04-03|1321800.0
2024-04-04 10:09:03.123456|JKTC|KNO|2024-04-04|1376600.0
2024-04-04 10:03:16.123456|JKTC|KNO|2024-04-04|1366600.0
2024-04-05 12:51:26.123456|JKTC|KNO|2024-04-05|1462300.0
2024-04-05 15:03:04.123456|JKTC|KNO|2024-04-05|1462300.0
2024-04-05 13:01:57.123456|JKTC|KNO|2024-04-05|1462300.0
2024-04-06 14:22:58.123456|JKTC|KNO|2024-04-06|1583400.0
2024-04-06 10:01:34.123456|JKTC|KNO|2024-04-06|1588400.0
2024-04-07 11:21:57.123456|JKTC|KNO|2024-04-07|1635100.0
2024-04-07 21:02:57.123456|JKTC|KNO|2024-04-07|1630100.0
2024-04-08 17:17:09.123456|JKTC|KNO|2024-04-08|1445800.0
2024-04-08 13:16:26.123456|JKTC|KNO|2024-04-08|1450800.0
2024-04-08 14:35:26.123456|JKTC|KNO|2024-04-08|1445800.0
2024-04-08 19:07:11.123456|JKTC|KNO|2024-04-08|1455800.0
2024-04-09 14:23:19.123456|JKTC|KNO|2024-04-09|1469800.0
2024-04-09 12:35:49.123456|JKTC|KNO|2024-04-09|1464800.0
2024-04-09 15:19:46.123456|JKTC|KNO|2024-04-09|1459800.0
2024-04-09 17:58:24.123456|JKTC|KNO|2024-04-09|1469800.0
2024-04-10 12:31:20.123456|JKTC|KNO|2024-04-10|1536900.0
2024-04-10 09:36:54.123456|JKTC|KNO|2024-04-10|1551900.0
2024-04-10 15:50:28.123456|JKTC|KNO|2024-04-10|1536900.0
2024-04-11 10:50:27.123456|JKTC|KNO|2024-04-11|1476300.0
2024-04-11 18:28:43.123456|JKTC|KNO|2024-04-11|1471300.0
2024-04-12 08:39:13.123456|JKTC|KNO|2024-04-12|1716200.0
2024-04-12 15:18:10.123456|JKTC|KNO|2024-04-12|1716200.0
2024-04-13 09:29:08.123456|JKTC|KNO|2024-04-13|1750800.0
2024-04-13 12:30:11.123456|JKTC|KNO|2024-04-13|1745800.0
2024-04-14 19:44:10.123456|JKTC|KNO|2024-04-14|1850000.0
2024-04-14 16:09:23.123456|JKTC|KNO|2024-04-14|1855000.0
2024-04-14 17:12:48.123456|JKTC|KNO|2024-04-14|1845000.0
2024-04-14 18:00:56.123456|JKTC|KNO|2024-04-14|1860000.0
2024-04-15 21:37:15.123456|JKTC|KNO|2024-04-15|1734300.0
2024-04-15 16:56:01.123456|JKTC|KNO|2024-04-15|1724300.0
2024-04-15 10:00:05.123456|JKTC|KNO|2024-04-15|1734300.0
2024-04-16 21:04:01.123456|JKTC|KNO|2024-04-16|1702900.0
2024-04-16 18:13:28.123456|JKTC|KNO|2024-04-16|1702900.0
2024-04-17 11:06:13.123456|JKTC|KNO|2024-04-17|1800700.0
2024-04-17 19:24:44.123456|JKTC|KNO|2024-04-17|1790700.0
2024-04-17 10:51:09.123456|JKTC|KNO|2024-04-17|1790700.0
2024-04-18 21:05:21.123456|JKTC|KNO|2024-04-18|1791900.0
2024-04-18 13:38:16.123456|JKTC|KNO|2024-04-18|1776900.0
2024-04-19 15:09:19.123456|JKTC|KNO|2024-04-19|1855000.0
2024-04-19 10:30:58.123456|JKTC|KNO|2024-04-19|1860000.0
2024-04-19 11:40:09.123456|JKTC|KNO|2024-04-19|1850000.0
2024-04-19 10:45:51.123456|JKTC|KNO|2024-04-19|1860000.0
2024-04-20 19:14:39.123456|JKTC|KNO|2024-04-20|1860000.0
2024-04-20 16:43:15.123456|JKTC|KNO|2024-04-20|1845000.0
2024-04-20 14:02:05.123456|JKTC|KNO|2024-04-20|1850000.0
2024-04-21 19:54:04.123456|JKTC|KNO|2024-04-21|1860000.0
2024-04-21 12:03:18.123456|JKTC|KNO|2024-04-21|1850000.0
2024-04-22 12:28:32.123456|JKTC|KNO|2024-04-22|1855000.0
2024-04-22 09:03:38.123456|JKTC|KNO|2024-04-22|1845000.0
2024-04-22 10:37:53.123456|JKTC|KNO|2024-04-22|1850000.0
2024-04-23 17:33:17.123456|JKTC|KNO|2024-04-23|1803000.0
2024-04-23 17:56:39.123456|JKTC|KNO|2024-04-23|1798000.0
2024-04-23 15:57:06.123456|JKTC|KNO|2024-04-23|1808000.0
2024-04-23 12:09:27.123456|JKTC|KNO|2024-04-23|1798000.0
2024-04-24 09:01:48.123456|JKTC|KNO|2024-04-24|1836700.0
2024-04-24 13:00:53.123456|JKTC|KNO|2024-04-24|1846700.0
2024-04-24 17:01:07.123456|JKTC|KNO|2024-04-24|1831700.0
2024-04-25 10:27:36.123456|JKTC|KNO|2024-04-25|1786700.0
2024-04-25 21:09:34.123456|JKTC|KNO|2024-04-25|1771700.0
2024-04-25 12:04:19.123456|JKTC|KNO|2024-04-25|1781700.0
2024-04-26 19:05:29.123456|JKTC|KNO|2024-04-26|1855000.0
2024-04-26 12:43:53.123456|JKTC|KNO|2024-04-26|1855000.0
2024-04-27 18:46:54.123456|JKTC|KNO|2024-04-27|1850000.0
2024-04-27 17:44:47.123456|JKTC|KNO|2024-04-27|1860000.0
2024-04-28 18:12:52.123456|JKTC|KNO|2024-04-28|1749300.0
2024-04-28 19:05:52.123456|JKTC|KNO|2024-04-28|1764300.0
2024-04-29 20:12:20.123456|JKTC|KNO|2024-04-29|1541300.0
2024-04-29 19:12:38.123456|JKTC|KNO|2024-04-29|1541300.0
2024-04-29 19:11:23.123456|JKTC|KNO|2024-04-29|1541300.0
2024-04-30 16:26:25.123456|JKTC|KNO|2024-04-30|1547600.0
2024-04-30 09:27:04.123456|JKTC|KNO|2024-04-30|1557600.0
2024-04-30 09:22:12.123456|JKTC|KNO|2024-04-30|1557600.0
2024-05-01 16:52:16.123456|JKTC|KNO|2024-05-01|1403200.0
2024-05-01 11:22:40.123456|JKTC|KNO|2024-05-01|1408200.0
2024-05-02 18:20:48.123456|JKTC|KNO|2024-05-02|1455900.0
2024-05-02 14:27:32.123456|JKTC|KNO|2024-05-02|1460900.0
2024-05-03 08:08:23.123456|JKTC|KNO|2024-05-03|1534700.0
2024-05-03 12:55:01.123456|JKTC|KNO|2024-05-03|1539700.0
2024-05-03 14:30:42.123456|JKTC|KNO|2024-05-03|1524700.0
2024-05-03 19:46:02.123456|JKTC|KNO|2024-05-03|1529700.0
2024-05-04 20:00:03.123456|JKTC|KNO|2024-05-04|1616700.0
2024-05-04 18:12:56.123456|JKTC|KNO|2024-05-04|1601700.0
2024-05-05 19:25:27.123456|JKTC|KNO|2024-05-05|1449100.0
2024-05-05 11:49:54.123456|JKTC|KNO|2024-05-05|1454100.0
2024-05-05 16:30:40.123456|JKTC|KNO|2024-05-05|1454100.0
2024-05-06 08:46:29.123456|JKTC|KNO|2024-05-06|1260600.0
2024-05-06 21:40:16.123456|JKTC|KNO|2024-05-06|1260600.0
2024-05-06 20:04:29.123456|JKTC|KNO|2024-05-06|1260600.0
2024-05-07 14:51:38.123456|JKTC|KNO|2024-05-07|1296700.0
2024-05-07 09:30:03.123456|JKTC|KNO|2024-05-07|1291700.0
2024-05-07 08:14:58.123456|JKTC|KNO|2024-05-07|1281700.0
2024-05-08 08:04:28.123456|JKTC|KNO|2024-05-08|1205500.0
2024-05-08 08:02:45.123456|JKTC|KNO|2024-05-08|1200500.0
2024-05-08 11:39:53.123456|JKTC|KNO|2024-05-08|1200500.0
2024-05-09 13:44:40.123456|JKTC|KNO|2024-05-09|1242500.0
2024-05-09 09:00:28.123456|JKTC|KNO|2024-05-09|1227500.0
2024-05-10 12:54:51.123456|JKTC|KNO|2024-05-10|1372600.0
2024-05-10 20:57:52.123456|JKTC|KNO|2024-05-10|1367600.0
2024-05-10 13:25:42.123456|JKTC|KNO|2024-05-10|1377600.0
2024-05-10 12:41:31.123456|JKTC|KNO|2024-05-10|1377600.0
2024-05-11 18:39:19.123456|JKTC|KNO|2024-05-11|1424000.0
2024-05-11 11:17:36.123456|JKTC|KNO|2024-05-11|1419000.0
2024-05-11 20:46:09.123456|JKTC|KNO|2024-05-11|1409000.0
2024-05-11 08:15:16.123456|JKTC|KNO|2024-05-11|1414000.0
2024-05-12 09:03:07.123456|JKTC|KNO|2024-05-12|1360000.0
2024-05-12 15:52:19.123456|JKTC|KNO|2024-05-12|1375000.0
2024-05-13 09:42:34.123456|JKTC|KNO|2024-05-13|1230600.0
2024-05-13 15:30:00.123456|JKTC|KNO|2024-05-13|1235600.0
2024-05-14 18:37:00.123456|JKTC|KNO|2024-05-14|1279600.0
2024-05-14 17:39:39.123456|JKTC|KNO|2024-05-14|1294600.0
2024-05-15 13:00:44.123456|JKTC|KNO|2024-05-15|1182000.0
2024-05-15 21:23:37.123456|JKTC|KNO|2024-05-15|1182000.0
2024-05-15 11:36:20.123456|JKTC|KNO|2024-05-15|1177000.0
2024-05-15 19:58:36.123456|JKTC|KNO|2024-05-15|1167000.0
2024-05-16 20:58:30.123456|JKTC|KNO|2024-05-16|1376100.0
2024-05-16 18:28:35.123456|JKTC|KNO|2024-05-16|1386100.0
2024-05-16 18:21:50.123456|JKTC|KNO|2024-05-16|1371100.0
2024-05-16 19:10:37.123456|JKTC|KNO|2024-05-16|1376100.0
2024-05-17 18:13:56.123456|JKTC|KNO|2024-05-17|1459800.0
2024-05-17 08:27:11.123456|JKTC|KNO|2024-05-17|1459800.0
2024-05-17 09:12:43.123456|JKTC|KNO|2024-05-17|1474800.0
2024-05-18 15:38:40.123456|JKTC|KNO|2024-05-18|1460300.0
2024-05-18 14:24:52.123456|JKTC|KNO|2024-05-18|1455300.0
2024-05-18 21:48:37.123456|JKTC|KNO|2024-05-18|1455300.0
2024-05-18 12:11:41.123456|JKTC|KNO|2024-05-18|1460300.0
2024-05-19 19:41:46.123456|JKTC|KNO|2024-05-19|1475000.0
2024-05-19 15:13:07.123456|JKTC|KNO|2024-05-19|1470000.0
2024-05-19 18:14:09.123456|JKTC|KNO|2024-05-19|1480000.0
2024-05-20 09:35:02.123456|JKTC|KNO|2024-05-20|1230800.0
2024-05-20 19:10:47.123456|JKTC|KNO|2024-05-20|1225800.0
2024-05-20 19:16:09.123456|JKTC|KNO|2024-05-20|1225800.0
2024-05-21 13:57:36.123456|JKTC|KNO|2024-05-21|1335300.0
2024-05-21 15:28:00.123456|JKTC|KNO|2024-05-21|1350300.0
2024-05-22 18:08:31.123456|JKTC|KNO|2024-05-22|1362500.0
2024-05-22 19:26:56.123456|JKTC|KNO|2024-05-22|1372500.0
2024-05-23 18:43:10.123456|JKTC|KNO|2024-05-23|1359300.0
2024-05-23 16:57:40.123456|JKTC|KNO|2024-05-23|1364300.0
2024-05-24 15:35:50.123456|JKTC|KNO|2024-05-24|1418600.0
2024-05-24 19:10:15.123456|JKTC|KNO|2024-05-24|1418600.0
2024-05-25 13:17:37.123456|JKTC|KNO|2024-05-25|1461000.0
2024-05-25 18:30:32.123456|JKTC|KNO|2024-05-25|1456000.0
2024-05-25 09:14:17.123456|JKTC|KNO|2024-05-25|1461000.0
2024-05-25 13:51:15.123456|JKTC|KNO|2024-05-25|1471000.0
2024-05-26 19:23:26.123456|JKTC|KNO|2024-05-26|1503400.0
2024-05-26 11:43:38.123456|JKTC|KNO|2024-05-26|1498400.0
2024-05-26 17:35:04.123456|JKTC|KNO|2024-05-26|1498400.0
2024-05-26 20:49:44.123456|JKTC|KNO|2024-05-26|1508400.0
2024-05-27 10:03:02.123456|JKTC|KNO|2024-05-27|1326700.0
2024-05-27 15:43:56.123456|JKTC|KNO|2024-05-27|1331700.0
2024-05-28 13:49:17.123456|JKTC|KNO|2024-05-28|1350900.0
2024-05-28 10:09:07.123456|JKTC|KNO|2024-05-28|1345900.0
2024-05-28 08:30:34.123456|JKTC|KNO|2024-05-28|1345900.0
2024-05-28 16:20:26.123456|JKTC|KNO|2024-05-28|1335900.0
2024-05-29 14:39:08.123456|JKTC|KNO|2024-05-29|1265000.0
2024-05-29 17:13:20.123456|JKTC|KNO|2024-05-29|1265000.0
2024-05-29 10:58:36.123456|JKTC|KNO|2024-05-29|1265000.0
2024-05-30 16:24:34.123456|JKTC|KNO|2024-05-30|1260100.0
2024-05-30 15:39:22.123456|JKTC|KNO|2024-05-30|1260100.0
2024-05-30 18:20:00.123456|JKTC|KNO|2024-05-30|1255100.0
2024-05-31 10:04:47.123456|JKTC|KNO|2024-05-31|1353100.0
2024-05-31 20:22:08.123456|JKTC|KNO|2024-05-31|1348100.0
2024-05-31 18:38:26.123456|JKTC|KNO|2024-05-31|1363100.0
2024-06-01 19:44:50.123456|JKTC|KNO|2024-06-01|1440700.0
2024-06-01 09:30:57.123456|JKTC|KNO|2024-06-01|1455700.0
2024-06-01 11:52:26.123456|JKTC|KNO|2024-06-01|1440700.0
2024-06-01 11:20:57.123456|JKTC|KNO|2024-06-01|1440700.0
2024-06-02 11:10:10.123456|JKTC|KNO|2024-06-02|1392400.0
2024-06-02 12:10:55.123456|JKTC|KNO|2024-06-02|1387400.0
2024-06-02 18:28:04.123456|JKTC|KNO|2024-06-02|1377400.0
2024-06-03 18:26:58.123456|JKTC|KNO|2024-06-03|1229200.0
2024-06-03 16:56:22.123456|JKTC|KNO|2024-06-03|1234200.0
2024-06-04 13:36:02.123456|JKTC|KNO|2024-06-04|1248100.0
2024-06-04 08:23:27.123456|JKTC|KNO|2024-06-04|1243100.0
2024-06-04 19:07:19.123456|JKTC|KNO|2024-06-04|1233100.0
2024-06-04 08:26:30.123456|JKTC|KNO|2024-06-04|1243100.0
2024-06-05 08:42:31.123456|JKTC|KNO|2024-06-05|1169400.0
2024-06-05 09:54:03.123456|JKTC|KNO|2024-06-05|1169400.0
2024-06-05 09:26:56.123456|JKTC|KNO|2024-06-05|1154400.0
2024-06-05 09:01:46.123456|JKTC|KNO|2024-06-05|1159400.0
2024-06-06 10:43:29.123456|JKTC|KNO|2024-06-06|1227500.0
2024-06-06 20:06:18.123456|JKTC|KNO|2024-06-06|1227500.0
2024-06-06 17:02:52.123456|JKTC|KNO|2024-06-06|1227500.0
2024-06-06 14:05:29.123456|JKTC|KNO|2024-06-06|1227500.0
2024-06-07 10:04:24.123456|JKTC|KNO|2024-06-07|1357300.0
2024-06-07 10:47:12.123456|JKTC|KNO|2024-06-07|1357300.0
2024-06-08 13:48:07.123456|JKTC|KNO|2024-06-08|1364400.0
2024-06-08 21:56:20.123456|JKTC|KNO|2024-06-08|1379400.0
2024-06-08 13:10:03.123456|JKTC|KNO|2024-06-08|1379400.0
2024-06-08 14:03:51.123456|JKTC|KNO|2024-06-08|1369400.0
2024-06-09 12:51:35.123456|JKTC|KNO|2024-06-09|1339400.0
2024-06-09 08:41:31.123456|JKTC|KNO|2024-06-09|1344400.0
2024-06-10 14:10:03.123456|JKTC|KNO|2024-06-10|1161900.0
2024-06-10 15:21:11.123456|JKTC|KNO|2024-06-10|1166900.0
2024-06-10 16:45:02.123456|JKTC|KNO|2024-06-10|1161900.0
2024-06-11 16:15:57.123456|JKTC|KNO|2024-06-11|1199700.0
2024-06-11 13:54:25.123456|JKTC|KNO|2024-06-11|1199700.0
2024-06-11 12:23:41.123456|JKTC|KNO|2024-06-11|1184700.0
2024-06-11 13:58:56.123456|JKTC|KNO|2024-06-11|1184700.0
2024-06-12 20:21:58.123456|JKTC|KNO|2024-06-12|1200400.0
2024-06-12 14:00:28.123456|JKTC|KNO|2024-06-12|1190400.0
2024-06-13 10:17:15.123456|JKTC|KNO|2024-06-13|1165900.0
2024-06-13 11:36:01.123456|JKTC|KNO|2024-06-13|1160900.0
2024-06-13 19:45:48.123456|JKTC|KNO|2024-06-13|1165900.0
2024-06-14 16:07:21.123456|JKTC|KNO|2024-06-14|1321000.0
2024-06-14 16:08:50.123456|JKTC|KNO|2024-06-14|1321000.0
2024-06-14 08:11:09.123456|JKTC|KNO|2024-06-14|1326000.0
2024-06-14 15:11:04.123456|JKTC|KNO|2024-06-14|1321000.0
2024-06-15 18:42:51.123456|JKTC|KNO|2024-06-15|1328900.0
2024-06-15 11:43:48.123456|JKTC|KNO|2024-06-15|1333900.0
2024-06-15 16:31:12.123456|JKTC|KNO|2024-06-15|1323900.0
2024-06-15 19:21:46.123456|JKTC|KNO|2024-06-15|1328900.0
2024-06-16 13:58:47.123456|JKTC|KNO|2024-06-16|1247500.0
2024-06-16 19:06:06.123456|JKTC|KNO|2024-06-16|1242500.0
2024-06-16 18:05:10.123456|JKTC|KNO|2024-06-16|1247500.0
2024-06-17 20:57:34.123456|JKTC|KNO|2024-06-17|1210800.0
2024-06-17 18:19:32.123456|JKTC|KNO|2024-06-17|1215800.0
2024-06-17 15:18:49.123456|JKTC|KNO|2024-06-17|1215800.0
2024-06-17 16:17:54.123456|JKTC|KNO|2024-06-17|1215800.0
2024-06-18 21:36:13.123456|JKTC|KNO|2024-06-18|1172800.0
2024-06-18 21:31:33.123456|JKTC|KNO|2024-06-18|1172800.0
2024-06-18 08:20:27.123456|JKTC|KNO|2024-06-18|1182800.0
2024-06-19 17:42:34.123456|JKTC|KNO|2024-06-19|1261600.0
2024-06-19 16:51:37.123456|JKTC|KNO|2024-06-19|1266600.0
2024-06-19 15:40:37.123456|JKTC|KNO|2024-06-19|1276600.0
2024-06-20 21:27:55.123456|JKTC|KNO|2024-06-20|1272800.0
2024-06-20 11:25:32.123456|JKTC|KNO|2024-06-20|1267800.0
2024-06-21 21:29:26.123456|JKTC|KNO|2024-06-21|1440000.0
2024-06-21 13:49:30.123456|JKTC|KNO|2024-06-21|1435000.0
2024-06-21 19:10:21.123456|JKTC|KNO|2024-06-21|1440000.0
2024-06-22 18:52:37.123456|JKTC|KNO|2024-06-22|1323300.0
2024-06-22 14:50:04.123456|JKTC|KNO|2024-06-22|1323300.0
2024-06-22 17:17:15.123456|JKTC|KNO|2024-06-22|1333300.0
2024-06-23 19:37:46.123456|JKTC|KNO|2024-06-23|1385200.0
2024-06-23 11:34:08.123456|JKTC|KNO|2024-06-23|1390200.0
2024-06-23 11:23:05.123456|JKTC|KNO|2024-06-23|1395200.0
2024-06-24 09:03:40.123456|JKTC|KNO|2024-06-24|1233800.0
2024-06-24 11:44:05.123456|JKTC|KNO|2024-06-24|1223800.0
2024-06-24 08:41:37.123456|JKTC|KNO|2024-06-24|1228800.0
2024-06-25 08:47:28.123456|JKTC|KNO|2024-06-25|1235800.0
2024-06-25 10:42:54.123456|JKTC|KNO|2024-06-25|1245800.0
2024-06-26 14:10:04.123456|JKTC|KNO|2024-06-26|1255800.0
2024-06-26 20:49:26.123456|JKTC|KNO|2024-06-26|1245800.0
2024-06-26 08:26:57.123456|JKTC|KNO|2024-06-26|1260800.0
2023-01-01 19:51:03.123456|JKTC|UPG|2023-01-01|1455500.0
2023-01-01 09:41:15.123456|JKTC|UPG|2023-01-01|1455500.0
2023-01-01 10:12:15.123456|JKTC|UPG|2023-01-01|1450500.0
2023-01-01 16:03:29.123456|JKTC|UPG|2023-01-01|1450500.0
2023-01-02 13:50:36.123456|JKTC|UPG|2023-01-02|1266500.0
2023-01-02 20:44:03.123456|JKTC|UPG|2023-01-02|1276500.0
2023-01-02 10:45:11.123456|JKTC|UPG|2023-01-02|1276500.0
2023-01-03 15:21:49.123456|JKTC|UPG|2023-01-03|1311400.0
2023-01-03 09:19:07.123456|JKTC|UPG|2023-01-03|1301400.0
2023-01-03 14:41:51.123456|JKTC|UPG|2023-01-03|1301400.0
2023-01-03 21:32:30.123456|JKTC|UPG|2023-01-03|1316400.0
2023-01-04 21:03:49.123456|JKTC|UPG|2023-01-04|1318800.0
2023-01-04 20:18:25.123456|JKTC|UPG|2023-01-04|1323800.0
2023-01-04 19:04:00.123456|JKTC|UPG|2023-01-04|1323800.0
2023-01-05 11:22:20.123456|JKTC|UPG|2023-01-05|1240400.0
2023-01-05 14:28:55.123456|JKTC|UPG|2023-01-05|1240400.0
2023-01-06 17:55:54.123456|JKTC|UPG|2023-01-06|1400300.0
2023-01-06 19:35:07.123456|JKTC|UPG|2023-01-06|1400300.0
2023-01-06 10:33:36.123456|JKTC|UPG|2023-01-06|1395300.0
2023-01-07 10:35:08.123456|JKTC|UPG|2023-01-07|1428300.0
2023-01-07 19:52:23.123456|JKTC|UPG|2023-01-07|1428300.0
2023-01-07 14:23:52.123456|JKTC|UPG|2023-01-07|1423300.0
2023-01-08 10:11:09.123456|JKTC|UPG|2023-01-08|1306700.0
2023-01-08 18:51:46.123456|JKTC|UPG|2023-01-08|1311700.0
2023-01-08 13:49:51.123456|JKTC|UPG|2023-01-08|1306700.0
2023-01-09 18:37:19.123456|JKTC|UPG|2023-01-09|1305900.0
2023-01-09 08:37:28.123456|JKTC|UPG|2023-01-09|1305900.0
2023-01-10 10:55:09.123456|JKTC|UPG|2023-01-10|1287500.0
2023-01-10 16:21:41.123456|JKTC|UPG|2023-01-10|1282500.0
2023-01-10 21:06:35.123456|JKTC|UPG|2023-01-10|1272500.0
2023-01-11 21:27:26.123456|JKTC|UPG|2023-01-11|1193100.0
2023-01-11 14:07:51.123456|JKTC|UPG|2023-01-11|1198100.0
2023-01-12 10:06:39.123456|JKTC|UPG|2023-01-12|1196000.0
2023-01-12 11:55:48.123456|JKTC|UPG|2023-01-12|1196000.0
2023-01-13 20:55:07.123456|JKTC|UPG|2023-01-13|1377700.0
2023-01-13 11:49:42.123456|JKTC|UPG|2023-01-13|1377700.0
2023-01-14 12:28:42.123456|JKTC|UPG|2023-01-14|1390700.0
2023-01-14 17:51:03.123456|JKTC|UPG|2023-01-14|1380700.0
2023-01-14 15:24:50.123456|JKTC|UPG|2023-01-14|1380700.0
2023-01-15 13:35:21.123456|JKTC|UPG|2023-01-15|1451900.0
2023-01-15 19:53:39.123456|JKTC|UPG|2023-01-15|1436900.0
2023-01-16 20:05:19.123456|JKTC|UPG|2023-01-16|1256100.0
2023-01-16 08:10:38.123456|JKTC|UPG|2023-01-16|1251100.0
2023-01-16 09:23:30.123456|JKTC|UPG|2023-01-16|1261100.0
2023-01-16 14:00:58.123456|JKTC|UPG|2023-01-16|1256100.0
2023-01-17 14:11:43.123456|JKTC|UPG|2023-01-17|1299000.0
2023-01-17 13:10:31.123456|JKTC|UPG|2023-01-17|1294000.0
2023-01-17 20:26:38.123456|JKTC|UPG|2023-01-17|1294000.0
2023-01-18 13:10:06.123456|JKTC|UPG|2023-01-18|1148300.0
2023-01-18 08:13:11.123456|JKTC|UPG|2023-01-18|1143300.0
2023-01-18 17:10:24.123456|JKTC|UPG|2023-01-18|1143300.0
2023-01-19 13:08:13.123456|JKTC|UPG|2023-01-19|1244200.0
2023-01-19 20:48:17.123456|JKTC|UPG|2023-01-19|1244200.0
2023-01-19 16:26:40.123456|JKTC|UPG|2023-01-19|1234200.0
2023-01-20 09:28:40.123456|JKTC|UPG|2023-01-20|1494600.0
2023-01-20 08:58:31.123456|JKTC|UPG|2023-01-20|1499600.0
2023-01-20 20:15:40.123456|JKTC|UPG|2023-01-20|1494600.0
2023-01-21 10:52:33.123456|JKTC|UPG|2023-01-21|1476400.0
2023-01-21 12:46:45.123456|JKTC|UPG|2023-01-21|1486400.0
2023-01-21 21:41:30.123456|JKTC|UPG|2023-01-21|1476400.0
2023-01-21 21:41:40.123456|JKTC|UPG|2023-01-21|1476400.0
2023-01-22 20:51:47.123456|JKTC|UPG|2023-01-22|1463600.0
2023-01-22 10:50:53.123456|JKTC|UPG|2023-01-22|1458600.0
2023-01-22 10:40:22.123456|JKTC|UPG|2023-01-22|1468600.0
2023-01-22 20:43:53.123456|JKTC|UPG|2023-01-22|1453600.0
2023-01-23 16:51:53.123456|JKTC|UPG|2023-01-23|1330600.0
2023-01-23 09:39:19.123456|JKTC|UPG|2023-01-23|1330600.0
2023-01-23 20:50:57.123456|JKTC|UPG|2023-01-23|1325600.0
2023-01-23 19:58:32.123456|JKTC|UPG|2023-01-23|1325600.0
2023-01-24 18:04:43.123456|JKTC|UPG|2023-01-24|1340900.0
2023-01-24 20:23:36.123456|JKTC|UPG|2023-01-24|1345900.0
2023-01-24 08:42:20.123456|JKTC|UPG|2023-01-24|1345900.0
2023-01-25 12:35:53.123456|JKTC|UPG|2023-01-25|1282100.0
2023-01-25 21:30:10.123456|JKTC|UPG|2023-01-25|1282100.0
2023-01-25 21:58:17.123456|JKTC|UPG|2023-01-25|1297100.0
2023-01-26 12:25:58.123456|JKTC|UPG|2023-01-26|1419900.0
2023-01-26 12:22:03.123456|JKTC|UPG|2023-01-26|1409900.0
2023-01-27 19:33:45.123456|JKTC|UPG|2023-01-27|1561700.0
2023-01-27 14:23:21.123456|JKTC|UPG|2023-01-27|1566700.0
2023-01-27 16:02:41.123456|JKTC|UPG|2023-01-27|1556700.0
2023-01-28 14:16:30.123456|JKTC|UPG|2023-01-28|1347600.0
2023-01-28 10:01:53.123456|JKTC|UPG|2023-01-28|1337600.0
2023-01-28 14:38:09.123456|JKTC|UPG|2023-01-28|1342600.0
2023-01-28 13:44:57.123456|JKTC|UPG|2023-01-28|1342600.0
2023-01-29 09:41:56.123456|JKTC|UPG|2023-01-29|1532400.0
2023-01-29 14:47:41.123456|JKTC|UPG|2023-01-29|1532400.0
2023-01-29 13:25:36.123456|JKTC|UPG|2023-01-29|1537400.0
2023-01-29 08:31:36.123456|JKTC|UPG|2023-01-29|1537400.0
2023-01-30 20:57:23.123456|JKTC|UPG|2023-01-30|1429400.0
2023-01-30 08:24:03.123456|JKTC|UPG|2023-01-30|1429400.0
2023-01-31 17:46:26.123456|JKTC|UPG|2023-01-31|1397900.0
2023-01-31 12:11:31.123456|JKTC|UPG|2023-01-31|1397900.0
2023-01-31 08:28:25.123456|JKTC|UPG|2023-01-31|1397900.0
2023-02-01 11:23:18.123456|JKTC|UPG|2023-02-01|1423300.0
2023-02-01 14:38:04.123456|JKTC|UPG|2023-02-01|1418300.0
2023-02-01 19:30:06.123456|JKTC|UPG|2023-02-01|1433300.0
2023-02-01 09:44:31.123456|JKTC|UPG|2023-02-01|1418300.0
2023-02-02 10:10:21.123456|JKTC|UPG|2023-02-02|1393300.0
2023-02-02 20:57:42.123456|JKTC|UPG|2023-02-02|1388300.0
2023-02-03 21:31:17.123456|JKTC|UPG|2023-02-03|1627900.0
2023-02-03 20:33:21.123456|JKTC|UPG|2023-02-03|1632900.0
2023-02-03 19:44:44.123456|JKTC|UPG|2023-02-03|1617900.0
2023-02-03 13:26:06.123456|JKTC|UPG|2023-02-03|1622900.0
2023-02-04 18:45:25.123456|JKTC|UPG|2023-02-04|1611300.0
2023-02-04 08:02:44.123456|JKTC|UPG|2023-02-04|1596300.0
2023-02-04 15:02:48.123456|JKTC|UPG|2023-02-04|1601300.0
2023-02-04 15:54:06.123456|JKTC|UPG|2023-02-04|1611300.0
2023-02-05 08:44:20.123456|JKTC|UPG|2023-02-05|1538200.0
2023-02-05 19:27:50.123456|JKTC|UPG|2023-02-05|1538200.0
2023-02-06 20:39:51.123456|JKTC|UPG|2023-02-06|1310600.0
2023-02-06 10:32:26.123456|JKTC|UPG|2023-02-06|1320600.0
2023-02-07 08:36:57.123456|JKTC|UPG|2023-02-07|1345600.0
2023-02-07 20:26:49.123456|JKTC|UPG|2023-02-07|1345600.0
2023-02-07 08:11:32.123456|JKTC|UPG|2023-02-07|1330600.0
2023-02-08 16:45:35.123456|JKTC|UPG|2023-02-08|1385600.0
2023-02-08 13:21:21.123456|JKTC|UPG|2023-02-08|1375600.0
2023-02-08 21:02:09.123456|JKTC|UPG|2023-02-08|1385600.0
2023-02-09 12:50:23.123456|JKTC|UPG|2023-02-09|1360100.0
2023-02-09 21:58:29.123456|JKTC|UPG|2023-02-09|1360100.0
2023-02-10 13:02:30.123456|JKTC|UPG|2023-02-10|1390300.0
2023-02-10 09:44:41.123456|JKTC|UPG|2023-02-10|1400300.0
2023-02-10 21:42:34.123456|JKTC|UPG|2023-02-10|1390300.0
2023-02-10 09:09:51.123456|JKTC|UPG|2023-02-10|1390300.0
2023-02-11 20:14:08.123456|JKTC|UPG|2023-02-11|1498700.0
2023-02-11 10:26:12.123456|JKTC|UPG|2023-02-11|1508700.0
2023-02-12 21:41:06.123456|JKTC|UPG|2023-02-12|1467900.0
2023-02-12 09:19:08.123456|JKTC|UPG|2023-02-12|1462900.0
2023-02-12 17:06:35.123456|JKTC|UPG|2023-02-12|1472900.0
2023-02-12 21:05:05.123456|JKTC|UPG|2023-02-12|1467900.0
2023-02-13 21:36:49.123456|JKTC|UPG|2023-02-13|1322100.0
2023-02-13 12:28:42.123456|JKTC|UPG|2023-02-13|1327100.0
2023-02-14 13:41:28.123456|JKTC|UPG|2023-02-14|1292100.0
2023-02-14 08:38:31.123456|JKTC|UPG|2023-02-14|1282100.0
2023-02-15 21:25:16.123456|JKTC|UPG|2023-02-15|1344000.0
2023-02-15 18:49:29.123456|JKTC|UPG|2023-02-15|1334000.0
2023-02-15 18:41:52.123456|JKTC|UPG|2023-02-15|1344000.0
2023-02-15 14:41:31.123456|JKTC|UPG|2023-02-15|1329000.0
2023-02-16 13:56:44.123456|JKTC|UPG|2023-02-16|1317100.0
2023-02-16 16:24:12.123456|JKTC|UPG|2023-02-16|1332100.0
2023-02-16 08:15:42.123456|JKTC|UPG|2023-02-16|1317100.0
2023-02-17 10:56:04.123456|JKTC|UPG|2023-02-17|1483700.0
2023-02-17 19:08:19.123456|JKTC|UPG|2023-02-17|1483700.0
2023-02-17 16:35:28.123456|JKTC|UPG|2023-02-17|1488700.0
2023-02-18 15:34:48.123456|JKTC|UPG|2023-02-18|1537600.0
2023-02-18 19:21:09.123456|JKTC|UPG|2023-02-18|1547600.0
2023-02-18 15:31:08.123456|JKTC|UPG|2023-02-18|1532600.0
2023-02-19 20:53:13.123456|JKTC|UPG|2023-02-19|1548300.0
2023-02-19 20:28:47.123456|JKTC|UPG|2023-02-19|1548300.0
2023-02-19 17:47:27.123456|JKTC|UPG|2023-02-19|1548300.0
2023-02-20 18:19:05.123456|JKTC|UPG|2023-02-20|1347300.0
2023-02-20 11:42:58.123456|JKTC|UPG|2023-02-20|1357300.0
2023-02-20 11:53:36.123456|JKTC|UPG|2023-02-20|1347300.0
2023-02-21 11:27:05.123456|JKTC|UPG|2023-02-21|1430200.0
2023-02-21 10:27:06.123456|JKTC|UPG|2023-02-21|1445200.0
2023-02-21 17:11:18.123456|JKTC|UPG|2023-02-21|1440200.0
2023-02-21 10:46:39.123456|JKTC|UPG|2023-02-21|1435200.0
2023-02-22 16:25:39.123456|JKTC|UPG|2023-02-22|1392300.0
2023-02-22 13:52:31.123456|JKTC|UPG|2023-02-22|1407300.0
2023-02-23 08:28:19.123456|JKTC|UPG|2023-02-23|1450100.0
2023-02-23 14:35:17.123456|JKTC|UPG|2023-02-23|1445100.0
2023-02-23 20:49:51.123456|JKTC|UPG|2023-02-23|1445100.0
2023-02-24 09:25:23.123456|JKTC|UPG|2023-02-24|1611200.0
2023-02-24 15:38:54.123456|JKTC|UPG|2023-02-24|1616200.0
2023-02-24 13:48:15.123456|JKTC|UPG|2023-02-24|1616200.0
2023-02-24 15:40:54.123456|JKTC|UPG|2023-02-24|1606200.0
2023-02-25 21:01:42.123456|JKTC|UPG|2023-02-25|1669000.0
2023-02-25 12:49:19.123456|JKTC|UPG|2023-02-25|1669000.0
2023-02-25 11:35:37.123456|JKTC|UPG|2023-02-25|1669000.0
2023-02-25 09:45:40.123456|JKTC|UPG|2023-02-25|1674000.0
2023-02-26 16:30:51.123456|JKTC|UPG|2023-02-26|1664700.0
2023-02-26 21:51:26.123456|JKTC|UPG|2023-02-26|1659700.0
2023-02-27 14:01:19.123456|JKTC|UPG|2023-02-27|1367300.0
2023-02-27 13:48:45.123456|JKTC|UPG|2023-02-27|1357300.0
2023-02-27 14:05:06.123456|JKTC|UPG|2023-02-27|1372300.0
2023-02-28 16:32:51.123456|JKTC|UPG|2023-02-28|1405700.0
2023-02-28 09:37:28.123456|JKTC|UPG|2023-02-28|1405700.0
2023-02-28 10:45:35.123456|JKTC|UPG|2023-02-28|1410700.0
2023-02-28 21:35:27.123456|JKTC|UPG|2023-02-28|1405700.0
2023-03-01 17:35:04.123456|JKTC|UPG|2023-03-01|1461000.0
2023-03-01 11:27:35.123456|JKTC|UPG|2023-03-01|1451000.0
2023-03-02 13:42:37.123456|JKTC|UPG|2023-03-02|1537300.0
2023-03-02 14:52:44.123456|JKTC|UPG|2023-03-02|1532300.0
2023-03-02 16:50:45.123456|JKTC|UPG|2023-03-02|1542300.0
2023-03-02 14:46:23.123456|JKTC|UPG|2023-03-02|1547300.0
2023-03-03 16:02:19.123456|JKTC|UPG|2023-03-03|1730500.0
2023-03-03 18:50:09.123456|JKTC|UPG|2023-03-03|1720500.0
2023-03-03 19:29:03.123456|JKTC|UPG|2023-03-03|1720500.0
2023-03-03 09:45:31.123456|JKTC|UPG|2023-03-03|1715500.0
2023-03-04 17:24:01.123456|JKTC|UPG|2023-03-04|1594600.0
2023-03-04 20:55:57.123456|JKTC|UPG|2023-03-04|1579600.0
2023-03-05 10:12:16.123456|JKTC|UPG|2023-03-05|1638000.0
2023-03-05 10:15:37.123456|JKTC|UPG|2023-03-05|1633000.0
2023-03-05 17:03:53.123456|JKTC|UPG|2023-03-05|1648000.0
2023-03-05 18:25:06.123456|JKTC|UPG|2023-03-05|1633000.0
2023-03-06 15:46:31.123456|JKTC|UPG|2023-03-06|1371500.0
2023-03-06 18:25:58.123456|JKTC|UPG|2023-03-06|1386500.0
2023-03-07 13:29:25.123456|JKTC|UPG|2023-03-07|1500000.0
2023-03-07 21:01:43.123456|JKTC|UPG|2023-03-07|1505000.0
2023-03-08 10:44:41.123456|JKTC|UPG|2023-03-08|1404900.0
2023-03-08 14:39:49.123456|JKTC|UPG|2023-03-08|1394900.0
2023-03-08 19:46:24.123456|JKTC|UPG|2023-03-08|1404900.0
2023-03-09 21:02:40.123456|JKTC|UPG|2023-03-09|1405000.0
2023-03-09 11:37:28.123456|JKTC|UPG|2023-03-09|1400000.0
2023-03-10 12:55:44.123456|JKTC|UPG|2023-03-10|1580600.0
2023-03-10 18:52:28.123456|JKTC|UPG|2023-03-10|1585600.0
2023-03-10 16:07:19.123456|JKTC|UPG|2023-03-10|1590600.0
2023-03-11 21:07:12.123456|JKTC|UPG|2023-03-11|1559100.0
2023-03-11 20:28:08.123456|JKTC|UPG|2023-03-11|1569100.0
2023-03-11 15:16:56.123456|JKTC|UPG|2023-03-11|1564100.0
2023-03-12 16:09:41.123456|JKTC|UPG|2023-03-12|1553100.0
2023-03-12 16:50:13.123456|JKTC|UPG|2023-03-12|1558100.0
2023-03-13 20:40:16.123456|JKTC|UPG|2023-03-13|1347900.0
2023-03-13 13:12:07.123456|JKTC|UPG|2023-03-13|1347900.0
2023-03-14 20:42:43.123456|JKTC|UPG|2023-03-14|1312800.0
2023-03-14 16:40:20.123456|JKTC|UPG|2023-03-14|1317800.0
2023-03-15 18:05:15.123456|JKTC|UPG|2023-03-15|1394500.0
2023-03-15 10:13:16.123456|JKTC|UPG|2023-03-15|1389500.0
2023-03-16 10:43:16.123456|JKTC|UPG|2023-03-16|1458900.0
2023-03-16 10:02:36.123456|JKTC|UPG|2023-03-16|1463900.0
2023-03-16 17:52:12.123456|JKTC|UPG|2023-03-16|1468900.0
2023-03-17 11:48:05.123456|JKTC|UPG|2023-03-17|1595100.0
2023-03-17 08:44:47.123456|JKTC|UPG|2023-03-17|1580100.0
2023-03-17 11:22:46.123456|JKTC|UPG|2023-03-17|1590100.0
2023-03-18 13:04:19.123456|JKTC|UPG|2023-03-18|1499600.0
2023-03-18 11:27:12.123456|JKTC|UPG|2023-03-18|1494600.0
2023-03-18 13:51:03.123456|JKTC|UPG|2023-03-18|1494600.0
2023-03-18 16:16:18.123456|JKTC|UPG|2023-03-18|1499600.0
2023-03-19 16:30:33.123456|JKTC|UPG|2023-03-19|1588100.0
2023-03-19 21:08:31.123456|JKTC|UPG|2023-03-19|1593100.0
2023-03-20 12:49:30.123456|JKTC|UPG|2023-03-20|1385200.0
2023-03-20 11:58:16.123456|JKTC|UPG|2023-03-20|1395200.0
2023-03-21 15:48:17.123456|JKTC|UPG|2023-03-21|1363500.0
2023-03-21 14:00:10.123456|JKTC|UPG|2023-03-21|1358500.0
2023-03-21 09:38:57.123456|JKTC|UPG|2023-03-21|1358500.0
2023-03-22 09:53:41.123456|JKTC|UPG|2023-03-22|1363800.0
2023-03-22 21:11:51.123456|JKTC|UPG|2023-03-22|1358800.0
2023-03-22 15:56:07.123456|JKTC|UPG|2023-03-22|1358800.0
2023-03-22 16:26:32.123456|JKTC|UPG|2023-03-22|1368800.0
2023-03-23 08:15:31.123456|JKTC|UPG|2023-03-23|1480000.0
2023-03-23 18:41:40.123456|JKTC|UPG|2023-03-23|1490000.0
2023-03-23 12:52:56.123456|JKTC|UPG|2023-03-23|1490000.0
2023-03-23 15:30:34.123456|JKTC|UPG|2023-03-23|1490000.0
2023-03-24 19:41:04.123456|JKTC|UPG|2023-03-24|1594100.0
2023-03-24 09:44:58.123456|JKTC|UPG|2023-03-24|1599100.0
2023-03-24 10:42:48.123456|JKTC|UPG|2023-03-24|1609100.0
2023-03-25 13:52:20.123456|JKTC|UPG|2023-03-25|1638000.0
2023-03-25 08:12:19.123456|JKTC|UPG|2023-03-25|1638000.0
2023-03-26 18:19:00.123456|JKTC|UPG|2023-03-26|1583400.0
2023-03-26 21:16:52.123456|JKTC|UPG|2023-03-26|1578400.0
2023-03-26 13:17:21.123456|JKTC|UPG|2023-03-26|1578400.0
2023-03-26 11:28:42.123456|JKTC|UPG|2023-03-26|1593400.0
2023-03-27 08:22:18.123456|JKTC|UPG|2023-03-27|1394300.0
2023-03-27 14:45:39.123456|JKTC|UPG|2023-03-27|1394300.0
2023-03-28 20:04:49.123456|JKTC|UPG|2023-03-28|1488200.0
2023-03-28 08:02:35.123456|JKTC|UPG|2023-03-28|1488200.0
2023-03-28 16:16:46.123456|JKTC|UPG|2023-03-28|1488200.0
2023-03-29 08:00:50.123456|JKTC|UPG|2023-03-29|1461600.0
2023-03-29 16:23:26.123456|JKTC|UPG|2023-03-29|1471600.0
2023-03-29 16:23:57.123456|JKTC|UPG|2023-03-29|1461600.0
2023-03-29 20:44:32.123456|JKTC|UPG|2023-03-29|1466600.0
2023-03-30 15:34:13.123456|JKTC|UPG|2023-03-30|1491400.0
2023-03-30 10:20:10.123456|JKTC|UPG|2023-03-30|1491400.0
2023-03-31 10:33:29.123456|JKTC|UPG|2023-03-31|1696100.0
2023-03-31 16:30:24.123456|JKTC|UPG|2023-03-31|1701100.0
2023-03-31 21:35:50.123456|JKTC|UPG|2023-03-31|1696100.0
2023-03-31 16:00:07.123456|JKTC|UPG|2023-03-31|1706100.0
2023-04-01 16:32:53.123456|JKTC|UPG|2023-04-01|1701100.0
2023-04-01 09:10:42.123456|JKTC|UPG|2023-04-01|1696100.0
2023-04-01 21:34:49.123456|JKTC|UPG|2023-04-01|1691100.0
2023-04-01 18:38:10.123456|JKTC|UPG|2023-04-01|1706100.0
2023-04-02 18:12:58.123456|JKTC|UPG|2023-04-02|1679000.0
2023-04-02 09:22:08.123456|JKTC|UPG|2023-04-02|1679000.0
2023-04-02 17:03:50.123456|JKTC|UPG|2023-04-02|1674000.0
2023-04-03 10:16:40.123456|JKTC|UPG|2023-04-03|1596300.0
2023-04-03 16:21:16.123456|JKTC|UPG|2023-04-03|1601300.0
2023-04-04 16:41:17.123456|JKTC|UPG|2023-04-04|1466700.0
2023-04-04 08:42:45.123456|JKTC|UPG|2023-04-04|1466700.0
2023-04-04 13:13:57.123456|JKTC|UPG|2023-04-04|1456700.0
2023-04-05 21:29:11.123456|JKTC|UPG|2023-04-05|1491600.0
2023-04-05 20:48:33.123456|JKTC|UPG|2023-04-05|1481600.0
2023-04-05 17:19:36.123456|JKTC|UPG|2023-04-05|1481600.0
2023-04-05 16:51:08.123456|JKTC|UPG|2023-04-05|1481600.0
2023-04-06 09:48:03.123456|JKTC|UPG|2023-04-06|1494700.0
2023-04-06 10:17:46.123456|JKTC|UPG|2023-04-06|1499700.0
2023-04-06 12:12:07.123456|JKTC|UPG|2023-04-06|1504700.0
2023-04-07 20:48:25.123456|JKTC|UPG|2023-04-07|1717800.0
2023-04-07 13:08:12.123456|JKTC|UPG|2023-04-07|1722800.0
2023-04-07 18:49:06.123456|JKTC|UPG|2023-04-07|1727800.0
2023-04-07 10:41:25.123456|JKTC|UPG|2023-04-07|1722800.0
2023-04-08 09:00:01.123456|JKTC|UPG|2023-04-08|1799800.0
2023-04-08 18:44:16.123456|JKTC|UPG|2023-04-08|1799800.0
2023-04-09 17:30:31.123456|JKTC|UPG|2023-04-09|1716100.0
2023-04-09 11:00:06.123456|JKTC|UPG|2023-04-09|1706100.0
2023-04-09 15:42:06.123456|JKTC|UPG|2023-04-09|1721100.0
2023-04-09 10:56:39.123456|JKTC|UPG|2023-04-09|1716100.0
2023-04-10 19:34:13.123456|JKTC|UPG|2023-04-10|1522700.0
2023-04-10 16:18:14.123456|JKTC|UPG|2023-04-10|1517700.0
2023-04-10 09:09:43.123456|JKTC|UPG|2023-04-10|1517700.0
2023-04-11 13:46:50.123456|JKTC|UPG|2023-04-11|1659900.0
2023-04-11 14:06:42.123456|JKTC|UPG|2023-04-11|1664900.0
2023-04-11 20:41:34.123456|JKTC|UPG|2023-04-11|1649900.0
2023-04-11 11:37:17.123456|JKTC|UPG|2023-04-11|1659900.0
2023-04-12 13:00:40.123456|JKTC|UPG|2023-04-12|1659800.0
2023-04-12 12:30:40.123456|JKTC|UPG|2023-04-12|1664800.0
2023-04-13 11:14:30.123456|JKTC|UPG|2023-04-13|1704200.0
2023-04-13 21:43:26.123456|JKTC|UPG|2023-04-13|1709200.0
2023-04-14 14:51:15.123456|JKTC|UPG|2023-04-14|1889500.0
2023-04-14 16:20:26.123456|JKTC|UPG|2023-04-14|1884500.0
2023-04-15 15:20:58.123456|JKTC|UPG|2023-04-15|1955000.0
2023-04-15 21:43:02.123456|JKTC|UPG|2023-04-15|1955000.0
2023-04-15 09:09:44.123456|JKTC|UPG|2023-04-15|1945000.0
2023-04-16 15:16:56.123456|JKTC|UPG|2023-04-16|1960000.0
2023-04-16 11:08:35.123456|JKTC|UPG|2023-04-16|1955000.0
2023-04-17 21:35:34.123456|JKTC|UPG|2023-04-17|1894100.0
2023-04-17 13:11:24.123456|JKTC|UPG|2023-04-17|1899100.0
2023-04-17 21:47:52.123456|JKTC|UPG|2023-04-17|1904100.0
2023-04-18 18:08:28.123456|JKTC|UPG|2023-04-18|1855400.0
2023-04-18 11:09:34.123456|JKTC|UPG|2023-04-18|1855400.0
2023-04-18 21:23:04.123456|JKTC|UPG|2023-04-18|1860400.0
2023-04-18 10:05:21.123456|JKTC|UPG|2023-04-18|1860400.0
2023-04-19 21:27:51.123456|JKTC|UPG|2023-04-19|1945000.0
2023-04-19 16:41:08.123456|JKTC|UPG|2023-04-19|1950000.0
2023-04-20 16:46:08.123456|JKTC|UPG|2023-04-20|1955000.0
2023-04-20 15:31:02.123456|JKTC|UPG|2023-04-20|1950000.0
2023-04-20 08:36:04.123456|JKTC|UPG|2023-04-20|1960000.0
2023-04-21 14:39:16.123456|JKTC|UPG|2023-04-21|1955000.0
2023-04-21 15:29:48.123456|JKTC|UPG|2023-04-21|1955000.0
2023-04-21 19:56:40.123456|JKTC|UPG|2023-04-21|1955000.0
2023-04-22 19:55:21.123456|JKTC|UPG|2023-04-22|1945000.0
2023-04-22 10:24:53.123456|JKTC|UPG|2023-04-22|1950000.0
2023-04-22 10:44:57.123456|JKTC|UPG|2023-04-22|1960000.0
2023-04-23 19:05:42.123456|JKTC|UPG|2023-04-23|1950000.0
2023-04-23 08:29:13.123456|JKTC|UPG|2023-04-23|1955000.0
2023-04-23 19:47:02.123456|JKTC|UPG|2023-04-23|1945000.0
2023-04-23 12:12:27.123456|JKTC|UPG|2023-04-23|1945000.0
2023-04-24 08:31:34.123456|JKTC|UPG|2023-04-24|1945000.0
2023-04-24 09:41:38.123456|JKTC|UPG|2023-04-24|1960000.0
2023-04-25 17:51:35.123456|JKTC|UPG|2023-04-25|1921100.0
2023-04-25 15:17:53.123456|JKTC|UPG|2023-04-25|1921100.0
2023-04-25 14:30:39.123456|JKTC|UPG|2023-04-25|1916100.0
2023-04-25 08:01:54.123456|JKTC|UPG|2023-04-25|1921100.0
2023-04-26 13:56:58.123456|JKTC|UPG|2023-04-26|1945000.0
2023-04-26 12:12:32.123456|JKTC|UPG|2023-04-26|1960000.0
2023-04-27 17:27:51.123456|JKTC|UPG|2023-04-27|1885800.0
2023-04-27 18:05:48.123456|JKTC|UPG|2023-04-27|1900800.0
2023-04-27 09:27:37.123456|JKTC|UPG|2023-04-27|1885800.0
2023-04-27 19:44:12.123456|JKTC|UPG|2023-04-27|1890800.0
2023-04-28 14:33:13.123456|JKTC|UPG|2023-04-28|1950000.0
2023-04-28 17:34:15.123456|JKTC|UPG|2023-04-28|1950000.0
2023-04-28 19:54:13.123456|JKTC|UPG|2023-04-28|1960000.0
2023-04-28 12:12:32.123456|JKTC|UPG|2023-04-28|1945000.0
2023-04-29 09:11:05.123456|JKTC|UPG|2023-04-29|1941600.0
2023-04-29 15:00:42.123456|JKTC|UPG|2023-04-29|1931600.0
2023-04-29 20:37:06.123456|JKTC|UPG|2023-04-29|1931600.0
2023-04-30 19:55:17.123456|JKTC|UPG|2023-04-30|1926000.0
2023-04-30 17:42:55.123456|JKTC|UPG|2023-04-30|1926000.0
2023-05-01 15:29:39.123456|JKTC|UPG|2023-05-01|1667100.0
2023-05-01 17:14:41.123456|JKTC|UPG|2023-05-01|1662100.0
2023-05-01 09:15:40.123456|JKTC|UPG|2023-05-01|1662100.0
2023-05-02 14:19:23.123456|JKTC|UPG|2023-05-02|1629300.0
2023-05-02 14:07:23.123456|JKTC|UPG|2023-05-02|1614300.0
2023-05-03 14:48:42.123456|JKTC|UPG|2023-05-03|1542100.0
2023-05-03 16:17:16.123456|JKTC|UPG|2023-05-03|1547100.0
2023-05-04 18:49:24.123456|JKTC|UPG|2023-05-04|1574900.0
2023-05-04 10:19:41.123456|JKTC|UPG|2023-05-04|1579900.0
2023-05-04 20:53:16.123456|JKTC|UPG|2023-05-04|1579900.0
2023-05-04 17:12:26.123456|JKTC|UPG|2023-05-04|1564900.0
2023-05-05 19:57:23.123456|JKTC|UPG|2023-05-05|1842400.0
2023-05-05 11:14:43.123456|JKTC|UPG|2023-05-05|1847400.0
2023-05-06 11:22:58.123456|JKTC|UPG|2023-05-06|1614300.0
2023-05-06 20:01:34.123456|JKTC|UPG|2023-05-06|1619300.0
2023-05-06 11:13:45.123456|JKTC|UPG|2023-05-06|1604300.0
2023-05-06 09:52:49.123456|JKTC|UPG|2023-05-06|1614300.0
2023-05-07 14:52:48.123456|JKTC|UPG|2023-05-07|1589100.0
2023-05-07 17:01:11.123456|JKTC|UPG|2023-05-07|1584100.0
2023-05-07 13:49:00.123456|JKTC|UPG|2023-05-07|1594100.0
2023-05-08 15:16:45.123456|JKTC|UPG|2023-05-08|1434600.0
2023-05-08 16:00:08.123456|JKTC|UPG|2023-05-08|1439600.0
2023-05-08 11:45:47.123456|JKTC|UPG|2023-05-08|1444600.0
2023-05-09 11:46:05.123456|JKTC|UPG|2023-05-09|1392000.0
2023-05-09 21:21:13.123456|JKTC|UPG|2023-05-09|1397000.0
2023-05-10 08:36:12.123456|JKTC|UPG|2023-05-10|1424000.0
2023-05-10 10:47:22.123456|JKTC|UPG|2023-05-10|1409000.0
2023-05-11 11:05:13.123456|JKTC|UPG|2023-05-11|1377900.0
2023-05-11 16:35:37.123456|JKTC|UPG|2023-05-11|1382900.0
2023-05-11 18:45:35.123456|JKTC|UPG|2023-05-11|1372900.0
2023-05-12 17:52:45.123456|JKTC|UPG|2023-05-12|1571100.0
2023-05-12 20:10:33.123456|JKTC|UPG|2023-05-12|1566100.0
2023-05-12 16:32:54.123456|JKTC|UPG|2023-05-12|1581100.0
2023-05-12 10:38:28.123456|JKTC|UPG|2023-05-12|1581100.0
2023-05-13 13:51:12.123456|JKTC|UPG|2023-05-13|1586300.0
2023-05-13 18:50:49.123456|JKTC|UPG|2023-05-13|1586300.0
2023-05-14 15:02:51.123456|JKTC|UPG|2023-05-14|1484800.0
2023-05-14 18:06:48.123456|JKTC|UPG|2023-05-14|1474800.0
2023-05-14 11:45:43.123456|JKTC|UPG|2023-05-14|1489800.0
2023-05-15 09:34:17.123456|JKTC|UPG|2023-05-15|1391100.0
2023-05-15 19:23:05.123456|JKTC|UPG|2023-05-15|1396100.0
2023-05-15 09:13:13.123456|JKTC|UPG|2023-05-15|1391100.0
2023-05-16 19:46:34.123456|JKTC|UPG|2023-05-16|1290400.0
2023-05-16 12:57:27.123456|JKTC|UPG|2023-05-16|1300400.0
2023-05-16 14:24:34.123456|JKTC|UPG|2023-05-16|1290400.0
2023-05-16 21:02:09.123456|JKTC|UPG|2023-05-16|1290400.0
2023-05-17 19:50:00.123456|JKTC|UPG|2023-05-17|1371700.0
2023-05-17 13:13:18.123456|JKTC|UPG|2023-05-17|1386700.0
2023-05-17 19:52:42.123456|JKTC|UPG|2023-05-17|1386700.0
2023-05-17 21:29:26.123456|JKTC|UPG|2023-05-17|1386700.0
2023-05-18 11:11:03.123456|JKTC|UPG|2023-05-18|1288300.0
2023-05-18 11:25:33.123456|JKTC|UPG|2023-05-18|1293300.0
2023-05-18 10:40:28.123456|JKTC|UPG|2023-05-18|1293300.0
2023-05-18 13:57:39.123456|JKTC|UPG|2023-05-18|1283300.0
2023-05-19 13:26:24.123456|JKTC|UPG|2023-05-19|1520200.0
2023-05-19 08:28:21.123456|JKTC|UPG|2023-05-19|1525200.0
2023-05-19 21:55:35.123456|JKTC|UPG|2023-05-19|1525200.0
2023-05-19 08:38:48.123456|JKTC|UPG|2023-05-19|1520200.0
2023-05-20 19:05:31.123456|JKTC|UPG|2023-05-20|1428000.0
2023-05-20 18:41:18.123456|JKTC|UPG|2023-05-20|1443000.0
2023-05-21 12:48:53.123456|JKTC|UPG|2023-05-21|1495200.0
2023-05-21 21:23:01.123456|JKTC|UPG|2023-05-21|1500200.0
2023-05-21 17:00:22.123456|JKTC|UPG|2023-05-21|1495200.0
2023-05-22 08:44:18.123456|JKTC|UPG|2023-05-22|1381700.0
2023-05-22 08:40:07.123456|JKTC|UPG|2023-05-22|1371700.0
2023-05-22 12:07:23.123456|JKTC|UPG|2023-05-22|1366700.0
2023-05-22 15:30:00.123456|JKTC|UPG|2023-05-22|1371700.0
2023-05-23 16:24:09.123456|JKTC|UPG|2023-05-23|1409200.0
2023-05-23 21:51:21.123456|JKTC|UPG|2023-05-23|1409200.0
2023-05-23 15:52:09.123456|JKTC|UPG|2023-05-23|1404200.0
2023-05-24 21:20:23.123456|JKTC|UPG|2023-05-24|1491300.0
2023-05-24 17:27:52.123456|JKTC|UPG|2023-05-24|1491300.0
2023-05-25 10:57:34.123456|JKTC|UPG|2023-05-25|1483100.0
2023-05-25 16:57:01.123456|JKTC|UPG|2023-05-25|1483100.0
2023-05-25 13:09:35.123456|JKTC|UPG|2023-05-25|1488100.0
2023-05-26 16:49:45.123456|JKTC|UPG|2023-05-26|1544100.0
2023-05-26 14:36:02.123456|JKTC|UPG|2023-05-26|1544100.0
2023-05-26 17:15:51.123456|JKTC|UPG|2023-05-26|1534100.0
2023-05-26 11:13:56.123456|JKTC|UPG|2023-05-26|1539100.0
2023-05-27 19:19:02.123456|JKTC|UPG|2023-05-27|1507800.0
2023-05-27 12:32:20.123456|JKTC|UPG|2023-05-27|1507800.0
2023-05-27 19:19:49.123456|JKTC|UPG|2023-05-27|1507800.0
2023-05-27 13:53:26.123456|JKTC|UPG|2023-05-27|1522800.0
2023-05-28 13:31:37.123456|JKTC|UPG|2023-05-28|1543200.0
2023-05-28 14:02:50.123456|JKTC|UPG|2023-05-28|1558200.0
2023-05-28 16:03:12.123456|JKTC|UPG|2023-05-28|1548200.0
2023-05-28 20:29:18.123456|JKTC|UPG|2023-05-28|1548200.0
2023-05-29 17:01:57.123456|JKTC|UPG|2023-05-29|1465800.0
2023-05-29 19:45:26.123456|JKTC|UPG|2023-05-29|1465800.0
2023-05-29 17:10:56.123456|JKTC|UPG|2023-05-29|1470800.0
2023-05-29 17:10:47.123456|JKTC|UPG|2023-05-29|1460800.0
2023-05-30 19:48:48.123456|JKTC|UPG|2023-05-30|1487500.0
2023-05-30 17:52:18.123456|JKTC|UPG|2023-05-30|1487500.0
2023-05-31 16:42:37.123456|JKTC|UPG|2023-05-31|1433500.0
2023-05-31 14:08:21.123456|JKTC|UPG|2023-05-31|1428500.0
2023-05-31 17:01:31.123456|JKTC|UPG|2023-05-31|1428500.0
2023-05-31 18:21:22.123456|JKTC|UPG|2023-05-31|1443500.0
2023-06-01 08:03:56.123456|JKTC|UPG|2023-06-01|1392700.0
2023-06-01 21:41:37.123456|JKTC|UPG|2023-06-01|1397700.0
2023-06-01 08:42:05.123456|JKTC|UPG|2023-06-01|1387700.0
2023-06-01 08:10:45.123456|JKTC|UPG|2023-06-01|1397700.0
2023-06-02 08:16:51.123456|JKTC|UPG|2023-06-02|1518500.0
2023-06-02 08:11:01.123456|JKTC|UPG|2023-06-02|1513500.0
2023-06-03 18:03:05.123456|JKTC|UPG|2023-06-03|1612600.0
2023-06-03 15:16:20.123456|JKTC|UPG|2023-06-03|1602600.0
2023-06-04 10:47:28.123456|JKTC|UPG|2023-06-04|1662200.0
2023-06-04 16:44:52.123456|JKTC|UPG|2023-06-04|1677200.0
2023-06-04 16:34:50.123456|JKTC|UPG|2023-06-04|1667200.0
2023-06-05 21:38:17.123456|JKTC|UPG|2023-06-05|1231200.0
2023-06-05 21:24:03.123456|JKTC|UPG|2023-06-05|1231200.0
2023-06-06 14:23:17.123456|JKTC|UPG|2023-06-06|1274700.0
2023-06-06 21:08:26.123456|JKTC|UPG|2023-06-06|1269700.0
2023-06-06 20:49:31.123456|JKTC|UPG|2023-06-06|1269700.0
2023-06-07 16:32:36.123456|JKTC|UPG|2023-06-07|1279800.0
2023-06-07 10:35:12.123456|JKTC|UPG|2023-06-07|1274800.0
2023-06-07 19:39:11.123456|JKTC|UPG|2023-06-07|1269800.0
2023-06-07 08:22:47.123456|JKTC|UPG|2023-06-07|1269800.0
2023-06-08 14:47:15.123456|JKTC|UPG|2023-06-08|1240600.0
2023-06-08 19:27:37.123456|JKTC|UPG|2023-06-08|1240600.0
2023-06-08 10:47:20.123456|JKTC|UPG|2023-06-08|1240600.0
2023-06-08 17:04:05.123456|JKTC|UPG|2023-06-08|1255600.0
2023-06-09 19:48:34.123456|JKTC|UPG|2023-06-09|1450500.0
2023-06-09 15:18:37.123456|JKTC|UPG|2023-06-09|1435500.0
2023-06-09 18:06:36.123456|JKTC|UPG|2023-06-09|1435500.0
2023-06-10 08:00:39.123456|JKTC|UPG|2023-06-10|1490200.0
2023-06-10 16:07:37.123456|JKTC|UPG|2023-06-10|1480200.0
2023-06-11 19:58:02.123456|JKTC|UPG|2023-06-11|1378800.0
2023-06-11 16:39:27.123456|JKTC|UPG|2023-06-11|1388800.0
2023-06-11 19:26:49.123456|JKTC|UPG|2023-06-11|1378800.0
2023-06-11 08:22:58.123456|JKTC|UPG|2023-06-11|1373800.0
2023-06-12 10:06:04.123456|JKTC|UPG|2023-06-12|1286200.0
2023-06-12 15:04:11.123456|JKTC|UPG|2023-06-12|1276200.0
2023-06-12 08:31:06.123456|JKTC|UPG|2023-06-12|1281200.0
2023-06-12 08:15:41.123456|JKTC|UPG|2023-06-12|1276200.0
2023-06-13 19:48:03.123456|JKTC|UPG|2023-06-13|1288500.0
2023-06-13 18:44:34.123456|JKTC|UPG|2023-06-13|1288500.0
2023-06-13 19:25:08.123456|JKTC|UPG|2023-06-13|1293500.0
2023-06-14 09:47:15.123456|JKTC|UPG|2023-06-14|1197100.0
2023-06-14 09:23:52.123456|JKTC|UPG|2023-06-14|1197100.0
2023-06-15 08:33:12.123456|JKTC|UPG|2023-06-15|1305600.0
2023-06-15 13:16:01.123456|JKTC|UPG|2023-06-15|1305600.0
2023-06-15 15:35:16.123456|JKTC|UPG|2023-06-15|1310600.0
2023-06-15 11:43:55.123456|JKTC|UPG|2023-06-15|1295600.0
2023-06-16 10:52:48.123456|JKTC|UPG|2023-06-16|1417100.0
2023-06-16 08:29:43.123456|JKTC|UPG|2023-06-16|1422100.0
2023-06-17 18:47:01.123456|JKTC|UPG|2023-06-17|1314500.0
2023-06-17 21:27:09.123456|JKTC|UPG|2023-06-17|1319500.0
2023-06-17 09:18:25.123456|JKTC|UPG|2023-06-17|1314500.0
2023-06-18 12:08:37.123456|JKTC|UPG|2023-06-18|1466200.0
2023-06-18 09:30:13.123456|JKTC|UPG|2023-06-18|1476200.0
2023-06-18 12:08:40.123456|JKTC|UPG|2023-06-18|1481200.0
2023-06-19 18:46:46.123456|JKTC|UPG|2023-06-19|1179600.0
2023-06-19 14:15:56.123456|JKTC|UPG|2023-06-19|1184600.0
2023-06-19 18:24:31.123456|JKTC|UPG|2023-06-19|1179600.0
2023-06-19 08:47:49.123456|JKTC|UPG|2023-06-19|1179600.0
2023-06-20 18:43:38.123456|JKTC|UPG|2023-06-20|1243900.0
2023-06-20 19:34:11.123456|JKTC|UPG|2023-06-20|1243900.0
2023-06-21 14:03:49.123456|JKTC|UPG|2023-06-21|1319400.0
2023-06-21 13:57:14.123456|JKTC|UPG|2023-06-21|1319400.0
2023-06-21 12:05:16.123456|JKTC|UPG|2023-06-21|1314400.0
2023-06-22 21:15:42.123456|JKTC|UPG|2023-06-22|1221600.0
2023-06-22 20:00:27.123456|JKTC|UPG|2023-06-22|1216600.0
2023-06-22 12:30:13.123456|JKTC|UPG|2023-06-22|1226600.0
2023-06-22 17:08:40.123456|JKTC|UPG|2023-06-22|1221600.0
2023-06-23 18:15:10.123456|JKTC|UPG|2023-06-23|1519300.0
2023-06-23 20:18:50.123456|JKTC|UPG|2023-06-23|1504300.0
2023-06-23 13:48:28.123456|JKTC|UPG|2023-06-23|1514300.0
2023-06-23 09:30:33.123456|JKTC|UPG|2023-06-23|1509300.0
2023-06-24 14:48:19.123456|JKTC|UPG|2023-06-24|1459000.0
2023-06-24 15:10:10.123456|JKTC|UPG|2023-06-24|1459000.0
2023-06-24 10:24:35.123456|JKTC|UPG|2023-06-24|1449000.0
2023-06-24 13:00:21.123456|JKTC|UPG|2023-06-24|1449000.0
2023-06-25 21:14:46.123456|JKTC|UPG|2023-06-25|1552500.0
2023-06-25 08:43:24.123456|JKTC|UPG|2023-06-25|1552500.0
2023-06-25 12:06:56.123456|JKTC|UPG|2023-06-25|1552500.0
2023-06-25 14:20:37.123456|JKTC|UPG|2023-06-25|1547500.0
2023-06-26 09:47:21.123456|JKTC|UPG|2023-06-26|1302700.0
2023-06-26 08:18:27.123456|JKTC|UPG|2023-06-26|1312700.0
2023-06-26 11:11:15.123456|JKTC|UPG|2023-06-26|1317700.0
2023-06-27 15:24:48.123456|JKTC|UPG|2023-06-27|1299100.0
2023-06-27 18:30:16.123456|JKTC|UPG|2023-06-27|1304100.0
2023-06-27 08:51:05.123456|JKTC|UPG|2023-06-27|1289100.0
2023-06-27 10:42:38.123456|JKTC|UPG|2023-06-27|1294100.0
2023-06-28 15:51:09.123456|JKTC|UPG|2023-06-28|1381300.0
2023-06-28 21:11:11.123456|JKTC|UPG|2023-06-28|1381300.0
2023-06-29 09:45:47.123456|JKTC|UPG|2023-06-29|1366800.0
2023-06-29 20:20:14.123456|JKTC|UPG|2023-06-29|1366800.0
2023-06-29 12:25:14.123456|JKTC|UPG|2023-06-29|1371800.0
2023-06-29 16:57:12.123456|JKTC|UPG|2023-06-29|1366800.0
2023-06-30 15:18:06.123456|JKTC|UPG|2023-06-30|1478400.0
2023-06-30 17:25:50.123456|JKTC|UPG|2023-06-30|1478400.0
2023-07-01 14:43:10.123456|JKTC|UPG|2023-07-01|1470900.0
2023-07-01 09:09:44.123456|JKTC|UPG|2023-07-01|1475900.0
2023-07-01 12:09:53.123456|JKTC|UPG|2023-07-01|1480900.0
2023-07-01 11:22:32.123456|JKTC|UPG|2023-07-01|1485900.0
2023-07-02 21:06:12.123456|JKTC|UPG|2023-07-02|1476300.0
2023-07-02 13:57:09.123456|JKTC|UPG|2023-07-02|1471300.0
2023-07-02 14:21:51.123456|JKTC|UPG|2023-07-02|1481300.0
2023-07-02 10:00:24.123456|JKTC|UPG|2023-07-02|1481300.0
2023-07-03 13:44:45.123456|JKTC|UPG|2023-07-03|1264100.0
2023-07-03 18:40:13.123456|JKTC|UPG|2023-07-03|1259100.0
2023-07-03 08:19:03.123456|JKTC|UPG|2023-07-03|1259100.0
2023-07-03 16:18:46.123456|JKTC|UPG|2023-07-03|1254100.0
2023-07-04 17:53:30.123456|JKTC|UPG|2023-07-04|1274500.0
2023-07-04 12:40:24.123456|JKTC|UPG|2023-07-04|1274500.0
2023-07-04 19:16:09.123456|JKTC|UPG|2023-07-04|1274500.0
2023-07-05 21:33:45.123456|JKTC|UPG|2023-07-05|1363900.0
2023-07-05 10:30:29.123456|JKTC|UPG|2023-07-05|1368900.0
2023-07-06 16:32:50.123456|JKTC|UPG|2023-07-06|1200400.0
2023-07-06 18:31:55.123456|JKTC|UPG|2023-07-06|1195400.0
2023-07-06 10:23:01.123456|JKTC|UPG|2023-07-06|1205400.0
2023-07-06 14:19:30.123456|JKTC|UPG|2023-07-06|1205400.0
2023-07-07 14:12:58.123456|JKTC|UPG|2023-07-07|1342100.0
2023-07-07 18:45:19.123456|JKTC|UPG|2023-07-07|1347100.0
2023-07-07 14:15:04.123456|JKTC|UPG|2023-07-07|1342100.0
2023-07-07 10:36:57.123456|JKTC|UPG|2023-07-07|1342100.0
2023-07-08 09:55:19.123456|JKTC|UPG|2023-07-08|1355300.0
2023-07-08 13:23:52.123456|JKTC|UPG|2023-07-08|1345300.0
2023-07-09 14:25:19.123456|JKTC|UPG|2023-07-09|1415100.0
2023-07-09 12:33:10.123456|JKTC|UPG|2023-07-09|1430100.0
2023-07-09 12:28:25.123456|JKTC|UPG|2023-07-09|1420100.0
2023-07-09 11:15:07.123456|JKTC|UPG|2023-07-09|1415100.0
2023-07-10 17:14:23.123456|JKTC|UPG|2023-07-10|1037800.0
2023-07-10 16:40:09.123456|JKTC|UPG|2023-07-10|1042800.0
2023-07-10 16:11:31.123456|JKTC|UPG|2023-07-10|1052800.0
2023-07-10 21:58:38.123456|JKTC|UPG|2023-07-10|1047800.0
2023-07-11 14:50:43.123456|JKTC|UPG|2023-07-11|1161900.0
2023-07-11 13:38:20.123456|JKTC|UPG|2023-07-11|1161900.0
2023-07-12 12:47:37.123456|JKTC|UPG|2023-07-12|1176300.0
2023-07-12 18:00:31.123456|JKTC|UPG|2023-07-12|1176300.0
2023-07-13 21:38:29.123456|JKTC|UPG|2023-07-13|1221700.0
2023-07-13 10:06:07.123456|JKTC|UPG|2023-07-13|1226700.0
2023-07-13 11:10:45.123456|JKTC|UPG|2023-07-13|1221700.0
2023-07-14 16:53:02.123456|JKTC|UPG|2023-07-14|1435600.0
2023-07-14 13:13:46.123456|JKTC|UPG|2023-07-14|1435600.0
2023-07-15 08:45:22.123456|JKTC|UPG|2023-07-15|1270200.0
2023-07-15 16:01:45.123456|JKTC|UPG|2023-07-15|1280200.0
2023-07-15 18:37:41.123456|JKTC|UPG|2023-07-15|1270200.0
2023-07-16 17:44:48.123456|JKTC|UPG|2023-07-16|1284900.0
2023-07-16 19:53:15.123456|JKTC|UPG|2023-07-16|1284900.0
2023-07-17 17:33:47.123456|JKTC|UPG|2023-07-17|1206900.0
2023-07-17 19:32:04.123456|JKTC|UPG|2023-07-17|1206900.0
2023-07-17 14:35:45.123456|JKTC|UPG|2023-07-17|1201900.0
2023-07-17 13:17:23.123456|JKTC|UPG|2023-07-17|1201900.0
2023-07-18 15:41:45.123456|JKTC|UPG|2023-07-18|1158300.0
2023-07-18 21:14:11.123456|JKTC|UPG|2023-07-18|1153300.0
2023-07-19 10:41:54.123456|JKTC|UPG|2023-07-19|1169400.0
2023-07-19 14:22:35.123456|JKTC|UPG|2023-07-19|1164400.0
2023-07-19 16:06:57.123456|JKTC|UPG|2023-07-19|1169400.0
2023-07-20 17:57:34.123456|JKTC|UPG|2023-07-20|1160500.0
2023-07-20 11:43:27.123456|JKTC|UPG|2023-07-20|1150500.0
2023-07-20 13:08:23.123456|JKTC|UPG|2023-07-20|1160500.0
2023-07-20 17:49:21.123456|JKTC|UPG|2023-07-20|1150500.0
2023-07-21 09:28:33.123456|JKTC|UPG|2023-07-21|1228000.0
2023-07-21 21:40:47.123456|JKTC|UPG|2023-07-21|1243000.0
2023-07-21 15:04:00.123456|JKTC|UPG|2023-07-21|1238000.0
2023-07-22 11:24:49.123456|JKTC|UPG|2023-07-22|1314100.0
2023-07-22 10:33:51.123456|JKTC|UPG|2023-07-22|1314100.0
2023-07-22 17:20:21.123456|JKTC|UPG|2023-07-22|1314100.0
2023-07-23 18:17:29.123456|JKTC|UPG|2023-07-23|1379900.0
2023-07-23 20:35:34.123456|JKTC|UPG|2023-07-23|1379900.0
2023-07-23 15:05:38.123456|JKTC|UPG|2023-07-23|1394900.0
2023-07-24 15:49:46.123456|JKTC|UPG|2023-07-24|1235300.0
2023-07-24 15:31:53.123456|JKTC|UPG|2023-07-24|1230300.0
2023-07-24 16:53:34.123456|JKTC|UPG|2023-07-24|1240300.0
2023-07-25 08:02:16.123456|JKTC|UPG|2023-07-25|1195800.0
2023-07-25 19:03:15.123456|JKTC|UPG|2023-07-25|1195800.0
2023-07-25 16:06:16.123456|JKTC|UPG|2023-07-25|1190800.0
2023-07-26 18:48:47.123456|JKTC|UPG|2023-07-26|1250200.0
2023-07-26 21:39:31.123456|JKTC|UPG|2023-07-26|1245200.0
2023-07-26 14:17:30.123456|JKTC|UPG|2023-07-26|1250200.0
2023-07-26 12:05:58.123456|JKTC|UPG|2023-07-26|1250200.0
2023-07-27 09:22:08.123456|JKTC|UPG|2023-07-27|1195000.0
2023-07-27 14:20:29.123456|JKTC|UPG|2023-07-27|1205000.0
2023-07-28 12:21:07.123456|JKTC|UPG|2023-07-28|1383600.0
2023-07-28 09:37:38.123456|JKTC|UPG|2023-07-28|1383600.0
2023-07-28 12:58:53.123456|JKTC|UPG|2023-07-28|1388600.0
2023-07-29 15:24:16.123456|JKTC|UPG|2023-07-29|1438200.0
2023-07-29 13:19:00.123456|JKTC|UPG|2023-07-29|1438200.0
2023-07-29 19:17:40.123456|JKTC|UPG|2023-07-29|1448200.0
2023-07-29 20:55:01.123456|JKTC|UPG|2023-07-29|1438200.0
2023-07-30 21:10:31.123456|JKTC|UPG|2023-07-30|1322400.0
2023-07-30 13:29:02.123456|JKTC|UPG|2023-07-30|1327400.0
2023-07-31 18:28:49.123456|JKTC|UPG|2023-07-31|1262500.0
2023-07-31 16:30:20.123456|JKTC|UPG|2023-07-31|1267500.0
2023-07-31 17:47:35.123456|JKTC|UPG|2023-07-31|1262500.0
2023-08-01 13:38:20.123456|JKTC|UPG|2023-08-01|1235200.0
2023-08-01 21:42:11.123456|JKTC|UPG|2023-08-01|1230200.0
2023-08-02 19:52:34.123456|JKTC|UPG|2023-08-02|1206500.0
2023-08-02 10:20:46.123456|JKTC|UPG|2023-08-02|1191500.0
2023-08-02 20:38:27.123456|JKTC|UPG|2023-08-02|1196500.0
2023-08-03 09:46:47.123456|JKTC|UPG|2023-08-03|1189900.0
2023-08-03 08:15:26.123456|JKTC|UPG|2023-08-03|1199900.0
2023-08-03 09:02:30.123456|JKTC|UPG|2023-08-03|1189900.0
2023-08-03 16:53:57.123456|JKTC|UPG|2023-08-03|1189900.0
2023-08-04 15:31:01.123456|JKTC|UPG|2023-08-04|1293900.0
2023-08-04 12:06:26.123456|JKTC|UPG|2023-08-04|1308900.0
2023-08-04 19:11:21.123456|JKTC|UPG|2023-08-04|1298900.0
2023-08-04 10:07:24.123456|JKTC|UPG|2023-08-04|1293900.0
2023-08-05 20:48:46.123456|JKTC|UPG|2023-08-05|1282400.0
2023-08-05 15:21:04.123456|JKTC|UPG|2023-08-05|1297400.0
2023-08-05 19:36:15.123456|JKTC|UPG|2023-08-05|1292400.0
2023-08-05 13:56:40.123456|JKTC|UPG|2023-08-05|1297400.0
2023-08-06 09:21:12.123456|JKTC|UPG|2023-08-06|1347400.0
2023-08-06 14:30:38.123456|JKTC|UPG|2023-08-06|1332400.0
2023-08-07 16:37:13.123456|JKTC|UPG|2023-08-07|1180000.0
2023-08-07 11:51:20.123456|JKTC|UPG|2023-08-07|1165000.0
2023-08-07 12:55:23.123456|JKTC|UPG|2023-08-07|1180000.0
2023-08-07 10:20:18.123456|JKTC|UPG|2023-08-07|1165000.0
2023-08-08 18:56:56.123456|JKTC|UPG|2023-08-08|1154300.0
2023-08-08 11:02:04.123456|JKTC|UPG|2023-08-08|1139300.0
2023-08-08 21:26:35.123456|JKTC|UPG|2023-08-08|1149300.0
2023-08-09 14:15:22.123456|JKTC|UPG|2023-08-09|1175700.0
2023-08-09 20:18:52.123456|JKTC|UPG|2023-08-09|1170700.0
2023-08-10 19:23:01.123456|JKTC|UPG|2023-08-10|1086600.0
2023-08-10 18:09:55.123456|JKTC|UPG|2023-08-10|1081600.0
2023-08-10 14:07:21.123456|JKTC|UPG|2023-08-10|1086600.0
2023-08-11 20:26:46.123456|JKTC|UPG|2023-08-11|1215000.0
2023-08-11 13:34:51.123456|JKTC|UPG|2023-08-11|1210000.0
2023-08-12 18:51:52.123456|JKTC|UPG|2023-08-12|1298700.0
2023-08-12 14:17:39.123456|JKTC|UPG|2023-08-12|1303700.0
2023-08-13 10:13:40.123456|JKTC|UPG|2023-08-13|1232200.0
2023-08-13 11:55:01.123456|JKTC|UPG|2023-08-13|1242200.0
2023-08-14 21:19:13.123456|JKTC|UPG|2023-08-14|986100.0
2023-08-14 16:24:40.123456|JKTC|UPG|2023-08-14|981100.0
2023-08-15 21:05:37.123456|JKTC|UPG|2023-08-15|1206200.0
2023-08-15 17:58:08.123456|JKTC|UPG|2023-08-15|1206200.0
2023-08-16 10:46:09.123456|JKTC|UPG|2023-08-16|1080000.0
2023-08-16 09:30:10.123456|JKTC|UPG|2023-08-16|1085000.0
2023-08-16 19:33:52.123456|JKTC|UPG|2023-08-16|1090000.0
2023-08-16 10:35:27.123456|JKTC|UPG|2023-08-16|1075000.0
2023-08-17 10:10:33.123456|JKTC|UPG|2023-08-17|1045800.0
2023-08-17 20:55:31.123456|JKTC|UPG|2023-08-17|1040800.0
2023-08-18 20:07:18.123456|JKTC|UPG|2023-08-18|1324700.0
2023-08-18 08:06:41.123456|JKTC|UPG|2023-08-18|1314700.0
2023-08-18 21:36:17.123456|JKTC|UPG|2023-08-18|1324700.0
2023-08-18 11:38:56.123456|JKTC|UPG|2023-08-18|1309700.0
2023-08-19 08:04:12.123456|JKTC|UPG|2023-08-19|1294400.0
2023-08-19 17:42:33.123456|JKTC|UPG|2023-08-19|1294400.0
2023-08-19 09:31:04.123456|JKTC|UPG|2023-08-19|1299400.0
2023-08-19 12:35:51.123456|JKTC|UPG|2023-08-19|1299400.0
2023-08-20 18:29:04.123456|JKTC|UPG|2023-08-20|1211000.0
2023-08-20 08:38:12.123456|JKTC|UPG|2023-08-20|1201000.0
2023-08-20 12:55:07.123456|JKTC|UPG|2023-08-20|1211000.0
2023-08-21 19:37:44.123456|JKTC|UPG|2023-08-21|1169500.0
2023-08-21 19:03:58.123456|JKTC|UPG|2023-08-21|1159500.0
2023-08-21 19:44:22.123456|JKTC|UPG|2023-08-21|1159500.0
2023-08-21 10:56:22.123456|JKTC|UPG|2023-08-21|1169500.0
2023-08-22 20:53:35.123456|JKTC|UPG|2023-08-22|1130000.0
2023-08-22 21:57:07.123456|JKTC|UPG|2023-08-22|1140000.0
2023-08-22 10:42:34.123456|JKTC|UPG|2023-08-22|1140000.0
2023-08-22 21:57:51.123456|JKTC|UPG|2023-08-22|1125000.0
2023-08-23 15:56:12.123456|JKTC|UPG|2023-08-23|1050100.0
2023-08-23 08:03:38.123456|JKTC|UPG|2023-08-23|1035100.0
2023-08-24 14:34:10.123456|JKTC|UPG|2023-08-24|1114700.0
2023-08-24 11:49:03.123456|JKTC|UPG|2023-08-24|1124700.0
2023-08-24 11:32:49.123456|JKTC|UPG|2023-08-24|1119700.0
2023-08-24 11:14:39.123456|JKTC|UPG|2023-08-24|1119700.0
2023-08-25 10:51:21.123456|JKTC|UPG|2023-08-25|1311200.0
2023-08-25 16:53:39.123456|JKTC|UPG|2023-08-25|1316200.0
2023-08-26 17:15:47.123456|JKTC|UPG|2023-08-26|1256200.0
2023-08-26 08:30:15.123456|JKTC|UPG|2023-08-26|1261200.0
2023-08-26 09:14:26.123456|JKTC|UPG|2023-08-26|1256200.0
2023-08-26 08:34:24.123456|JKTC|UPG|2023-08-26|1266200.0
2023-08-27 15:28:29.123456|JKTC|UPG|2023-08-27|1302300.0
2023-08-27 10:58:43.123456|JKTC|UPG|2023-08-27|1302300.0
2023-08-28 09:58:39.123456|JKTC|UPG|2023-08-28|1104700.0
2023-08-28 20:16:24.123456|JKTC|UPG|2023-08-28|1099700.0
2023-08-28 14:33:17.123456|JKTC|UPG|2023-08-28|1099700.0
2023-08-28 11:18:35.123456|JKTC|UPG|2023-08-28|1099700.0
2023-08-29 14:58:03.123456|JKTC|UPG|2023-08-29|1138900.0
2023-08-29 19:08:53.123456|JKTC|UPG|2023-08-29|1148900.0
2023-08-30 11:42:42.123456|JKTC|UPG|2023-08-30|1159200.0
2023-08-30 15:42:02.123456|JKTC|UPG|2023-08-30|1164200.0
2023-08-31 08:24:19.123456|JKTC|UPG|2023-08-31|1197600.0
2023-08-31 14:54:22.123456|JKTC|UPG|2023-08-31|1187600.0
2023-08-31 11:43:13.123456|JKTC|UPG|2023-08-31|1182600.0
2023-08-31 21:00:57.123456|JKTC|UPG|2023-08-31|1187600.0
2023-09-01 11:11:42.123456|JKTC|UPG|2023-09-01|1307800.0
2023-09-01 10:48:54.123456|JKTC|UPG|2023-09-01|1307800.0
2023-09-02 10:43:31.123456|JKTC|UPG|2023-09-02|1201600.0
2023-09-02 16:29:04.123456|JKTC|UPG|2023-09-02|1186600.0
2023-09-02 15:34:15.123456|JKTC|UPG|2023-09-02|1196600.0
2023-09-03 11:41:39.123456|JKTC|UPG|2023-09-03|1270800.0
2023-09-03 09:14:28.123456|JKTC|UPG|2023-09-03|1265800.0
2023-09-04 21:17:10.123456|JKTC|UPG|2023-09-04|1113300.0
2023-09-04 18:01:24.123456|JKTC|UPG|2023-09-04|1118300.0
2023-09-04 19:05:37.123456|JKTC|UPG|2023-09-04|1118300.0
2023-09-05 14:14:01.123456|JKTC|UPG|2023-09-05|1122600.0
2023-09-05 11:53:48.123456|JKTC|UPG|2023-09-05|1132600.0
2023-09-06 14:16:10.123456|JKTC|UPG|2023-09-06|1094400.0
2023-09-06 10:36:52.123456|JKTC|UPG|2023-09-06|1084400.0
2023-09-06 13:44:09.123456|JKTC|UPG|2023-09-06|1084400.0
2023-09-06 14:46:16.123456|JKTC|UPG|2023-09-06|1084400.0
2023-09-07 18:06:08.123456|JKTC|UPG|2023-09-07|1083000.0
2023-09-07 13:25:53.123456|JKTC|UPG|2023-09-07|1083000.0
2023-09-07 12:30:07.123456|JKTC|UPG|2023-09-07|1088000.0
2023-09-07 13:04:24.123456|JKTC|UPG|2023-09-07|1078000.0
2023-09-08 20:12:27.123456|JKTC|UPG|2023-09-08|1118900.0
2023-09-08 08:55:38.123456|JKTC|UPG|2023-09-08|1128900.0
2023-09-08 16:41:15.123456|JKTC|UPG|2023-09-08|1123900.0
2023-09-08 21:47:14.123456|JKTC|UPG|2023-09-08|1128900.0
2023-09-09 08:10:27.123456|JKTC|UPG|2023-09-09|1307000.0
2023-09-09 21:20:27.123456|JKTC|UPG|2023-09-09|1312000.0
2023-09-10 09:52:34.123456|JKTC|UPG|2023-09-10|1232400.0
2023-09-10 11:17:01.123456|JKTC|UPG|2023-09-10|1227400.0
2023-09-10 09:58:06.123456|JKTC|UPG|2023-09-10|1217400.0
2023-09-10 18:09:11.123456|JKTC|UPG|2023-09-10|1232400.0
2023-09-11 11:06:14.123456|JKTC|UPG|2023-09-11|1036700.0
2023-09-11 09:42:40.123456|JKTC|UPG|2023-09-11|1041700.0
2023-09-12 18:05:22.123456|JKTC|UPG|2023-09-12|1030300.0
2023-09-12 11:27:58.123456|JKTC|UPG|2023-09-12|1035300.0
2023-09-13 19:28:33.123456|JKTC|UPG|2023-09-13|1057100.0
2023-09-13 15:01:24.123456|JKTC|UPG|2023-09-13|1057100.0
2023-09-14 12:20:42.123456|JKTC|UPG|2023-09-14|1083200.0
2023-09-14 18:01:58.123456|JKTC|UPG|2023-09-14|1078200.0
2023-09-14 13:02:34.123456|JKTC|UPG|2023-09-14|1073200.0
2023-09-14 16:05:30.123456|JKTC|UPG|2023-09-14|1068200.0
2023-09-15 10:16:57.123456|JKTC|UPG|2023-09-15|1161200.0
2023-09-15 20:13:36.123456|JKTC|UPG|2023-09-15|1156200.0
2023-09-15 20:16:31.123456|JKTC|UPG|2023-09-15|1161200.0
2023-09-16 14:45:06.123456|JKTC|UPG|2023-09-16|1114200.0
2023-09-16 15:18:08.123456|JKTC|UPG|2023-09-16|1124200.0
2023-09-16 11:18:34.123456|JKTC|UPG|2023-09-16|1119200.0
2023-09-17 14:21:54.123456|JKTC|UPG|2023-09-17|1116600.0
2023-09-17 16:38:48.123456|JKTC|UPG|2023-09-17|1111600.0
2023-09-18 20:47:43.123456|JKTC|UPG|2023-09-18|949800.0
2023-09-18 11:50:27.123456|JKTC|UPG|2023-09-18|939800.0
2023-09-18 20:25:58.123456|JKTC|UPG|2023-09-18|954800.0
2023-09-18 13:37:09.123456|JKTC|UPG|2023-09-18|949800.0
2023-09-19 13:17:48.123456|JKTC|UPG|2023-09-19|1079800.0
2023-09-19 21:42:21.123456|JKTC|UPG|2023-09-19|1079800.0
2023-09-19 20:18:17.123456|JKTC|UPG|2023-09-19|1069800.0
2023-09-20 15:27:44.123456|JKTC|UPG|2023-09-20|1100400.0
2023-09-20 11:40:42.123456|JKTC|UPG|2023-09-20|1100400.0
2023-09-20 21:06:54.123456|JKTC|UPG|2023-09-20|1110400.0
2023-09-20 20:02:21.123456|JKTC|UPG|2023-09-20|1110400.0
2023-09-21 20:26:28.123456|JKTC|UPG|2023-09-21|1032600.0
2023-09-21 10:42:39.123456|JKTC|UPG|2023-09-21|1032600.0
2023-09-21 20:34:30.123456|JKTC|UPG|2023-09-21|1037600.0
2023-09-21 19:46:29.123456|JKTC|UPG|2023-09-21|1047600.0
2023-09-22 09:00:40.123456|JKTC|UPG|2023-09-22|1274600.0
2023-09-22 08:33:27.123456|JKTC|UPG|2023-09-22|1274600.0
2023-09-23 13:53:26.123456|JKTC|UPG|2023-09-23|1324100.0
2023-09-23 19:08:55.123456|JKTC|UPG|2023-09-23|1329100.0
2023-09-23 13:04:52.123456|JKTC|UPG|2023-09-23|1319100.0
2023-09-23 19:44:08.123456|JKTC|UPG|2023-09-23|1314100.0
2023-09-24 12:01:30.123456|JKTC|UPG|2023-09-24|1270600.0
2023-09-24 12:18:44.123456|JKTC|UPG|2023-09-24|1285600.0
2023-09-25 15:17:04.123456|JKTC|UPG|2023-09-25|1107100.0
2023-09-25 16:08:53.123456|JKTC|UPG|2023-09-25|1097100.0
2023-09-25 20:22:47.123456|JKTC|UPG|2023-09-25|1097100.0
2023-09-25 17:24:38.123456|JKTC|UPG|2023-09-25|1092100.0
2023-09-26 12:54:38.123456|JKTC|UPG|2023-09-26|1115000.0
2023-09-26 19:47:45.123456|JKTC|UPG|2023-09-26|1130000.0
2023-09-27 10:57:43.123456|JKTC|UPG|2023-09-27|1139900.0
2023-09-27 12:05:11.123456|JKTC|UPG|2023-09-27|1144900.0
2023-09-27 17:25:35.123456|JKTC|UPG|2023-09-27|1144900.0
2023-09-27 15:41:28.123456|JKTC|UPG|2023-09-27|1134900.0
2023-09-28 12:33:47.123456|JKTC|UPG|2023-09-28|1166800.0
2023-09-28 18:40:13.123456|JKTC|UPG|2023-09-28|1166800.0
2023-09-28 17:32:25.123456|JKTC|UPG|2023-09-28|1156800.0
2023-09-28 15:45:14.123456|JKTC|UPG|2023-09-28|1166800.0
2023-09-29 09:33:05.123456|JKTC|UPG|2023-09-29|1299000.0
2023-09-29 16:15:33.123456|JKTC|UPG|2023-09-29|1299000.0
2023-09-29 08:18:23.123456|JKTC|UPG|2023-09-29|1309000.0
2023-09-30 13:14:28.123456|JKTC|UPG|2023-09-30|1252200.0
2023-09-30 12:10:34.123456|JKTC|UPG|2023-09-30|1252200.0
2023-09-30 10:12:28.123456|JKTC|UPG|2023-09-30|1247200.0
2023-09-30 08:51:57.123456|JKTC|UPG|2023-09-30|1237200.0
2023-10-01 10:36:42.123456|JKTC|UPG|2023-10-01|1279000.0
2023-10-01 09:29:16.123456|JKTC|UPG|2023-10-01|1269000.0
2023-10-01 09:11:52.123456|JKTC|UPG|2023-10-01|1274000.0
2023-10-02 08:22:42.123456|JKTC|UPG|2023-10-02|1152800.0
2023-10-02 14:18:37.123456|JKTC|UPG|2023-10-02|1142800.0
2023-10-02 09:57:54.123456|JKTC|UPG|2023-10-02|1147800.0
2023-10-03 21:44:14.123456|JKTC|UPG|2023-10-03|996100.0
2023-10-03 19:36:01.123456|JKTC|UPG|2023-10-03|1006100.0
2023-10-03 16:51:50.123456|JKTC|UPG|2023-10-03|996100.0
2023-10-03 15:04:02.123456|JKTC|UPG|2023-10-03|996100.0
2023-10-04 16:12:21.123456|JKTC|UPG|2023-10-04|1122100.0
2023-10-04 15:32:10.123456|JKTC|UPG|2023-10-04|1132100.0
2023-10-04 10:00:24.123456|JKTC|UPG|2023-10-04|1117100.0
2023-10-05 08:34:29.123456|JKTC|UPG|2023-10-05|1096900.0
2023-10-05 15:35:41.123456|JKTC|UPG|2023-10-05|1106900.0
2023-10-05 17:51:42.123456|JKTC|UPG|2023-10-05|1106900.0
2023-10-06 08:05:34.123456|JKTC|UPG|2023-10-06|1163400.0
2023-10-06 18:14:45.123456|JKTC|UPG|2023-10-06|1158400.0
2023-10-07 12:53:13.123456|JKTC|UPG|2023-10-07|1210300.0
2023-10-07 10:04:32.123456|JKTC|UPG|2023-10-07|1210300.0
2023-10-07 18:55:36.123456|JKTC|UPG|2023-10-07|1215300.0
2023-10-07 14:58:31.123456|JKTC|UPG|2023-10-07|1215300.0
2023-10-08 21:47:16.123456|JKTC|UPG|2023-10-08|1130700.0
2023-10-08 09:16:56.123456|JKTC|UPG|2023-10-08|1130700.0
2023-10-08 13:12:34.123456|JKTC|UPG|2023-10-08|1125700.0
2023-10-09 10:56:33.123456|JKTC|UPG|2023-10-09|1035100.0
2023-10-09 20:07:38.123456|JKTC|UPG|2023-10-09|1035100.0
2023-10-09 15:47:27.123456|JKTC|UPG|2023-10-09|1035100.0
2023-10-09 12:02:07.123456|JKTC|UPG|2023-10-09|1040100.0
2023-10-10 13:36:37.123456|JKTC|UPG|2023-10-10|1009800.0
2023-10-10 08:23:03.123456|JKTC|UPG|2023-10-10|1009800.0
2023-10-11 18:09:49.123456|JKTC|UPG|2023-10-11|987200.0
2023-10-11 17:25:17.123456|JKTC|UPG|2023-10-11|987200.0
2023-10-11 19:12:17.123456|JKTC|UPG|2023-10-11|997200.0
2023-10-12 14:35:26.123456|JKTC|UPG|2023-10-12|1006000.0
2023-10-12 14:46:35.123456|JKTC|UPG|2023-10-12|1001000.0
2023-10-13 14:05:57.123456|JKTC|UPG|2023-10-13|1138300.0
2023-10-13 18:34:06.123456|JKTC|UPG|2023-10-13|1143300.0
2023-10-13 10:45:12.123456|JKTC|UPG|2023-10-13|1153300.0
2023-10-13 15:45:23.123456|JKTC|UPG|2023-10-13|1148300.0
2023-10-14 17:55:06.123456|JKTC|UPG|2023-10-14|1222000.0
2023-10-14 17:50:54.123456|JKTC|UPG|2023-10-14|1232000.0
2023-10-14 20:34:57.123456|JKTC|UPG|2023-10-14|1227000.0
2023-10-15 10:37:38.123456|JKTC|UPG|2023-10-15|969000.0
2023-10-15 11:25:08.123456|JKTC|UPG|2023-10-15|979000.0
2023-10-15 13:28:00.123456|JKTC|UPG|2023-10-15|984000.0
2023-10-16 18:57:27.123456|JKTC|UPG|2023-10-16|974900.0
2023-10-16 15:56:28.123456|JKTC|UPG|2023-10-16|969900.0
2023-10-16 09:30:58.123456|JKTC|UPG|2023-10-16|969900.0
2023-10-16 12:25:44.123456|JKTC|UPG|2023-10-16|984900.0
2023-10-17 19:20:35.123456|JKTC|UPG|2023-10-17|1037900.0
2023-10-17 14:14:45.123456|JKTC|UPG|2023-10-17|1037900.0
2023-10-17 12:04:58.123456|JKTC|UPG|2023-10-17|1042900.0
2023-10-17 16:20:32.123456|JKTC|UPG|2023-10-17|1037900.0
2023-10-18 08:10:16.123456|JKTC|UPG|2023-10-18|1096400.0
2023-10-18 18:34:12.123456|JKTC|UPG|2023-10-18|1101400.0
2023-10-18 13:45:37.123456|JKTC|UPG|2023-10-18|1101400.0
2023-10-19 19:04:46.123456|JKTC|UPG|2023-10-19|1082300.0
2023-10-19 08:43:31.123456|JKTC|UPG|2023-10-19|1097300.0
2023-10-20 15:56:14.123456|JKTC|UPG|2023-10-20|1253800.0
2023-10-20 10:44:21.123456|JKTC|UPG|2023-10-20|1243800.0
2023-10-20 14:44:58.123456|JKTC|UPG|2023-10-20|1238800.0
2023-10-20 14:35:04.123456|JKTC|UPG|2023-10-20|1238800.0
2023-10-21 20:52:15.123456|JKTC|UPG|2023-10-21|1198300.0
2023-10-21 11:27:19.123456|JKTC|UPG|2023-10-21|1188300.0
2023-10-21 13:35:06.123456|JKTC|UPG|2023-10-21|1188300.0
2023-10-22 18:11:20.123456|JKTC|UPG|2023-10-22|1365100.0
2023-10-22 11:35:40.123456|JKTC|UPG|2023-10-22|1365100.0
2023-10-22 16:07:42.123456|JKTC|UPG|2023-10-22|1365100.0
2023-10-23 15:41:27.123456|JKTC|UPG|2023-10-23|1065400.0
2023-10-23 16:16:33.123456|JKTC|UPG|2023-10-23|1065400.0
2023-10-23 11:17:33.123456|JKTC|UPG|2023-10-23|1060400.0
2023-10-24 14:48:29.123456|JKTC|UPG|2023-10-24|1147600.0
2023-10-24 10:55:02.123456|JKTC|UPG|2023-10-24|1157600.0
2023-10-25 09:36:42.123456|JKTC|UPG|2023-10-25|1120300.0
2023-10-25 14:54:55.123456|JKTC|UPG|2023-10-25|1115300.0
2023-10-25 18:06:17.123456|JKTC|UPG|2023-10-25|1115300.0
2023-10-25 09:02:07.123456|JKTC|UPG|2023-10-25|1120300.0
2023-10-26 18:34:04.123456|JKTC|UPG|2023-10-26|1111800.0
2023-10-26 21:10:31.123456|JKTC|UPG|2023-10-26|1116800.0
2023-10-26 18:15:36.123456|JKTC|UPG|2023-10-26|1111800.0
2023-10-26 19:41:42.123456|JKTC|UPG|2023-10-26|1101800.0
2023-10-27 14:38:50.123456|JKTC|UPG|2023-10-27|1299000.0
2023-10-27 16:13:17.123456|JKTC|UPG|2023-10-27|1309000.0
2023-10-28 14:55:39.123456|JKTC|UPG|2023-10-28|1257700.0
2023-10-28 19:29:48.123456|JKTC|UPG|2023-10-28|1252700.0
2023-10-29 17:25:55.123456|JKTC|UPG|2023-10-29|1353100.0
2023-10-29 11:54:37.123456|JKTC|UPG|2023-10-29|1343100.0
2023-10-29 12:56:06.123456|JKTC|UPG|2023-10-29|1343100.0
2023-10-29 16:08:31.123456|JKTC|UPG|2023-10-29|1343100.0
2023-10-30 21:05:16.123456|JKTC|UPG|2023-10-30|1113100.0
2023-10-30 12:16:18.123456|JKTC|UPG|2023-10-30|1113100.0
2023-10-31 14:36:39.123456|JKTC|UPG|2023-10-31|1154300.0
2023-10-31 13:00:28.123456|JKTC|UPG|2023-10-31|1159300.0
2023-10-31 16:22:52.123456|JKTC|UPG|2023-10-31|1149300.0
2023-10-31 19:47:28.123456|JKTC|UPG|2023-10-31|1159300.0
2023-11-01 11:51:54.123456|JKTC|UPG|2023-11-01|968000.0
2023-11-01 13:54:10.123456|JKTC|UPG|2023-11-01|973000.0
2023-11-01 08:53:31.123456|JKTC|UPG|2023-11-01|983000.0
2023-11-02 12:20:14.123456|JKTC|UPG|2023-11-02|1183800.0
2023-11-02 18:22:08.123456|JKTC|UPG|2023-11-02|1188800.0
2023-11-03 10:35:14.123456|JKTC|UPG|2023-11-03|1273600.0
2023-11-03 18:32:02.123456|JKTC|UPG|2023-11-03|1258600.0
2023-11-04 10:20:31.123456|JKTC|UPG|2023-11-04|1218300.0
2023-11-04 16:58:52.123456|JKTC|UPG|2023-11-04|1218300.0
2023-11-05 17:58:52.123456|JKTC|UPG|2023-11-05|1315300.0
2023-11-05 17:48:37.123456|JKTC|UPG|2023-11-05|1325300.0
2023-11-05 13:00:35.123456|JKTC|UPG|2023-11-05|1325300.0
2023-11-05 11:16:51.123456|JKTC|UPG|2023-11-05|1315300.0
2023-11-06 16:03:45.123456|JKTC|UPG|2023-11-06|1035900.0
2023-11-06 16:11:34.123456|JKTC|UPG|2023-11-06|1035900.0
2023-11-06 16:50:42.123456|JKTC|UPG|2023-11-06|1040900.0
2023-11-07 13:29:17.123456|JKTC|UPG|2023-11-07|1073100.0
2023-11-07 19:46:02.123456|JKTC|UPG|2023-11-07|1073100.0
2023-11-08 20:58:33.123456|JKTC|UPG|2023-11-08|1017300.0
2023-11-08 10:46:14.123456|JKTC|UPG|2023-11-08|1012300.0
2023-11-08 15:24:52.123456|JKTC|UPG|2023-11-08|1017300.0
2023-11-08 08:56:15.123456|JKTC|UPG|2023-11-08|1012300.0
2023-11-09 08:06:49.123456|JKTC|UPG|2023-11-09|1082800.0
2023-11-09 10:57:24.123456|JKTC|UPG|2023-11-09|1092800.0
2023-11-10 08:06:06.123456|JKTC|UPG|2023-11-10|1189200.0
2023-11-10 19:46:43.123456|JKTC|UPG|2023-11-10|1184200.0
2023-11-10 15:29:08.123456|JKTC|UPG|2023-11-10|1189200.0
2023-11-11 13:53:18.123456|JKTC|UPG|2023-11-11|1253300.0
2023-11-11 13:18:34.123456|JKTC|UPG|2023-11-11|1258300.0
2023-11-11 11:08:15.123456|JKTC|UPG|2023-11-11|1263300.0
2023-11-11 17:46:38.123456|JKTC|UPG|2023-11-11|1258300.0
2023-11-12 12:31:53.123456|JKTC|UPG|2023-11-12|1203900.0
2023-11-12 10:41:16.123456|JKTC|UPG|2023-11-12|1213900.0
2023-11-12 11:16:40.123456|JKTC|UPG|2023-11-12|1213900.0
2023-11-12 16:32:14.123456|JKTC|UPG|2023-11-12|1208900.0
2023-11-13 15:00:22.123456|JKTC|UPG|2023-11-13|1001100.0
2023-11-13 13:19:50.123456|JKTC|UPG|2023-11-13|1011100.0
2023-11-13 11:51:06.123456|JKTC|UPG|2023-11-13|996100.0
2023-11-13 11:10:52.123456|JKTC|UPG|2023-11-13|996100.0
2023-11-14 15:50:35.123456|JKTC|UPG|2023-11-14|1018700.0
2023-11-14 15:40:36.123456|JKTC|UPG|2023-11-14|1018700.0
2023-11-15 10:00:55.123456|JKTC|UPG|2023-11-15|1037800.0
2023-11-15 20:13:17.123456|JKTC|UPG|2023-11-15|1032800.0
2023-11-16 13:26:14.123456|JKTC|UPG|2023-11-16|1102800.0
2023-11-16 08:01:39.123456|JKTC|UPG|2023-11-16|1097800.0
2023-11-17 20:57:04.123456|JKTC|UPG|2023-11-17|1207500.0
2023-11-17 17:22:14.123456|JKTC|UPG|2023-11-17|1217500.0
2023-11-18 11:12:47.123456|JKTC|UPG|2023-11-18|1269700.0
2023-11-18 18:06:55.123456|JKTC|UPG|2023-11-18|1269700.0
2023-11-18 16:00:08.123456|JKTC|UPG|2023-11-18|1269700.0
2023-11-18 20:22:29.123456|JKTC|UPG|2023-11-18|1254700.0
2023-11-19 12:05:20.123456|JKTC|UPG|2023-11-19|1182900.0
2023-11-19 13:38:12.123456|JKTC|UPG|2023-11-19|1187900.0
2023-11-19 12:23:05.123456|JKTC|UPG|2023-11-19|1172900.0
2023-11-19 09:31:53.123456|JKTC|UPG|2023-11-19|1187900.0
2023-11-20 19:04:56.123456|JKTC|UPG|2023-11-20|1127000.0
2023-11-20 14:40:19.123456|JKTC|UPG|2023-11-20|1127000.0
2023-11-20 10:50:34.123456|JKTC|UPG|2023-11-20|1142000.0
2023-11-21 14:06:31.123456|JKTC|UPG|2023-11-21|1052600.0
2023-11-21 10:39:07.123456|JKTC|UPG|2023-11-21|1047600.0
2023-11-21 17:08:16.123456|JKTC|UPG|2023-11-21|1057600.0
2023-11-21 21:41:42.123456|JKTC|UPG|2023-11-21|1042600.0
2023-11-22 18:24:47.123456|JKTC|UPG|2023-11-22|1191500.0
2023-11-22 20:40:28.123456|JKTC|UPG|2023-11-22|1191500.0
2023-11-22 11:46:12.123456|JKTC|UPG|2023-11-22|1186500.0
2023-11-22 13:22:57.123456|JKTC|UPG|2023-11-22|1176500.0
2023-11-23 19:52:41.123456|JKTC|UPG|2023-11-23|1197200.0
2023-11-23 11:17:52.123456|JKTC|UPG|2023-11-23|1202200.0
2023-11-23 12:00:33.123456|JKTC|UPG|2023-11-23|1192200.0
2023-11-23 12:13:18.123456|JKTC|UPG|2023-11-23|1202200.0
2023-11-24 12:36:45.123456|JKTC|UPG|2023-11-24|1349000.0
2023-11-24 14:09:55.123456|JKTC|UPG|2023-11-24|1344000.0
2023-11-24 21:24:14.123456|JKTC|UPG|2023-11-24|1349000.0
2023-11-25 13:38:41.123456|JKTC|UPG|2023-11-25|1380800.0
2023-11-25 18:54:04.123456|JKTC|UPG|2023-11-25|1385800.0
2023-11-25 14:05:44.123456|JKTC|UPG|2023-11-25|1385800.0
2023-11-25 15:27:37.123456|JKTC|UPG|2023-11-25|1390800.0
2023-11-26 17:41:02.123456|JKTC|UPG|2023-11-26|1386200.0
2023-11-26 21:42:27.123456|JKTC|UPG|2023-11-26|1396200.0
2023-11-26 08:14:35.123456|JKTC|UPG|2023-11-26|1386200.0
2023-11-26 17:42:36.123456|JKTC|UPG|2023-11-26|1381200.0
2023-11-27 10:39:20.123456|JKTC|UPG|2023-11-27|1206900.0
2023-11-27 17:21:52.123456|JKTC|UPG|2023-11-27|1206900.0
2023-11-27 20:00:02.123456|JKTC|UPG|2023-11-27|1211900.0
2023-11-27 09:31:42.123456|JKTC|UPG|2023-11-27|1221900.0
2023-11-28 12:50:15.123456|JKTC|UPG|2023-11-28|1183500.0
2023-11-28 16:03:51.123456|JKTC|UPG|2023-11-28|1173500.0
2023-11-28 17:44:18.123456|JKTC|UPG|2023-11-28|1183500.0
2023-11-29 13:16:04.123456|JKTC|UPG|2023-11-29|1216700.0
2023-11-29 14:47:51.123456|JKTC|UPG|2023-11-29|1211700.0
2023-11-29 11:45:14.123456|JKTC|UPG|2023-11-29|1216700.0
2023-11-29 21:45:18.123456|JKTC|UPG|2023-11-29|1206700.0
2023-11-30 21:56:37.123456|JKTC|UPG|2023-11-30|1166900.0
2023-11-30 18:01:40.123456|JKTC|UPG|2023-11-30|1161900.0
2023-12-01 15:51:44.123456|JKTC|UPG|2023-12-01|1286500.0
2023-12-01 15:20:37.123456|JKTC|UPG|2023-12-01|1291500.0
2023-12-01 21:36:45.123456|JKTC|UPG|2023-12-01|1286500.0
2023-12-01 12:28:39.123456|JKTC|UPG|2023-12-01|1296500.0
2023-12-02 09:19:05.123456|JKTC|UPG|2023-12-02|1350400.0
2023-12-02 18:09:08.123456|JKTC|UPG|2023-12-02|1350400.0
2023-12-02 18:53:21.123456|JKTC|UPG|2023-12-02|1355400.0
2023-12-02 09:38:58.123456|JKTC|UPG|2023-12-02|1355400.0
2023-12-03 10:14:12.123456|JKTC|UPG|2023-12-03|1258200.0
2023-12-03 15:10:48.123456|JKTC|UPG|2023-12-03|1248200.0
2023-12-04 19:04:43.123456|JKTC|UPG|2023-12-04|1139900.0
2023-12-04 14:48:06.123456|JKTC|UPG|2023-12-04|1144900.0
2023-12-04 16:57:38.123456|JKTC|UPG|2023-12-04|1144900.0
2023-12-04 14:51:01.123456|JKTC|UPG|2023-12-04|1129900.0
2023-12-05 11:29:40.123456|JKTC|UPG|2023-12-05|1137700.0
2023-12-05 19:56:17.123456|JKTC|UPG|2023-12-05|1152700.0
2023-12-05 11:16:14.123456|JKTC|UPG|2023-12-05|1137700.0
2023-12-05 21:16:44.123456|JKTC|UPG|2023-12-05|1152700.0
2023-12-06 09:51:23.123456|JKTC|UPG|2023-12-06|1129700.0
2023-12-06 08:04:33.123456|JKTC|UPG|2023-12-06|1134700.0
2023-12-06 10:01:03.123456|JKTC|UPG|2023-12-06|1134700.0
2023-12-07 15:34:25.123456|JKTC|UPG|2023-12-07|1166600.0
2023-12-07 12:15:06.123456|JKTC|UPG|2023-12-07|1176600.0
2023-12-07 21:32:20.123456|JKTC|UPG|2023-12-07|1171600.0
2023-12-08 11:56:44.123456|JKTC|UPG|2023-12-08|1318100.0
2023-12-08 18:34:22.123456|JKTC|UPG|2023-12-08|1323100.0
2023-12-08 09:48:14.123456|JKTC|UPG|2023-12-08|1313100.0
2023-12-08 18:37:21.123456|JKTC|UPG|2023-12-08|1323100.0
2023-12-09 09:35:14.123456|JKTC|UPG|2023-12-09|1249600.0
2023-12-09 09:10:10.123456|JKTC|UPG|2023-12-09|1239600.0
2023-12-09 14:40:56.123456|JKTC|UPG|2023-12-09|1239600.0
2023-12-10 15:08:51.123456|JKTC|UPG|2023-12-10|1326100.0
2023-12-10 09:09:00.123456|JKTC|UPG|2023-12-10|1311100.0
2023-12-10 21:11:42.123456|JKTC|UPG|2023-12-10|1321100.0
2023-12-10 21:39:29.123456|JKTC|UPG|2023-12-10|1316100.0
2023-12-11 15:13:42.123456|JKTC|UPG|2023-12-11|1053400.0
2023-12-11 14:58:24.123456|JKTC|UPG|2023-12-11|1053400.0
2023-12-11 11:37:15.123456|JKTC|UPG|2023-12-11|1058400.0
2023-12-12 12:44:57.123456|JKTC|UPG|2023-12-12|1206500.0
2023-12-12 11:51:58.123456|JKTC|UPG|2023-12-12|1206500.0
2023-12-13 12:27:22.123456|JKTC|UPG|2023-12-13|1151400.0
2023-12-13 08:30:48.123456|JKTC|UPG|2023-12-13|1146400.0
2023-12-13 15:32:42.123456|JKTC|UPG|2023-12-13|1156400.0
2023-12-14 17:10:28.123456|JKTC|UPG|2023-12-14|1202100.0
2023-12-14 08:26:13.123456|JKTC|UPG|2023-12-14|1207100.0
2023-12-14 11:20:14.123456|JKTC|UPG|2023-12-14|1212100.0
2023-12-14 10:32:20.123456|JKTC|UPG|2023-12-14|1202100.0
2023-12-15 16:21:54.123456|JKTC|UPG|2023-12-15|1373500.0
2023-12-15 12:48:12.123456|JKTC|UPG|2023-12-15|1368500.0
2023-12-15 21:26:14.123456|JKTC|UPG|2023-12-15|1368500.0
2023-12-16 14:35:36.123456|JKTC|UPG|2023-12-16|1404200.0
2023-12-16 11:24:52.123456|JKTC|UPG|2023-12-16|1404200.0
2023-12-16 17:17:53.123456|JKTC|UPG|2023-12-16|1394200.0
2023-12-17 11:08:41.123456|JKTC|UPG|2023-12-17|1526400.0
2023-12-17 14:32:37.123456|JKTC|UPG|2023-12-17|1531400.0
2023-12-17 11:04:01.123456|JKTC|UPG|2023-12-17|1516400.0
2023-12-17 12:03:30.123456|JKTC|UPG|2023-12-17|1531400.0
2023-12-18 20:54:47.123456|JKTC|UPG|2023-12-18|1227500.0
2023-12-18 09:34:40.123456|JKTC|UPG|2023-12-18|1242500.0
2023-12-18 11:24:37.123456|JKTC|UPG|2023-12-18|1232500.0
2023-12-18 09:39:17.123456|JKTC|UPG|2023-12-18|1242500.0
2023-12-19 14:57:41.123456|JKTC|UPG|2023-12-19|1286500.0
2023-12-19 16:03:23.123456|JKTC|UPG|2023-12-19|1291500.0
2023-12-20 08:51:55.123456|JKTC|UPG|2023-12-20|1426400.0
2023-12-20 08:39:13.123456|JKTC|UPG|2023-12-20|1436400.0
2023-12-20 10:21:05.123456|JKTC|UPG|2023-12-20|1436400.0
2023-12-21 15:41:34.123456|JKTC|UPG|2023-12-21|1534000.0
2023-12-21 17:29:25.123456|JKTC|UPG|2023-12-21|1534000.0
2023-12-21 15:22:43.123456|JKTC|UPG|2023-12-21|1529000.0
2023-12-21 10:40:41.123456|JKTC|UPG|2023-12-21|1544000.0
2023-12-22 20:34:08.123456|JKTC|UPG|2023-12-22|1766200.0
2023-12-22 16:29:31.123456|JKTC|UPG|2023-12-22|1761200.0
2023-12-23 20:19:06.123456|JKTC|UPG|2023-12-23|1883300.0
2023-12-23 14:47:50.123456|JKTC|UPG|2023-12-23|1868300.0
2023-12-23 09:21:25.123456|JKTC|UPG|2023-12-23|1873300.0
2023-12-23 14:24:55.123456|JKTC|UPG|2023-12-23|1868300.0
2023-12-24 17:25:03.123456|JKTC|UPG|2023-12-24|1900200.0
2023-12-24 14:27:46.123456|JKTC|UPG|2023-12-24|1910200.0
2023-12-25 16:21:12.123456|JKTC|UPG|2023-12-25|1678600.0
2023-12-25 09:33:50.123456|JKTC|UPG|2023-12-25|1693600.0
2023-12-25 08:22:45.123456|JKTC|UPG|2023-12-25|1678600.0
2023-12-26 16:58:39.123456|JKTC|UPG|2023-12-26|1753600.0
2023-12-26 19:27:27.123456|JKTC|UPG|2023-12-26|1758600.0
2023-12-27 20:24:47.123456|JKTC|UPG|2023-12-27|1719200.0
2023-12-27 14:25:05.123456|JKTC|UPG|2023-12-27|1734200.0
2023-12-27 10:32:34.123456|JKTC|UPG|2023-12-27|1729200.0
2023-12-28 13:29:38.123456|JKTC|UPG|2023-12-28|1769000.0
2023-12-28 15:23:20.123456|JKTC|UPG|2023-12-28|1764000.0
2023-12-28 20:22:52.123456|JKTC|UPG|2023-12-28|1754000.0
2023-12-28 08:58:07.123456|JKTC|UPG|2023-12-28|1754000.0
2023-12-29 20:16:09.123456|JKTC|UPG|2023-12-29|1945000.0
2023-12-29 19:08:12.123456|JKTC|UPG|2023-12-29|1950000.0
2023-12-29 13:05:21.123456|JKTC|UPG|2023-12-29|1955000.0
2023-12-29 15:34:55.123456|JKTC|UPG|2023-12-29|1945000.0
2023-12-30 20:33:29.123456|JKTC|UPG|2023-12-30|1950000.0
2023-12-30 13:50:21.123456|JKTC|UPG|2023-12-30|1950000.0
2023-12-30 15:21:35.123456|JKTC|UPG|2023-12-30|1950000.0
2023-12-31 12:55:24.123456|JKTC|UPG|2023-12-31|1827000.0
2023-12-31 09:04:51.123456|JKTC|UPG|2023-12-31|1832000.0
2023-12-31 19:02:55.123456|JKTC|UPG|2023-12-31|1837000.0
2023-12-31 13:00:03.123456|JKTC|UPG|2023-12-31|1832000.0
2024-01-01 14:22:41.123456|JKTC|UPG|2024-01-01|1597300.0
2024-01-01 09:44:16.123456|JKTC|UPG|2024-01-01|1602300.0
2024-01-01 16:00:05.123456|JKTC|UPG|2024-01-01|1597300.0
2024-01-02 20:24:05.123456|JKTC|UPG|2024-01-02|1606200.0
2024-01-02 20:34:18.123456|JKTC|UPG|2024-01-02|1606200.0
2024-01-02 10:56:04.123456|JKTC|UPG|2024-01-02|1611200.0
2024-01-03 19:03:46.123456|JKTC|UPG|2024-01-03|1557100.0
2024-01-03 10:20:00.123456|JKTC|UPG|2024-01-03|1562100.0
2024-01-03 19:22:30.123456|JKTC|UPG|2024-01-03|1567100.0
2024-01-04 19:44:53.123456|JKTC|UPG|2024-01-04|1410600.0
2024-01-04 16:17:13.123456|JKTC|UPG|2024-01-04|1415600.0
2024-01-04 13:01:14.123456|JKTC|UPG|2024-01-04|1415600.0
2024-01-04 21:41:32.123456|JKTC|UPG|2024-01-04|1415600.0
2024-01-05 20:19:50.123456|JKTC|UPG|2024-01-05|1528200.0
2024-01-05 17:19:52.123456|JKTC|UPG|2024-01-05|1523200.0
2024-01-05 13:41:30.123456|JKTC|UPG|2024-01-05|1528200.0
2024-01-05 17:07:13.123456|JKTC|UPG|2024-01-05|1523200.0
2024-01-06 10:28:16.123456|JKTC|UPG|2024-01-06|1540000.0
2024-01-06 20:48:04.123456|JKTC|UPG|2024-01-06|1535000.0
2024-01-06 16:18:08.123456|JKTC|UPG|2024-01-06|1550000.0
2024-01-06 18:12:38.123456|JKTC|UPG|2024-01-06|1545000.0
2024-01-07 17:51:05.123456|JKTC|UPG|2024-01-07|1520100.0
2024-01-07 09:18:08.123456|JKTC|UPG|2024-01-07|1520100.0
2024-01-07 08:41:09.123456|JKTC|UPG|2024-01-07|1520100.0
2024-01-07 18:22:19.123456|JKTC|UPG|2024-01-07|1520100.0
2024-01-08 12:34:12.123456|JKTC|UPG|2024-01-08|1303200.0
2024-01-08 11:42:39.123456|JKTC|UPG|2024-01-08|1308200.0
2024-01-09 18:04:58.123456|JKTC|UPG|2024-01-09|1338700.0
2024-01-09 18:08:21.123456|JKTC|UPG|2024-01-09|1333700.0
2024-01-09 15:16:40.123456|JKTC|UPG|2024-01-09|1333700.0
2024-01-09 08:51:17.123456|JKTC|UPG|2024-01-09|1323700.0
2024-01-10 21:11:31.123456|JKTC|UPG|2024-01-10|1301600.0
2024-01-10 08:04:49.123456|JKTC|UPG|2024-01-10|1301600.0
2024-01-10 11:04:19.123456|JKTC|UPG|2024-01-10|1301600.0
2024-01-10 19:46:23.123456|JKTC|UPG|2024-01-10|1316600.0
2024-01-11 18:06:15.123456|JKTC|UPG|2024-01-11|1271800.0
2024-01-11 10:27:11.123456|JKTC|UPG|2024-01-11|1286800.0
2024-01-11 17:45:20.123456|JKTC|UPG|2024-01-11|1286800.0
2024-01-12 10:20:48.123456|JKTC|UPG|2024-01-12|1422000.0
2024-01-12 21:17:21.123456|JKTC|UPG|2024-01-12|1437000.0
2024-01-13 17:33:23.123456|JKTC|UPG|2024-01-13|1349500.0
2024-01-13 11:41:12.123456|JKTC|UPG|2024-01-13|1339500.0
2024-01-13 08:30:23.123456|JKTC|UPG|2024-01-13|1344500.0
2024-01-14 18:21:37.123456|JKTC|UPG|2024-01-14|1426300.0
2024-01-14 10:06:19.123456|JKTC|UPG|2024-01-14|1411300.0
2024-01-15 18:26:02.123456|JKTC|UPG|2024-01-15|1239100.0
2024-01-15 11:41:27.123456|JKTC|UPG|2024-01-15|1249100.0
2024-01-16 14:21:44.123456|JKTC|UPG|2024-01-16|1250900.0
2024-01-16 18:40:36.123456|JKTC|UPG|2024-01-16|1245900.0
2024-01-16 14:37:36.123456|JKTC|UPG|2024-01-16|1240900.0
2024-01-16 17:36:27.123456|JKTC|UPG|2024-01-16|1250900.0
2024-01-17 10:34:54.123456|JKTC|UPG|2024-01-17|1283600.0
2024-01-17 21:34:29.123456|JKTC|UPG|2024-01-17|1283600.0
2024-01-17 17:33:45.123456|JKTC|UPG|2024-01-17|1288600.0
2024-01-17 11:55:41.123456|JKTC|UPG|2024-01-17|1288600.0
2024-01-18 21:14:27.123456|JKTC|UPG|2024-01-18|1284200.0
2024-01-18 17:51:22.123456|JKTC|UPG|2024-01-18|1289200.0
2024-01-18 20:43:51.123456|JKTC|UPG|2024-01-18|1289200.0
2024-01-19 10:13:33.123456|JKTC|UPG|2024-01-19|1405100.0
2024-01-19 10:19:41.123456|JKTC|UPG|2024-01-19|1405100.0
2024-01-19 21:05:26.123456|JKTC|UPG|2024-01-19|1390100.0
2024-01-20 17:18:01.123456|JKTC|UPG|2024-01-20|1412700.0
2024-01-20 09:47:10.123456|JKTC|UPG|2024-01-20|1407700.0
2024-01-21 18:37:22.123456|JKTC|UPG|2024-01-21|1523500.0
2024-01-21 15:09:54.123456|JKTC|UPG|2024-01-21|1523500.0
2024-01-21 11:12:33.123456|JKTC|UPG|2024-01-21|1523500.0
2024-01-21 14:23:19.123456|JKTC|UPG|2024-01-21|1513500.0
2024-01-22 21:35:02.123456|JKTC|UPG|2024-01-22|1452000.0
2024-01-22 12:21:57.123456|JKTC|UPG|2024-01-22|1452000.0
2024-01-22 17:15:33.123456|JKTC|UPG|2024-01-22|1452000.0
2024-01-23 19:22:07.123456|JKTC|UPG|2024-01-23|1468500.0
2024-01-23 13:04:08.123456|JKTC|UPG|2024-01-23|1453500.0
2024-01-23 11:37:40.123456|JKTC|UPG|2024-01-23|1453500.0
2024-01-23 20:11:25.123456|JKTC|UPG|2024-01-23|1468500.0
2024-01-24 11:32:14.123456|JKTC|UPG|2024-01-24|1336600.0
2024-01-24 18:22:03.123456|JKTC|UPG|2024-01-24|1336600.0
2024-01-24 21:43:09.123456|JKTC|UPG|2024-01-24|1341600.0
2024-01-25 20:51:55.123456|JKTC|UPG|2024-01-25|1324700.0
2024-01-25 18:37:53.123456|JKTC|UPG|2024-01-25|1334700.0
2024-01-25 12:55:07.123456|JKTC|UPG|2024-01-25|1334700.0
2024-01-26 14:39:38.123456|JKTC|UPG|2024-01-26|1514900.0
2024-01-26 14:04:14.123456|JKTC|UPG|2024-01-26|1514900.0
2024-01-27 10:28:32.123456|JKTC|UPG|2024-01-27|1612200.0
2024-01-27 12:40:25.123456|JKTC|UPG|2024-01-27|1607200.0
2024-01-27 18:30:22.123456|JKTC|UPG|2024-01-27|1617200.0
2024-01-27 09:26:20.123456|JKTC|UPG|2024-01-27|1612200.0
2024-01-28 17:17:40.123456|JKTC|UPG|2024-01-28|1703900.0
2024-01-28 15:33:30.123456|JKTC|UPG|2024-01-28|1688900.0
2024-01-29 17:25:55.123456|JKTC|UPG|2024-01-29|1423800.0
2024-01-29 13:55:44.123456|JKTC|UPG|2024-01-29|1418800.0
2024-01-29 16:37:06.123456|JKTC|UPG|2024-01-29|1423800.0
2024-01-30 14:45:07.123456|JKTC|UPG|2024-01-30|1269100.0
2024-01-30 19:29:07.123456|JKTC|UPG|2024-01-30|1269100.0
2024-01-30 16:58:05.123456|JKTC|UPG|2024-01-30|1264100.0
2024-01-30 11:06:08.123456|JKTC|UPG|2024-01-30|1279100.0
2024-01-31 08:32:48.123456|JKTC|UPG|2024-01-31|1350800.0
2024-01-31 15:32:16.123456|JKTC|UPG|2024-01-31|1355800.0
2024-01-31 08:31:52.123456|JKTC|UPG|2024-01-31|1360800.0
2024-01-31 20:00:44.123456|JKTC|UPG|2024-01-31|1355800.0
2024-02-01 18:25:03.123456|JKTC|UPG|2024-02-01|1278000.0
2024-02-01 08:08:00.123456|JKTC|UPG|2024-02-01|1288000.0
2024-02-02 21:52:38.123456|JKTC|UPG|2024-02-02|1586200.0
2024-02-02 16:02:09.123456|JKTC|UPG|2024-02-02|1601200.0
2024-02-02 10:08:06.123456|JKTC|UPG|2024-02-02|1596200.0
2024-02-03 08:13:02.123456|JKTC|UPG|2024-02-03|1518700.0
2024-02-03 12:37:26.123456|JKTC|UPG|2024-02-03|1513700.0
2024-02-03 20:43:37.123456|JKTC|UPG|2024-02-03|1523700.0
2024-02-04 16:04:36.123456|JKTC|UPG|2024-02-04|1594700.0
2024-02-04 21:20:55.123456|JKTC|UPG|2024-02-04|1594700.0
2024-02-04 11:03:43.123456|JKTC|UPG|2024-02-04|1599700.0
2024-02-05 08:46:42.123456|JKTC|UPG|2024-02-05|1388000.0
2024-02-05 18:02:42.123456|JKTC|UPG|2024-02-05|1373000.0
2024-02-05 16:09:58.123456|JKTC|UPG|2024-02-05|1378000.0
2024-02-05 17:18:08.123456|JKTC|UPG|2024-02-05|1388000.0
2024-02-06 09:00:47.123456|JKTC|UPG|2024-02-06|1367200.0
2024-02-06 18:09:50.123456|JKTC|UPG|2024-02-06|1362200.0
2024-02-07 10:01:41.123456|JKTC|UPG|2024-02-07|1362500.0
2024-02-07 11:55:44.123456|JKTC|UPG|2024-02-07|1357500.0
2024-02-08 08:40:48.123456|JKTC|UPG|2024-02-08|1267800.0
2024-02-08 20:50:34.123456|JKTC|UPG|2024-02-08|1277800.0
2024-02-08 16:53:53.123456|JKTC|UPG|2024-02-08|1272800.0
2024-02-09 21:55:04.123456|JKTC|UPG|2024-02-09|1437600.0
2024-02-09 21:22:10.123456|JKTC|UPG|2024-02-09|1447600.0
2024-02-10 15:25:58.123456|JKTC|UPG|2024-02-10|1500700.0
2024-02-10 11:56:25.123456|JKTC|UPG|2024-02-10|1495700.0
2024-02-10 19:42:57.123456|JKTC|UPG|2024-02-10|1510700.0
2024-02-11 12:45:18.123456|JKTC|UPG|2024-02-11|1386800.0
2024-02-11 17:39:39.123456|JKTC|UPG|2024-02-11|1391800.0
2024-02-11 16:31:49.123456|JKTC|UPG|2024-02-11|1381800.0
2024-02-11 12:19:20.123456|JKTC|UPG|2024-02-11|1381800.0
2024-02-12 20:18:22.123456|JKTC|UPG|2024-02-12|1296200.0
2024-02-12 17:52:08.123456|JKTC|UPG|2024-02-12|1296200.0
2024-02-12 20:20:20.123456|JKTC|UPG|2024-02-12|1311200.0
2024-02-12 21:26:03.123456|JKTC|UPG|2024-02-12|1311200.0
2024-02-13 13:35:19.123456|JKTC|UPG|2024-02-13|1366500.0
2024-02-13 12:56:26.123456|JKTC|UPG|2024-02-13|1371500.0
2024-02-13 14:46:17.123456|JKTC|UPG|2024-02-13|1361500.0
2024-02-14 17:05:29.123456|JKTC|UPG|2024-02-14|1415100.0
2024-02-14 12:55:53.123456|JKTC|UPG|2024-02-14|1430100.0
2024-02-15 15:25:44.123456|JKTC|UPG|2024-02-15|1316900.0
2024-02-15 08:48:07.123456|JKTC|UPG|2024-02-15|1326900.0
2024-02-16 13:47:05.123456|JKTC|UPG|2024-02-16|1553700.0
2024-02-16 13:07:45.123456|JKTC|UPG|2024-02-16|1558700.0
2024-02-16 12:17:42.123456|JKTC|UPG|2024-02-16|1558700.0
2024-02-16 15:46:03.123456|JKTC|UPG|2024-02-16|1558700.0
2024-02-17 16:32:44.123456|JKTC|UPG|2024-02-17|1536100.0
2024-02-17 11:29:12.123456|JKTC|UPG|2024-02-17|1541100.0
2024-02-18 15:08:32.123456|JKTC|UPG|2024-02-18|1526800.0
2024-02-18 09:53:02.123456|JKTC|UPG|2024-02-18|1541800.0
2024-02-18 08:32:02.123456|JKTC|UPG|2024-02-18|1541800.0
2024-02-19 10:32:09.123456|JKTC|UPG|2024-02-19|1356900.0
2024-02-19 13:46:47.123456|JKTC|UPG|2024-02-19|1366900.0
2024-02-20 14:33:45.123456|JKTC|UPG|2024-02-20|1421300.0
2024-02-20 12:03:45.123456|JKTC|UPG|2024-02-20|1421300.0
2024-02-20 16:20:55.123456|JKTC|UPG|2024-02-20|1421300.0
2024-02-20 20:17:00.123456|JKTC|UPG|2024-02-20|1426300.0
2024-02-21 09:56:57.123456|JKTC|UPG|2024-02-21|1480200.0
2024-02-21 21:55:13.123456|JKTC|UPG|2024-02-21|1485200.0
2024-02-21 08:15:22.123456|JKTC|UPG|2024-02-21|1485200.0
2024-02-21 14:45:05.123456|JKTC|UPG|2024-02-21|1495200.0
2024-02-22 20:01:06.123456|JKTC|UPG|2024-02-22|1388200.0
2024-02-22 12:52:40.123456|JKTC|UPG|2024-02-22|1383200.0
2024-02-23 20:42:05.123456|JKTC|UPG|2024-02-23|1694900.0
2024-02-23 20:34:58.123456|JKTC|UPG|2024-02-23|1684900.0
2024-02-23 19:57:36.123456|JKTC|UPG|2024-02-23|1689900.0
2024-02-23 11:07:53.123456|JKTC|UPG|2024-02-23|1684900.0
2024-02-24 11:25:53.123456|JKTC|UPG|2024-02-24|1756700.0
2024-02-24 19:56:57.123456|JKTC|UPG|2024-02-24|1766700.0
2024-02-24 14:31:50.123456|JKTC|UPG|2024-02-24|1751700.0
2024-02-24 19:39:07.123456|JKTC|UPG|2024-02-24|1751700.0
2024-02-25 10:51:46.123456|JKTC|UPG|2024-02-25|1644600.0
2024-02-25 09:36:11.123456|JKTC|UPG|2024-02-25|1654600.0
2024-02-25 19:50:15.123456|JKTC|UPG|2024-02-25|1649600.0
2024-02-25 12:23:46.123456|JKTC|UPG|2024-02-25|1639600.0
2024-02-26 10:14:58.123456|JKTC|UPG|2024-02-26|1476200.0
2024-02-26 20:46:08.123456|JKTC|UPG|2024-02-26|1476200.0
2024-02-26 16:56:18.123456|JKTC|UPG|2024-02-26|1476200.0
2024-02-26 17:45:34.123456|JKTC|UPG|2024-02-26|1471200.0
2024-02-27 14:07:34.123456|JKTC|UPG|2024-02-27|1500400.0
2024-02-27 08:26:30.123456|JKTC|UPG|2024-02-27|1510400.0
2024-02-28 19:18:38.123456|JKTC|UPG|2024-02-28|1358600.0
2024-02-28 08:14:23.123456|JKTC|UPG|2024-02-28|1358600.0
2024-02-28 21:10:39.123456|JKTC|UPG|2024-02-28|1353600.0
2024-02-28 13:12:21.123456|JKTC|UPG|2024-02-28|1363600.0
2024-02-29 17:16:26.123456|JKTC|UPG|2024-02-29|1445300.0
2024-02-29 20:54:48.123456|JKTC|UPG|2024-02-29|1435300.0
2024-03-01 12:53:07.123456|JKTC|UPG|2024-03-01|1591300.0
2024-03-01 15:10:22.123456|JKTC|UPG|2024-03-01|1586300.0
2024-03-01 15:16:54.123456|JKTC|UPG|2024-03-01|1581300.0
2024-03-02 13:53:45.123456|JKTC|UPG|2024-03-02|1611300.0
2024-03-02 15:13:19.123456|JKTC|UPG|2024-03-02|1621300.0
2024-03-02 11:20:15.123456|JKTC|UPG|2024-03-02|1606300.0
2024-03-03 21:36:13.123456|JKTC|UPG|2024-03-03|1538300.0
2024-03-03 10:10:14.123456|JKTC|UPG|2024-03-03|1528300.0
2024-03-04 21:18:09.123456|JKTC|UPG|2024-03-04|1405000.0
2024-03-04 19:27:12.123456|JKTC|UPG|2024-03-04|1405000.0
2024-03-04 10:49:34.123456|JKTC|UPG|2024-03-04|1410000.0
2024-03-04 15:01:51.123456|JKTC|UPG|2024-03-04|1395000.0
2024-03-05 19:56:58.123456|JKTC|UPG|2024-03-05|1356000.0
2024-03-05 16:31:08.123456|JKTC|UPG|2024-03-05|1356000.0
2024-03-05 14:10:46.123456|JKTC|UPG|2024-03-05|1366000.0
2024-03-05 18:34:38.123456|JKTC|UPG|2024-03-05|1361000.0
2024-03-06 18:00:13.123456|JKTC|UPG|2024-03-06|1470900.0
2024-03-06 20:12:23.123456|JKTC|UPG|2024-03-06|1460900.0
2024-03-07 20:48:08.123456|JKTC|UPG|2024-03-07|1379100.0
2024-03-07 10:01:32.123456|JKTC|UPG|2024-03-07|1374100.0
2024-03-08 19:09:48.123456|JKTC|UPG|2024-03-08|1469400.0
2024-03-08 15:13:37.123456|JKTC|UPG|2024-03-08|1474400.0
2024-03-08 16:18:33.123456|JKTC|UPG|2024-03-08|1469400.0
2024-03-09 16:23:31.123456|JKTC|UPG|2024-03-09|1474900.0
2024-03-09 13:28:44.123456|JKTC|UPG|2024-03-09|1484900.0
2024-03-09 10:07:49.123456|JKTC|UPG|2024-03-09|1474900.0
2024-03-09 16:50:02.123456|JKTC|UPG|2024-03-09|1489900.0
2024-03-10 15:20:23.123456|JKTC|UPG|2024-03-10|1462300.0
2024-03-10 12:19:50.123456|JKTC|UPG|2024-03-10|1452300.0
2024-03-10 20:12:56.123456|JKTC|UPG|2024-03-10|1452300.0
2024-03-10 17:48:56.123456|JKTC|UPG|2024-03-10|1457300.0
2024-03-11 14:20:17.123456|JKTC|UPG|2024-03-11|1284500.0
2024-03-11 18:36:46.123456|JKTC|UPG|2024-03-11|1274500.0
2024-03-12 11:19:31.123456|JKTC|UPG|2024-03-12|1363900.0
2024-03-12 11:27:23.123456|JKTC|UPG|2024-03-12|1348900.0
2024-03-12 12:02:39.123456|JKTC|UPG|2024-03-12|1358900.0
2024-03-12 09:08:21.123456|JKTC|UPG|2024-03-12|1358900.0
2024-03-13 13:18:48.123456|JKTC|UPG|2024-03-13|1405400.0
2024-03-13 08:55:20.123456|JKTC|UPG|2024-03-13|1420400.0
2024-03-13 16:42:41.123456|JKTC|UPG|2024-03-13|1410400.0
2024-03-14 14:18:58.123456|JKTC|UPG|2024-03-14|1351100.0
2024-03-14 20:03:22.123456|JKTC|UPG|2024-03-14|1346100.0
2024-03-15 16:53:29.123456|JKTC|UPG|2024-03-15|1494300.0
2024-03-15 20:16:38.123456|JKTC|UPG|2024-03-15|1484300.0
2024-03-15 15:30:46.123456|JKTC|UPG|2024-03-15|1489300.0
2024-03-16 17:37:54.123456|JKTC|UPG|2024-03-16|1613700.0
2024-03-16 12:40:28.123456|JKTC|UPG|2024-03-16|1603700.0
2024-03-17 14:15:52.123456|JKTC|UPG|2024-03-17|1600700.0
2024-03-17 19:10:12.123456|JKTC|UPG|2024-03-17|1590700.0
2024-03-17 10:56:21.123456|JKTC|UPG|2024-03-17|1595700.0
2024-03-17 21:50:03.123456|JKTC|UPG|2024-03-17|1595700.0
2024-03-18 21:14:24.123456|JKTC|UPG|2024-03-18|1434700.0
2024-03-18 20:31:48.123456|JKTC|UPG|2024-03-18|1424700.0
2024-03-18 19:03:38.123456|JKTC|UPG|2024-03-18|1429700.0
2024-03-18 21:28:12.123456|JKTC|UPG|2024-03-18|1424700.0
2024-03-19 14:11:04.123456|JKTC|UPG|2024-03-19|1488700.0
2024-03-19 08:26:26.123456|JKTC|UPG|2024-03-19|1493700.0
2024-03-19 15:54:39.123456|JKTC|UPG|2024-03-19|1488700.0
2024-03-20 14:12:24.123456|JKTC|UPG|2024-03-20|1360700.0
2024-03-20 12:06:49.123456|JKTC|UPG|2024-03-20|1360700.0
2024-03-20 16:06:27.123456|JKTC|UPG|2024-03-20|1360700.0
2024-03-21 19:04:31.123456|JKTC|UPG|2024-03-21|1412700.0
2024-03-21 12:35:29.123456|JKTC|UPG|2024-03-21|1407700.0
2024-03-21 17:33:44.123456|JKTC|UPG|2024-03-21|1407700.0
2024-03-21 16:10:02.123456|JKTC|UPG|2024-03-21|1417700.0
2024-03-22 14:58:18.123456|JKTC|UPG|2024-03-22|1619700.0
2024-03-22 15:37:20.123456|JKTC|UPG|2024-03-22|1614700.0
2024-03-22 17:41:21.123456|JKTC|UPG|2024-03-22|1629700.0
2024-03-22 20:57:25.123456|JKTC|UPG|2024-03-22|1614700.0
2024-03-23 19:44:49.123456|JKTC|UPG|2024-03-23|1629300.0
2024-03-23 09:09:48.123456|JKTC|UPG|2024-03-23|1639300.0
2024-03-23 08:49:33.123456|JKTC|UPG|2024-03-23|1629300.0
2024-03-24 20:23:58.123456|JKTC|UPG|2024-03-24|1606800.0
2024-03-24 13:31:06.123456|JKTC|UPG|2024-03-24|1606800.0
2024-03-24 11:46:38.123456|JKTC|UPG|2024-03-24|1596800.0
2024-03-25 12:27:32.123456|JKTC|UPG|2024-03-25|1503200.0
2024-03-25 16:25:31.123456|JKTC|UPG|2024-03-25|1493200.0
2024-03-26 10:14:15.123456|JKTC|UPG|2024-03-26|1555200.0
2024-03-26 12:11:40.123456|JKTC|UPG|2024-03-26|1540200.0
2024-03-27 18:07:08.123456|JKTC|UPG|2024-03-27|1569100.0
2024-03-27 12:25:19.123456|JKTC|UPG|2024-03-27|1574100.0
2024-03-28 20:44:12.123456|JKTC|UPG|2024-03-28|1540800.0
2024-03-28 11:57:07.123456|JKTC|UPG|2024-03-28|1530800.0
2024-03-28 20:38:11.123456|JKTC|UPG|2024-03-28|1525800.0
2024-03-28 16:53:40.123456|JKTC|UPG|2024-03-28|1535800.0
2024-03-29 21:09:19.123456|JKTC|UPG|2024-03-29|1699600.0
2024-03-29 15:10:04.123456|JKTC|UPG|2024-03-29|1694600.0
2024-03-29 14:10:48.123456|JKTC|UPG|2024-03-29|1684600.0
2024-03-30 12:34:44.123456|JKTC|UPG|2024-03-30|1687600.0
2024-03-30 10:17:24.123456|JKTC|UPG|2024-03-30|1687600.0
2024-03-30 18:24:01.123456|JKTC|UPG|2024-03-30|1692600.0
2024-03-30 15:05:01.123456|JKTC|UPG|2024-03-30|1702600.0
2024-03-31 17:37:36.123456|JKTC|UPG|2024-03-31|1642500.0
2024-03-31 09:38:57.123456|JKTC|UPG|2024-03-31|1642500.0
2024-04-01 18:48:11.123456|JKTC|UPG|2024-04-01|1444300.0
2024-04-01 11:26:53.123456|JKTC|UPG|2024-04-01|1444300.0
2024-04-01 09:20:07.123456|JKTC|UPG|2024-04-01|1434300.0
2024-04-02 14:58:52.123456|JKTC|UPG|2024-04-02|1563100.0
2024-04-02 11:30:08.123456|JKTC|UPG|2024-04-02|1558100.0
2024-04-02 11:53:57.123456|JKTC|UPG|2024-04-02|1568100.0
2024-04-03 21:09:28.123456|JKTC|UPG|2024-04-03|1494800.0
2024-04-03 09:58:38.123456|JKTC|UPG|2024-04-03|1479800.0
2024-04-03 10:06:36.123456|JKTC|UPG|2024-04-03|1489800.0
2024-04-03 08:17:53.123456|JKTC|UPG|2024-04-03|1489800.0
2024-04-04 11:20:22.123456|JKTC|UPG|2024-04-04|1432400.0
2024-04-04 12:58:54.123456|JKTC|UPG|2024-04-04|1437400.0
2024-04-04 12:39:46.123456|JKTC|UPG|2024-04-04|1437400.0
2024-04-04 10:17:23.123456|JKTC|UPG|2024-04-04|1427400.0
2024-04-05 15:21:08.123456|JKTC|UPG|2024-04-05|1586700.0
2024-04-05 14:08:13.123456|JKTC|UPG|2024-04-05|1586700.0
2024-04-05 15:50:04.123456|JKTC|UPG|2024-04-05|1591700.0
2024-04-05 19:43:42.123456|JKTC|UPG|2024-04-05|1596700.0
2024-04-06 12:40:40.123456|JKTC|UPG|2024-04-06|1591800.0
2024-04-06 12:18:08.123456|JKTC|UPG|2024-04-06|1596800.0
2024-04-06 19:20:25.123456|JKTC|UPG|2024-04-06|1591800.0
2024-04-07 08:13:26.123456|JKTC|UPG|2024-04-07|1728700.0
2024-04-07 11:08:28.123456|JKTC|UPG|2024-04-07|1738700.0
2024-04-07 12:37:27.123456|JKTC|UPG|2024-04-07|1728700.0
2024-04-08 14:10:00.123456|JKTC|UPG|2024-04-08|1482700.0
2024-04-08 13:40:00.123456|JKTC|UPG|2024-04-08|1487700.0
2024-04-08 12:57:21.123456|JKTC|UPG|2024-04-08|1492700.0
2024-04-08 20:25:34.123456|JKTC|UPG|2024-04-08|1482700.0
2024-04-09 15:23:02.123456|JKTC|UPG|2024-04-09|1558900.0
2024-04-09 17:53:47.123456|JKTC|UPG|2024-04-09|1563900.0
2024-04-09 13:08:34.123456|JKTC|UPG|2024-04-09|1568900.0
2024-04-10 21:04:56.123456|JKTC|UPG|2024-04-10|1557900.0
2024-04-10 12:23:58.123456|JKTC|UPG|2024-04-10|1552900.0
2024-04-10 10:44:42.123456|JKTC|UPG|2024-04-10|1567900.0
2024-04-11 19:34:52.123456|JKTC|UPG|2024-04-11|1573800.0
2024-04-11 18:44:08.123456|JKTC|UPG|2024-04-11|1583800.0
2024-04-11 17:21:41.123456|JKTC|UPG|2024-04-11|1568800.0
2024-04-12 19:09:09.123456|JKTC|UPG|2024-04-12|1951200.0
2024-04-12 13:53:49.123456|JKTC|UPG|2024-04-12|1951200.0
2024-04-12 16:57:50.123456|JKTC|UPG|2024-04-12|1941200.0
2024-04-13 14:17:43.123456|JKTC|UPG|2024-04-13|1955000.0
2024-04-13 10:37:20.123456|JKTC|UPG|2024-04-13|1945000.0
2024-04-13 14:57:34.123456|JKTC|UPG|2024-04-13|1960000.0
2024-04-13 17:20:48.123456|JKTC|UPG|2024-04-13|1950000.0
2024-04-14 15:00:21.123456|JKTC|UPG|2024-04-14|1955000.0
2024-04-14 08:48:01.123456|JKTC|UPG|2024-04-14|1955000.0
2024-04-15 17:40:45.123456|JKTC|UPG|2024-04-15|1807300.0
2024-04-15 15:02:02.123456|JKTC|UPG|2024-04-15|1807300.0
2024-04-16 11:54:10.123456|JKTC|UPG|2024-04-16|1955000.0
2024-04-16 20:50:17.123456|JKTC|UPG|2024-04-16|1950000.0
2024-04-17 14:21:19.123456|JKTC|UPG|2024-04-17|1930900.0
2024-04-17 13:05:19.123456|JKTC|UPG|2024-04-17|1935900.0
2024-04-17 13:09:17.123456|JKTC|UPG|2024-04-17|1930900.0
2024-04-17 21:31:17.123456|JKTC|UPG|2024-04-17|1925900.0
2024-04-18 20:06:24.123456|JKTC|UPG|2024-04-18|1960000.0
2024-04-18 12:27:28.123456|JKTC|UPG|2024-04-18|1950000.0
2024-04-18 12:22:28.123456|JKTC|UPG|2024-04-18|1960000.0
2024-04-18 16:10:51.123456|JKTC|UPG|2024-04-18|1950000.0
2024-04-19 15:06:37.123456|JKTC|UPG|2024-04-19|1945000.0
2024-04-19 20:55:46.123456|JKTC|UPG|2024-04-19|1950000.0
2024-04-19 19:47:29.123456|JKTC|UPG|2024-04-19|1945000.0
2024-04-19 12:08:50.123456|JKTC|UPG|2024-04-19|1945000.0
2024-04-20 08:36:53.123456|JKTC|UPG|2024-04-20|1960000.0
2024-04-20 09:30:22.123456|JKTC|UPG|2024-04-20|1945000.0
2024-04-20 20:04:11.123456|JKTC|UPG|2024-04-20|1955000.0
2024-04-20 09:12:19.123456|JKTC|UPG|2024-04-20|1960000.0
2024-04-21 14:52:34.123456|JKTC|UPG|2024-04-21|1960000.0
2024-04-21 18:00:37.123456|JKTC|UPG|2024-04-21|1960000.0
2024-04-21 09:50:57.123456|JKTC|UPG|2024-04-21|1955000.0
2024-04-21 19:03:19.123456|JKTC|UPG|2024-04-21|1945000.0
2024-04-22 08:43:17.123456|JKTC|UPG|2024-04-22|1960000.0
2024-04-22 15:30:50.123456|JKTC|UPG|2024-04-22|1960000.0
2024-04-22 11:22:22.123456|JKTC|UPG|2024-04-22|1950000.0
2024-04-22 08:25:43.123456|JKTC|UPG|2024-04-22|1945000.0
2024-04-23 13:57:03.123456|JKTC|UPG|2024-04-23|1955000.0
2024-04-23 19:17:45.123456|JKTC|UPG|2024-04-23|1955000.0
2024-04-23 08:55:25.123456|JKTC|UPG|2024-04-23|1945000.0
2024-04-24 18:30:55.123456|JKTC|UPG|2024-04-24|1920200.0
2024-04-24 16:29:35.123456|JKTC|UPG|2024-04-24|1920200.0
2024-04-25 10:58:30.123456|JKTC|UPG|2024-04-25|1904900.0
2024-04-25 11:44:40.123456|JKTC|UPG|2024-04-25|1899900.0
2024-04-25 11:14:06.123456|JKTC|UPG|2024-04-25|1894900.0
2024-04-25 18:30:05.123456|JKTC|UPG|2024-04-25|1899900.0
2024-04-26 20:15:08.123456|JKTC|UPG|2024-04-26|1945000.0
2024-04-26 18:40:17.123456|JKTC|UPG|2024-04-26|1955000.0
2024-04-26 12:43:12.123456|JKTC|UPG|2024-04-26|1945000.0
2024-04-27 13:10:52.123456|JKTC|UPG|2024-04-27|1950000.0
2024-04-27 15:04:51.123456|JKTC|UPG|2024-04-27|1955000.0
2024-04-28 17:57:11.123456|JKTC|UPG|2024-04-28|1950000.0
2024-04-28 16:22:34.123456|JKTC|UPG|2024-04-28|1960000.0
2024-04-28 09:52:54.123456|JKTC|UPG|2024-04-28|1950000.0
2024-04-28 20:38:40.123456|JKTC|UPG|2024-04-28|1945000.0
2024-04-29 10:23:15.123456|JKTC|UPG|2024-04-29|1647800.0
2024-04-29 21:37:02.123456|JKTC|UPG|2024-04-29|1647800.0
2024-04-29 10:18:47.123456|JKTC|UPG|2024-04-29|1652800.0
2024-04-29 08:43:41.123456|JKTC|UPG|2024-04-29|1652800.0
2024-04-30 11:11:16.123456|JKTC|UPG|2024-04-30|1564000.0
2024-04-30 15:33:13.123456|JKTC|UPG|2024-04-30|1564000.0
2024-05-01 14:16:14.123456|JKTC|UPG|2024-05-01|1550700.0
2024-05-01 13:16:54.123456|JKTC|UPG|2024-05-01|1555700.0
2024-05-02 09:23:31.123456|JKTC|UPG|2024-05-02|1542900.0
2024-05-02 15:56:17.123456|JKTC|UPG|2024-05-02|1557900.0
2024-05-02 12:20:54.123456|JKTC|UPG|2024-05-02|1542900.0
2024-05-02 12:38:17.123456|JKTC|UPG|2024-05-02|1557900.0
2024-05-03 17:02:23.123456|JKTC|UPG|2024-05-03|1617900.0
2024-05-03 16:28:26.123456|JKTC|UPG|2024-05-03|1622900.0
2024-05-04 11:22:15.123456|JKTC|UPG|2024-05-04|1651300.0
2024-05-04 13:24:26.123456|JKTC|UPG|2024-05-04|1661300.0
2024-05-04 10:35:57.123456|JKTC|UPG|2024-05-04|1656300.0
2024-05-05 09:43:29.123456|JKTC|UPG|2024-05-05|1708400.0
2024-05-05 14:03:50.123456|JKTC|UPG|2024-05-05|1703400.0
2024-05-06 12:57:15.123456|JKTC|UPG|2024-05-06|1398100.0
2024-05-06 10:39:08.123456|JKTC|UPG|2024-05-06|1393100.0
2024-05-06 15:35:28.123456|JKTC|UPG|2024-05-06|1383100.0
2024-05-07 21:42:41.123456|JKTC|UPG|2024-05-07|1382200.0
2024-05-07 08:05:24.123456|JKTC|UPG|2024-05-07|1377200.0
2024-05-08 11:47:39.123456|JKTC|UPG|2024-05-08|1260700.0
2024-05-08 08:09:56.123456|JKTC|UPG|2024-05-08|1250700.0
2024-05-08 09:39:03.123456|JKTC|UPG|2024-05-08|1255700.0
2024-05-08 09:50:06.123456|JKTC|UPG|2024-05-08|1255700.0
2024-05-09 12:47:27.123456|JKTC|UPG|2024-05-09|1271800.0
2024-05-09 17:31:50.123456|JKTC|UPG|2024-05-09|1256800.0
2024-05-09 21:12:20.123456|JKTC|UPG|2024-05-09|1271800.0
2024-05-10 17:35:51.123456|JKTC|UPG|2024-05-10|1537300.0
2024-05-10 11:26:47.123456|JKTC|UPG|2024-05-10|1532300.0
2024-05-10 13:14:37.123456|JKTC|UPG|2024-05-10|1532300.0
2024-05-11 19:20:13.123456|JKTC|UPG|2024-05-11|1491700.0
2024-05-11 17:26:04.123456|JKTC|UPG|2024-05-11|1486700.0
2024-05-11 13:03:05.123456|JKTC|UPG|2024-05-11|1501700.0
2024-05-11 11:47:46.123456|JKTC|UPG|2024-05-11|1491700.0
2024-05-12 20:32:30.123456|JKTC|UPG|2024-05-12|1603900.0
2024-05-12 16:33:17.123456|JKTC|UPG|2024-05-12|1603900.0
2024-05-13 08:07:10.123456|JKTC|UPG|2024-05-13|1335300.0
2024-05-13 13:10:16.123456|JKTC|UPG|2024-05-13|1350300.0
2024-05-13 17:31:11.123456|JKTC|UPG|2024-05-13|1345300.0
2024-05-13 17:13:51.123456|JKTC|UPG|2024-05-13|1340300.0
2024-05-14 15:02:47.123456|JKTC|UPG|2024-05-14|1321400.0
2024-05-14 21:07:19.123456|JKTC|UPG|2024-05-14|1336400.0
2024-05-14 17:15:08.123456|JKTC|UPG|2024-05-14|1331400.0
2024-05-14 09:40:39.123456|JKTC|UPG|2024-05-14|1321400.0
2024-05-15 10:01:02.123456|JKTC|UPG|2024-05-15|1352500.0
2024-05-15 13:22:54.123456|JKTC|UPG|2024-05-15|1357500.0
2024-05-15 15:41:13.123456|JKTC|UPG|2024-05-15|1352500.0
2024-05-15 08:42:45.123456|JKTC|UPG|2024-05-15|1357500.0
2024-05-16 18:00:16.123456|JKTC|UPG|2024-05-16|1355300.0
2024-05-16 16:21:51.123456|JKTC|UPG|2024-05-16|1365300.0
2024-05-16 10:33:17.123456|JKTC|UPG|2024-05-16|1350300.0
2024-05-17 16:20:54.123456|JKTC|UPG|2024-05-17|1502100.0
2024-05-17 09:05:55.123456|JKTC|UPG|2024-05-17|1507100.0
2024-05-18 12:40:50.123456|JKTC|UPG|2024-05-18|1496800.0
2024-05-18 14:38:00.123456|JKTC|UPG|2024-05-18|1491800.0
2024-05-19 12:34:38.123456|JKTC|UPG|2024-05-19|1634100.0
2024-05-19 21:19:07.123456|JKTC|UPG|2024-05-19|1644100.0
2024-05-19 17:44:19.123456|JKTC|UPG|2024-05-19|1629100.0
2024-05-19 11:19:09.123456|JKTC|UPG|2024-05-19|1644100.0
2024-05-20 14:04:30.123456|JKTC|UPG|2024-05-20|1439200.0
2024-05-20 21:23:35.123456|JKTC|UPG|2024-05-20|1444200.0
2024-05-20 14:47:34.123456|JKTC|UPG|2024-05-20|1444200.0
2024-05-20 18:37:09.123456|JKTC|UPG|2024-05-20|1434200.0
2024-05-21 11:42:16.123456|JKTC|UPG|2024-05-21|1463400.0
2024-05-21 20:26:08.123456|JKTC|UPG|2024-05-21|1478400.0
2024-05-22 20:54:27.123456|JKTC|UPG|2024-05-22|1421500.0
2024-05-22 17:36:11.123456|JKTC|UPG|2024-05-22|1436500.0
2024-05-23 11:57:44.123456|JKTC|UPG|2024-05-23|1389100.0
2024-05-23 14:52:52.123456|JKTC|UPG|2024-05-23|1384100.0
2024-05-24 11:30:03.123456|JKTC|UPG|2024-05-24|1616800.0
2024-05-24 09:31:46.123456|JKTC|UPG|2024-05-24|1626800.0
2024-05-24 09:16:06.123456|JKTC|UPG|2024-05-24|1616800.0
2024-05-25 15:36:31.123456|JKTC|UPG|2024-05-25|1663800.0
2024-05-25 16:45:39.123456|JKTC|UPG|2024-05-25|1648800.0
2024-05-25 13:26:01.123456|JKTC|UPG|2024-05-25|1658800.0
2024-05-25 08:51:54.123456|JKTC|UPG|2024-05-25|1653800.0
2024-05-26 21:22:18.123456|JKTC|UPG|2024-05-26|1679300.0
2024-05-26 14:14:20.123456|JKTC|UPG|2024-05-26|1684300.0
2024-05-26 18:58:18.123456|JKTC|UPG|2024-05-26|1679300.0
2024-05-27 16:34:33.123456|JKTC|UPG|2024-05-27|1336900.0
2024-05-27 15:33:54.123456|JKTC|UPG|2024-05-27|1341900.0
2024-05-28 09:09:12.123456|JKTC|UPG|2024-05-28|1436500.0
2024-05-28 10:36:56.123456|JKTC|UPG|2024-05-28|1441500.0
2024-05-29 13:40:03.123456|JKTC|UPG|2024-05-29|1425800.0
2024-05-29 08:40:40.123456|JKTC|UPG|2024-05-29|1420800.0
2024-05-29 21:21:47.123456|JKTC|UPG|2024-05-29|1420800.0
2024-05-30 20:55:08.123456|JKTC|UPG|2024-05-30|1390700.0
2024-05-30 13:33:52.123456|JKTC|UPG|2024-05-30|1385700.0
2024-05-31 13:50:11.123456|JKTC|UPG|2024-05-31|1566200.0
2024-05-31 21:51:03.123456|JKTC|UPG|2024-05-31|1556200.0
2024-06-01 20:28:09.123456|JKTC|UPG|2024-06-01|1498500.0
2024-06-01 11:48:05.123456|JKTC|UPG|2024-06-01|1483500.0
2024-06-02 17:46:55.123456|JKTC|UPG|2024-06-02|1502300.0
2024-06-02 13:51:47.123456|JKTC|UPG|2024-06-02|1497300.0
2024-06-02 09:27:22.123456|JKTC|UPG|2024-06-02|1512300.0
2024-06-02 21:47:19.123456|JKTC|UPG|2024-06-02|1502300.0
2024-06-03 15:49:05.123456|JKTC|UPG|2024-06-03|1261500.0
2024-06-03 12:42:13.123456|JKTC|UPG|2024-06-03|1256500.0
2024-06-03 10:54:06.123456|JKTC|UPG|2024-06-03|1261500.0
2024-06-03 19:14:51.123456|JKTC|UPG|2024-06-03|1246500.0
2024-06-04 15:15:19.123456|JKTC|UPG|2024-06-04|1285100.0
2024-06-04 14:04:32.123456|JKTC|UPG|2024-06-04|1290100.0
2024-06-04 13:36:10.123456|JKTC|UPG|2024-06-04|1275100.0
2024-06-04 17:00:45.123456|JKTC|UPG|2024-06-04|1275100.0
2024-06-05 15:55:43.123456|JKTC|UPG|2024-06-05|1280600.0
2024-06-05 08:00:51.123456|JKTC|UPG|2024-06-05|1275600.0
2024-06-05 10:58:25.123456|JKTC|UPG|2024-06-05|1285600.0
2024-06-05 08:33:33.123456|JKTC|UPG|2024-06-05|1275600.0
2024-06-06 15:04:47.123456|JKTC|UPG|2024-06-06|1232400.0
2024-06-06 12:30:31.123456|JKTC|UPG|2024-06-06|1222400.0
2024-06-06 15:37:21.123456|JKTC|UPG|2024-06-06|1227400.0
2024-06-07 09:45:17.123456|JKTC|UPG|2024-06-07|1394100.0
2024-06-07 10:34:11.123456|JKTC|UPG|2024-06-07|1394100.0
2024-06-08 12:17:13.123456|JKTC|UPG|2024-06-08|1386100.0
2024-06-08 14:57:29.123456|JKTC|UPG|2024-06-08|1381100.0
2024-06-08 16:06:57.123456|JKTC|UPG|2024-06-08|1386100.0
2024-06-09 13:57:38.123456|JKTC|UPG|2024-06-09|1485900.0
2024-06-09 15:29:49.123456|JKTC|UPG|2024-06-09|1485900.0
2024-06-09 18:22:07.123456|JKTC|UPG|2024-06-09|1470900.0
2024-06-09 08:14:21.123456|JKTC|UPG|2024-06-09|1470900.0
2024-06-10 21:31:51.123456|JKTC|UPG|2024-06-10|1305400.0
2024-06-10 16:07:08.123456|JKTC|UPG|2024-06-10|1300400.0
2024-06-10 10:00:29.123456|JKTC|UPG|2024-06-10|1310400.0
2024-06-10 08:16:46.123456|JKTC|UPG|2024-06-10|1305400.0
2024-06-11 14:24:00.123456|JKTC|UPG|2024-06-11|1237500.0
2024-06-11 18:19:31.123456|JKTC|UPG|2024-06-11|1242500.0
2024-06-11 08:53:49.123456|JKTC|UPG|2024-06-11|1232500.0
2024-06-11 15:40:36.123456|JKTC|UPG|2024-06-11|1237500.0
2024-06-12 09:13:21.123456|JKTC|UPG|2024-06-12|1253800.0
2024-06-12 21:30:35.123456|JKTC|UPG|2024-06-12|1258800.0
2024-06-12 19:44:46.123456|JKTC|UPG|2024-06-12|1253800.0
2024-06-12 16:15:23.123456|JKTC|UPG|2024-06-12|1253800.0
2024-06-13 09:53:00.123456|JKTC|UPG|2024-06-13|1257100.0
2024-06-13 17:08:45.123456|JKTC|UPG|2024-06-13|1262100.0
2024-06-14 14:58:03.123456|JKTC|UPG|2024-06-14|1431300.0
2024-06-14 21:45:33.123456|JKTC|UPG|2024-06-14|1441300.0
2024-06-14 13:00:46.123456|JKTC|UPG|2024-06-14|1441300.0
2024-06-15 11:49:07.123456|JKTC|UPG|2024-06-15|1500500.0
2024-06-15 21:06:31.123456|JKTC|UPG|2024-06-15|1500500.0
2024-06-15 09:45:23.123456|JKTC|UPG|2024-06-15|1495500.0
2024-06-15 08:36:31.123456|JKTC|UPG|2024-06-15|1510500.0
2024-06-16 12:26:13.123456|JKTC|UPG|2024-06-16|1522700.0
2024-06-16 21:06:25.123456|JKTC|UPG|2024-06-16|1522700.0
2024-06-16 15:17:37.123456|JKTC|UPG|2024-06-16|1527700.0
2024-06-16 19:08:28.123456|JKTC|UPG|2024-06-16|1527700.0
2024-06-17 14:56:05.123456|JKTC|UPG|2024-06-17|1199500.0
2024-06-17 20:17:04.123456|JKTC|UPG|2024-06-17|1199500.0
2024-06-17 14:27:32.123456|JKTC|UPG|2024-06-17|1209500.0
2024-06-18 19:19:53.123456|JKTC|UPG|2024-06-18|1250300.0
2024-06-18 21:14:05.123456|JKTC|UPG|2024-06-18|1265300.0
2024-06-19 20:13:19.123456|JKTC|UPG|2024-06-19|1361400.0
2024-06-19 12:55:37.123456|JKTC|UPG|2024-06-19|1361400.0
2024-06-20 20:22:53.123456|JKTC|UPG|2024-06-20|1324800.0
2024-06-20 19:03:12.123456|JKTC|UPG|2024-06-20|1324800.0
2024-06-20 16:09:37.123456|JKTC|UPG|2024-06-20|1329800.0
2024-06-21 19:51:29.123456|JKTC|UPG|2024-06-21|1564200.0
2024-06-21 11:29:48.123456|JKTC|UPG|2024-06-21|1569200.0
2024-06-22 08:39:29.123456|JKTC|UPG|2024-06-22|1496900.0
2024-06-22 16:03:31.123456|JKTC|UPG|2024-06-22|1486900.0
2024-06-22 08:36:51.123456|JKTC|UPG|2024-06-22|1486900.0
2024-06-22 16:53:32.123456|JKTC|UPG|2024-06-22|1491900.0
2024-06-23 10:08:33.123456|JKTC|UPG|2024-06-23|1465700.0
2024-06-23 14:33:54.123456|JKTC|UPG|2024-06-23|1460700.0
2024-06-24 20:37:19.123456|JKTC|UPG|2024-06-24|1305500.0
2024-06-24 21:09:00.123456|JKTC|UPG|2024-06-24|1320500.0
2024-06-25 16:44:19.123456|JKTC|UPG|2024-06-25|1348900.0
2024-06-25 13:17:54.123456|JKTC|UPG|2024-06-25|1343900.0
2024-06-26 20:36:20.123456|JKTC|UPG|2024-06-26|1305100.0
2024-06-26 21:21:33.123456|JKTC|UPG|2024-06-26|1310100.0
2024-06-26 08:09:08.123456|JKTC|UPG|2024-06-26|1295100.0
2024-06-26 21:27:21.123456|JKTC|UPG|2024-06-26|1295100.0
